{
  "avg_inflation": 0.07973847728459373,
  "avg_unemployment": 0.01740506329113924,
  "banks_failed_total": 0,
  "compound_shocks": "",
  "events_recent": [
    "t=0001: Truth-currency transition: TCR accounting, verification, and correctness trading intensify.",
    "t=0004: Firm 9 (Construction/North) bankrupt: cash/leverage stress.",
    "t=0005: Firm 12 (GovernmentSupply/South) bankrupt: cash/leverage stress.",
    "t=0007: Firm 23 (DigitalPlatform/North) bankrupt: cash/leverage stress."
  ],
  "final_bank_capital_ratio": 0.07957001886092711,
  "final_emissions": 11.328872218131556,
  "final_energy_price": 1.4816689326872838,
  "final_financial_stress": 0.16867802154809655,
  "final_gdp": 168.7324657781874,
  "final_gov_debt_to_annual_gdp": 0.0,
  "final_housing_affordability": 0.6606192525702594,
  "final_income_gini": 0.4104178753534329,
  "final_inflation": 0.07314258859134644,
  "final_npl_ratio": 0.019042522197004884,
  "final_platform_concentration": 0.5020582630606059,
  "final_renewable_share": 0.21955661904193025,
  "final_truth_avg_bank_score": 0.6739955000000001,
  "final_truth_avg_firm_score": 0.40375141142857146,
  "final_truth_avg_household_score": 0.6947202428571428,
  "final_truth_avg_predicate_arity": 17.142857142857142,
  "final_truth_avg_verification_depth": 2.955357142857143,
  "final_truth_debt_total": 0.0,
  "final_truth_max_resource_overshoot": 3.3958322209666316,
  "final_truth_net_supply": 1423.605469436096,
  "final_truth_planetary_score": -0.1823431,
  "final_truth_price_ecu": 4.848789944344078,
  "final_truth_resource_throttle": 0.08,
  "final_truth_supply": 1423.605469436096,
  "final_unemployment": 0.0379746835443038,
  "final_wealth_gini": 0.6920320599507697,
  "final_welfare_index": 0.7947332355831359,
  "firms_final_alive": 25,
  "firms_initial": 24,
  "gdp_change": -0.44239414027924845,
  "population": 80,
  "scenario": "truth_currency_transition",
  "seed": 42,
  "steps": 8,
  "truth_currency": "TCR",
  "truth_falsification_count": 9,
  "truth_meta_verification_count": 35,
  "truth_recent_predicates": [
    {
      "amount_ecu": 7.114063492819608,
      "arity": 16,
      "dimensions": [
        "South",
        "income",
        "education",
        "health",
        "debt"
      ],
      "name": "household_life_predicate",
      "subject_id": 72,
      "subject_kind": "household",
      "truth": 0.8975335714285714,
      "truth_rational": "1256547/1400000",
      "verification_depth": 2
    },
    {
      "amount_ecu": 6.8374583966332,
      "arity": 17,
      "dimensions": [
        "Capital",
        "income",
        "education",
        "health",
        "debt"
      ],
      "name": "household_life_predicate",
      "subject_id": 73,
      "subject_kind": "household",
      "truth": 0.6730167142857143,
      "truth_rational": "4711117/7000000",
      "verification_depth": 3
    },
    {
      "amount_ecu": 2.781538536616973,
      "arity": 15,
      "dimensions": [
        "Rural",
        "income",
        "education",
        "health",
        "debt"
      ],
      "name": "household_life_predicate",
      "subject_id": 74,
      "subject_kind": "household",
      "truth": 0.40195785714285714,
      "truth_rational": "562741/1400000",
      "verification_depth": 1
    },
    {
      "amount_ecu": 13.10156876816278,
      "arity": 18,
      "dimensions": [
        "Capital",
        "income",
        "education",
        "health",
        "debt"
      ],
      "name": "household_life_predicate",
      "subject_id": 75,
      "subject_kind": "household",
      "truth": 0.7856238571428571,
      "truth_rational": "5499367/7000000",
      "verification_depth": 4
    },
    {
      "amount_ecu": 3.044654164657715,
      "arity": 15,
      "dimensions": [
        "West",
        "income",
        "education",
        "health",
        "debt"
      ],
      "name": "household_life_predicate",
      "subject_id": 76,
      "subject_kind": "household",
      "truth": 0.6581075714285715,
      "truth_rational": "4606753/7000000",
      "verification_depth": 1
    },
    {
      "amount_ecu": 7.98519354817385,
      "arity": 16,
      "dimensions": [
        "Capital",
        "income",
        "education",
        "health",
        "debt"
      ],
      "name": "household_life_predicate",
      "subject_id": 77,
      "subject_kind": "household",
      "truth": 0.794592,
      "truth_rational": "24831/31250",
      "verification_depth": 2
    },
    {
      "amount_ecu": 1.9291122611753393,
      "arity": 19,
      "dimensions": [
        "West",
        "income",
        "education",
        "health",
        "debt"
      ],
      "name": "household_life_predicate",
      "subject_id": 78,
      "subject_kind": "household",
      "truth": 0.6102572857142857,
      "truth_rational": "4271801/7000000",
      "verification_depth": 5
    },
    {
      "amount_ecu": 6.540108609786959,
      "arity": 14,
      "dimensions": [
        "South",
        "income",
        "education",
        "health",
        "debt"
      ],
      "name": "household_life_predicate",
      "subject_id": 79,
      "subject_kind": "household",
      "truth": 0.56382,
      "truth_rational": "28191/50000",
      "verification_depth": 0
    },
    {
      "amount_ecu": 131.96915124396853,
      "arity": 13,
      "dimensions": [
        "Capital",
        "capital",
        "liquidity",
        "real_lending"
      ],
      "name": "bank_balance_sheet_predicate",
      "subject_id": 0,
      "subject_kind": "bank",
      "truth": 0.72116475,
      "truth_rational": "2884659/4000000",
      "verification_depth": 3
    },
    {
      "amount_ecu": 167.98576711044208,
      "arity": 18,
      "dimensions": [
        "North",
        "capital",
        "liquidity",
        "real_lending"
      ],
      "name": "bank_balance_sheet_predicate",
      "subject_id": 1,
      "subject_kind": "bank",
      "truth": 0.706543,
      "truth_rational": "706543/1000000",
      "verification_depth": 8
    },
    {
      "amount_ecu": 263.7411760757776,
      "arity": 14,
      "dimensions": [
        "South",
        "capital",
        "liquidity",
        "real_lending"
      ],
      "name": "bank_balance_sheet_predicate",
      "subject_id": 2,
      "subject_kind": "bank",
      "truth": 0.59427875,
      "truth_rational": "475423/800000",
      "verification_depth": 4
    },
    {
      "amount_ecu": 95.75711445100875,
      "arity": 21,
      "dimensions": [
        "tax",
        "spending",
        "planet",
        "public_goods",
        "debt"
      ],
      "name": "state_planetary_balance_predicate",
      "subject_id": 0,
      "subject_kind": "government",
      "truth": 0.7402776666666666,
      "truth_rational": "2220833/3000000",
      "verification_depth": 8
    }
  ],
  "truth_top_correctness_models": [
    {
      "arity": 14,
      "market_share": 0.09262502216601882,
      "model_id": 15,
      "owner_id": 14,
      "owner_kind": "firm",
      "price_ecu": 1.352485872517278,
      "quality": 0.6291588180651544,
      "sector": "HousingServices",
      "truth_assets": 6.89,
      "verification_depth": 2
    },
    {
      "arity": 15,
      "market_share": 0.09262502216601882,
      "model_id": 22,
      "owner_id": 21,
      "owner_kind": "firm",
      "price_ecu": 1.427317648455647,
      "quality": 0.6262875824753593,
      "sector": "Retail",
      "truth_assets": 7.29079856,
      "verification_depth": 3
    },
    {
      "arity": 13,
      "market_share": 0.09262502216601882,
      "model_id": 18,
      "owner_id": 17,
      "owner_kind": "firm",
      "price_ecu": 1.092386354609506,
      "quality": 0.5291035303386145,
      "sector": "Transport",
      "truth_assets": 6.0,
      "verification_depth": 1
    },
    {
      "arity": 14,
      "market_share": 0.09262502216601882,
      "model_id": 4,
      "owner_id": 3,
      "owner_kind": "firm",
      "price_ecu": 1.1095267657867143,
      "quality": 0.49418153654817465,