step,domain,sector,need,available,gap,satisfaction,priority,labor share,contribution time,stock or capacity,boundary penalty,truth error,democratic quality,activated flows
0,water,primary reproduction,8100000000.000001,12281873432.085648,0.0,1.0,0.0,0.0,0.0,12281873432.085648,1.0,0.168193,0.637808,0
0,food,primary reproduction,8100000000.000001,9987020419.647867,0.0,1.0,0.0,0.0,0.0,9987020419.647867,1.0,0.168193,0.637808,0
0,energy,energy infrastructure,8100000000.000001,6782734445.499949,0.162625,0.837375,0.0,0.0,0.0,6782734445.499949,1.0,0.168193,0.637808,0
0,shelter,social infrastructure,8100000000.000001,7933435507.203414,0.020564,0.979436,0.0,0.0,0.0,7933435507.203414,1.0,0.168193,0.637808,0
0,health,care reproduction,1771465080.345553,2116335819.296141,0.0,1.0,0.0,0.0,0.0,2116335819.296141,1.0,0.168193,0.637808,0
0,care,care reproduction,1698426611.093613,1710184675.078843,0.0,1.0,0.0,0.0,0.0,1710184675.078843,1.0,0.168193,0.637808,0
0,education,knowledge reproduction,1690107171.486813,1927397311.009498,0.0,1.0,0.0,0.0,0.0,1927397311.009498,1.0,0.168193,0.637808,0
0,mobility,logistics circulation,1714161229.358245,1214490732.686349,0.291496,0.708504,0.0,0.0,0.0,1214490732.686349,1.0,0.168193,0.637808,0
0,manufacturing,material transformation,934509970.772884,1064245094.867095,0.0,1.0,0.0,0.0,0.0,1064245094.867095,1.0,0.168193,0.637808,0
0,storage,resilience capacity,519305543.280107,740022702.553218,0.0,1.0,0.0,0.0,0.0,740022702.553218,1.0,0.168193,0.637808,0
0,governance,institutional coordination,636487284.726943,532285013.877199,0.163715,0.836285,0.0,0.0,0.0,532285013.877199,1.0,0.168193,0.637808,0
0,knowledge,knowledge reproduction,614098290.821142,648236258.744422,0.0,1.0,0.0,0.0,0.0,648236258.744422,1.0,0.168193,0.637808,0
0,resilience,risk protection,761108655.008997,710250223.442171,0.066822,0.933178,0.0,0.0,0.0,710250223.442171,1.0,0.168193,0.637808,0
0,repair,circular industry,0.0,1102642727.608564,0.0,1.0,0.0,0.0,0.0,1102642727.608564,1.0,0.168193,0.637808,0
0,ecology,planetary regeneration,2918080234.376803,5028227358.08265,0.0,1.0,0.0,0.0,0.0,0.0,1.0,0.168193,0.637808,0
0,waste,material difference resolution,810000000.0,20510516.280639,0.974678,0.025322,0.0,0.0,0.0,1511975614.012343,1.0,0.168193,0.637808,0
1,water,primary reproduction,8101922881.322129,7345017086.049823,0.093423,0.906577,0.500121,0.061162,1888467305.659085,7345017086.049823,1.0,0.16366,0.637807,192
1,food,primary reproduction,8101922881.322129,5029645729.484264,0.379203,0.620797,0.50256,0.065351,2016950989.969887,5029645729.484264,1.0,0.16366,0.637807,200
1,energy,energy infrastructure,8101922881.322129,1758935116.88138,0.782899,0.217101,0.524491,0.064981,2004403936.468832,1758935116.88138,1.0,0.16366,0.637807,218
1,shelter,social infrastructure,8101922881.322129,10890680032.871338,0.0,1.0,0.47328,0.058183,1798332853.093123,10890680032.871338,1.0,0.16366,0.637807,192
1,health,care reproduction,1760908990.535967,4094463897.868134,0.0,1.0,0.479273,0.060007,1849059668.255113,4094463897.868134,1.0,0.16366,0.637807,192
1,care,care reproduction,1698829950.012706,3838523010.787681,0.0,1.0,0.480411,0.059358,1827008664.293017,3838523010.787681,1.0,0.16366,0.637807,192
1,education,knowledge reproduction,1685589123.979012,3509758628.545136,0.0,1.0,0.429232,0.052863,1626513788.571849,3509758628.545136,1.0,0.16366,0.637807,192
1,mobility,logistics circulation,1714568160.995739,2803377844.650136,0.0,1.0,0.501155,0.059839,1846799139.869599,2803377844.650136,1.0,0.16366,0.637807,192
1,manufacturing,material transformation,742775706.158049,2135226345.825503,0.0,1.0,0.467777,0.056758,1756099944.083398,2135226345.825503,1.0,0.16366,0.637807,96
1,storage,resilience capacity,821332467.973755,2576903884.504206,0.0,1.0,0.443333,0.052512,1621612793.630958,2576903884.504206,1.0,0.16366,0.637807,96
1,governance,institutional coordination,635014622.035067,2380091671.19492,0.0,1.0,0.521315,0.061548,1895720916.35841,2380091671.19492,1.0,0.16366,0.637807,192
1,knowledge,knowledge reproduction,612666983.118715,2845384466.379837,0.0,1.0,0.469496,0.055802,1718440785.94375,2845384466.379837,1.0,0.16366,0.637807,192
1,resilience,risk protection,773686642.536432,2713946752.858082,0.0,1.0,0.511202,0.060745,1866718141.526079,2713946752.858082,1.0,0.16366,0.637807,192
1,repair,circular industry,0.0,2087818294.412655,0.0,1.0,0.421508,0.052418,1618003143.991421,2087818294.412655,1.0,0.16366,0.637807,96
1,ecology,planetary regeneration,2875683893.205462,5117916455.537173,0.0,1.0,0.668531,0.081875,2526505484.900479,0.0,1.0,0.16366,0.637807,96
1,waste,material difference resolution,810192288.132214,637805157.523461,0.212773,0.787227,0.818159,0.096599,2981690631.618498,172387130.608752,1.0,0.16366,0.637807,96
2,water,primary reproduction,8103758677.958549,2820725864.552683,0.651924,0.348076,0.600984,0.074116,2305798892.834611,2820725864.552683,1.0,0.159047,0.637808,228
2,food,primary reproduction,8103758677.958549,988292800.936371,0.878045,0.121955,0.647925,0.083522,2593918430.019259,988292800.936371,1.0,0.159047,0.637808,248
2,energy,energy infrastructure,8103758677.958549,123857448.716013,0.984716,0.015284,0.756985,0.093425,2913383489.5265,123857448.716013,1.0,0.159047,0.637808,210
2,shelter,social infrastructure,8103758677.958549,13846446828.112127,0.0,1.0,0.454251,0.057586,1801198839.256444,13846446828.112127,1.0,0.159047,0.637808,192
2,health,care reproduction,1752302030.719289,6156726105.533739,0.0,1.0,0.466208,0.060153,1880664785.644957,6156726105.533739,1.0,0.159047,0.637808,192
2,care,care reproduction,1699214684.41853,5887421763.020243,0.0,1.0,0.445648,0.057,1782048635.136688,5887421763.020243,1.0,0.159047,0.637808,192
2,education,knowledge reproduction,1681050271.821828,5088962827.712346,0.0,1.0,0.407245,0.051809,1620213018.618513,5088962827.712346,1.0,0.159047,0.637808,192
2,mobility,logistics circulation,1714956810.238485,3833990558.660358,0.0,1.0,0.379927,0.047477,1484526490.833328,3833990558.660358,1.0,0.159047,0.637808,192
2,manufacturing,material transformation,739174772.250194,3190066207.865186,0.0,1.0,0.436227,0.054722,1711299711.142992,3190066207.865186,1.0,0.159047,0.637808,96
2,storage,resilience capacity,1070804277.945463,4431904451.238873,0.0,1.0,0.43107,0.052532,1642994249.20569,4431904451.238873,1.0,0.159047,0.637808,96
2,governance,institutional coordination,633579234.077407,4014868095.020033,0.0,1.0,0.447523,0.054815,1714627442.005315,4014868095.020033,1.0,0.159047,0.637808,192
2,knowledge,knowledge reproduction,611228123.380228,5010718614.627465,0.0,1.0,0.440113,0.053968,1688470135.281801,5010718614.627465,1.0,0.159047,0.637808,192
2,resilience,risk protection,945952546.655352,4412117576.626302,0.0,1.0,0.448843,0.055369,1731621038.156545,4412117576.626302,1.0,0.159047,0.637808,192
2,repair,circular industry,0.0,2181303524.756818,0.0,1.0,0.4234,0.054055,1689998352.90164,2181303524.756818,1.0,0.159047,0.637808,96
2,ecology,planetary regeneration,2831707333.5856,5210924927.593362,0.0,1.0,0.667494,0.083949,2623014235.661994,0.0,1.0,0.159047,0.637808,96
2,waste,material difference resolution,810375867.795855,636860598.442051,0.214117,0.785883,0.523421,0.065502,2047886768.936936,173515269.353804,1.0,0.159047,0.637808,96
3,water,primary reproduction,8105247664.275131,272686907.353219,0.966357,0.033643,0.748832,0.088077,2764704071.810184,272686907.353219,1.0,0.154364,0.637808,207
3,food,primary reproduction,8105247664.275131,87094728.845705,0.989255,0.010745,0.817095,0.099704,3139075234.383337,87094728.845705,1.0,0.154364,0.637808,201
3,energy,energy infrastructure,8105247664.275131,17112057.352121,0.997889,0.002111,0.82637,0.098093,3098482557.041361,17112057.352121,1.0,0.154364,0.637808,194
3,shelter,social infrastructure,8105247664.275131,16689020575.938288,0.0,1.0,0.447101,0.054934,1737304086.873431,16689020575.938288,1.0,0.154364,0.637808,192
3,health,care reproduction,1751109561.193359,8120994683.344103,0.0,1.0,0.459058,0.057419,1815103381.189722,8120994683.344103,1.0,0.154364,0.637808,192
3,care,care reproduction,1699526168.469712,7821546402.918243,0.0,1.0,0.438497,0.054366,1718547340.582682,7821546402.918243,1.0,0.154364,0.637808,192
3,education,knowledge reproduction,1676436251.330582,6565078936.816356,0.0,1.0,0.400096,0.049341,1560129845.58212,6565078936.816356,1.0,0.154364,0.637808,192
3,mobility,logistics circulation,1715271523.823344,4773656641.328884,0.0,1.0,0.372331,0.045099,1426041696.608658,4773656641.328884,1.0,0.154364,0.637808,192
3,manufacturing,material transformation,737461630.42155,4204850006.0622,0.0,1.0,0.429196,0.052174,1649734569.43588,4204850006.0622,1.0,0.154364,0.637808,96
3,storage,resilience capacity,1157942706.70215,6215304708.224609,0.0,1.0,0.42392,0.050042,1582492728.283152,6215304708.224609,1.0,0.154364,0.637808,96
3,governance,institutional coordination,632305248.691684,5571686254.822696,0.0,1.0,0.440373,0.052249,1652519418.663988,5571686254.822696,1.0,0.154364,0.637808,192
3,knowledge,knowledge reproduction,609762074.739083,7085536965.769909,0.0,1.0,0.432963,0.051431,1626958627.048211,7085536965.769909,1.0,0.154364,0.637808,192
3,resilience,risk protection,1117709406.303076,5896991306.846493,0.0,1.0,0.441693,0.052784,1669105661.722323,5896991306.846493,1.0,0.154364,0.637808,192
3,repair,circular industry,0.0,2261078298.858269,0.0,1.0,0.416251,0.051514,1628413526.323693,2261078298.858269,1.0,0.154364,0.637808,96
3,ecology,planetary regeneration,2789209168.966452,5300438627.331067,0.0,1.0,0.657307,0.080119,2530833229.678804,0.0,1.0,0.154364,0.637808,96
3,waste,material difference resolution,810524766.427513,624043179.72194,0.230075,0.769925,0.516833,0.062653,1980325610.888754,186481586.705574,1.0,0.154364,0.637808,96
4,water,primary reproduction,8106558644.199417,14212057.61357,0.998247,0.001753,0.861246,0.098983,3140254185.088437,14212057.61357,1.0,0.149618,0.637808,194
4,food,primary reproduction,8106558644.199417,9340723.922191,0.998848,0.001152,0.858348,0.102497,3252849300.801689,9340723.922191,1.0,0.149618,0.637808,193
4,energy,energy infrastructure,8106558644.199417,16603061.036782,0.997952,0.002048,0.830772,0.09684,3075615900.276531,16603061.036782,1.0,0.149618,0.637808,194
4,shelter,social infrastructure,8106558644.199417,19487785921.456886,0.0,1.0,0.446982,0.053944,1714070285.000961,19487785921.456886,1.0,0.149618,0.637808,192
4,health,care reproduction,1753655798.907844,10042317417.452738,0.0,1.0,0.458939,0.056387,1790883022.583597,10042317417.452738,1.0,0.149618,0.637808,192
4,care,care reproduction,1699800481.517302,9715009947.833696,0.0,1.0,0.438377,0.05339,1695648370.07126,9715009947.833696,1.0,0.149618,0.637808,192
4,education,knowledge reproduction,1671784132.753695,8007120613.800778,0.0,1.0,0.399977,0.048449,1539144857.001213,8007120613.800778,1.0,0.149618,0.637808,192
4,mobility,logistics circulation,1715548947.550906,5683329587.565923,0.0,1.0,0.372211,0.044285,1406899594.115669,5683329587.565923,1.0,0.149618,0.637808,192
4,manufacturing,material transformation,736501111.498073,5204422189.36109,0.0,1.0,0.429135,0.05124,1627880460.971679,5204422189.36109,1.0,0.149618,0.637808,96
4,storage,resilience capacity,1166362857.501832,7971646708.759022,0.0,1.0,0.423801,0.049139,1561276571.270113,7971646708.759022,1.0,0.149618,0.637808,96
4,governance,institutional coordination,631103335.397815,7100732858.973064,0.0,1.0,0.440254,0.051309,1630459680.466855,7100732858.973064,1.0,0.149618,0.637808,192
4,knowledge,knowledge reproduction,608282249.846894,9131704582.629812,0.0,1.0,0.432844,0.050503,1605172001.784392,9131704582.629812,1.0,0.149618,0.637808,192
4,resilience,risk protection,1135301404.301264,7336959503.630015,0.0,1.0,0.441573,0.051836,1646866184.073002,7336959503.630015,1.0,0.149618,0.637808,192
4,repair,circular industry,0.0,2349112827.713893,0.0,1.0,0.416131,0.050588,1606658432.185785,2349112827.713893,1.0,0.149618,0.637808,96
4,ecology,planetary regeneration,2747632763.004695,5387815801.633074,0.0,1.0,0.654263,0.078391,2487532729.092954,0.0,1.0,0.149618,0.637808,96
4,waste,material difference resolution,810655864.419942,614116117.564083,0.242445,0.757555,0.523048,0.062219,1975080551.356378,196539746.855859,1.0,0.149618,0.637808,96
5,water,primary reproduction,8107846154.060665,0.0,1.0,0.0,0.872282,0.09995,3182534161.049748,0.0,1.0,0.144808,0.637808,192
5,food,primary reproduction,8107846154.060665,2032728.319168,0.999749,0.000251,0.862225,0.102656,3268152552.353489,2032728.319168,1.0,0.144808,0.637808,193
5,energy,energy infrastructure,8107846154.060665,17041689.668496,0.997898,0.002102,0.831202,0.096635,3076973431.270627,17041689.668496,1.0,0.144808,0.637808,194
5,shelter,social infrastructure,8107846154.060665,22284629359.321815,0.0,1.0,0.447458,0.053855,1715645012.733215,22284629359.321815,1.0,0.144808,0.637808,192
5,health,care reproduction,1756418251.065875,11959441742.617804,0.0,1.0,0.459414,0.056292,1792461645.986797,11959441742.617804,1.0,0.144808,0.637808,192
5,care,care reproduction,1700069859.677024,11612228925.913076,0.0,1.0,0.438852,0.053303,1697224985.127383,11612228925.913076,1.0,0.144808,0.637808,192
5,education,knowledge reproduction,1667125595.804943,9453845553.337917,0.0,1.0,0.400452,0.048374,1540730427.234262,9453845553.337917,1.0,0.144808,0.637808,192
5,mobility,logistics circulation,1715821372.279411,6594943707.255049,0.0,1.0,0.372687,0.044221,1408510053.952593,6594943707.255049,1.0,0.144808,0.637808,192
5,manufacturing,material transformation,735591742.768158,6203575325.952211,0.0,1.0,0.429644,0.051163,1629589257.038664,6203575325.952211,1.0,0.144808,0.637808,96
5,storage,resilience capacity,1167063582.633927,9727094606.805128,0.0,1.0,0.424277,0.049063,1562867102.903184,9727094606.805128,1.0,0.144808,0.637808,96
5,governance,institutional coordination,629894498.591791,8630753406.104763,0.0,1.0,0.440729,0.051227,1632054061.573519,8630753406.104763,1.0,0.144808,0.637808,192
5,knowledge,knowledge reproduction,606800160.477706,11186384129.653666,0.0,1.0,0.43332,0.050424,1606778438.429996,11186384129.653666,1.0,0.144808,0.637808,192
5,resilience,risk protection,1131031256.461042,8780604271.892832,0.0,1.0,0.442049,0.051752,1648451603.376271,8780604271.892832,1.0,0.144808,0.637808,192
5,repair,circular industry,0.0,2444432190.890418,0.0,1.0,0.416607,0.050508,1608242220.372649,2444432190.890418,1.0,0.144808,0.637808,96
5,ecology,planetary regeneration,2706226922.140937,5474807050.4823,0.0,1.0,0.651881,0.077933,2478875353.021008,0.0,1.0,0.144808,0.637808,96
5,waste,material difference resolution,810784615.406067,613450162.058933,0.243387,0.756613,0.52845,0.062644,1994103238.882107,197334453.347133,1.0,0.144808,0.637808,96
6,water,primary reproduction,8109124040.97544,0.0,1.0,0.0,0.873356,0.100002,3192754077.758368,0.0,1.0,0.139934,0.637808,192
6,food,primary reproduction,8109124040.97544,0.0,1.0,0.0,0.862983,0.10267,3277191711.099469,0.0,1.0,0.139934,0.637808,192
6,energy,energy infrastructure,8109124040.97544,18083641.734018,0.99777,0.00223,0.831598,0.096614,3084140756.823297,18083641.734018,1.0,0.139934,0.637808,195
6,shelter,social infrastructure,8109124040.97544,25085500701.56857,0.0,1.0,0.447939,0.053872,1720580789.635555,25085500701.56857,1.0,0.139934,0.637808,192
6,health,care reproduction,1759085297.623935,13878450027.671103,0.0,1.0,0.459896,0.056307,1797535413.520291,13878450027.671103,1.0,0.139934,0.637808,192
6,care,care reproduction,1700337184.024178,13519526495.150923,0.0,1.0,0.439333,0.053319,1702115744.543971,13519526495.150923,1.0,0.139934,0.637808,192
6,education,knowledge reproduction,1662463473.338114,10910600825.455296,0.0,1.0,0.400934,0.048395,1545336929.296024,10910600825.455296,1.0,0.139934,0.637808,192
6,mobility,logistics circulation,1716091731.880384,7512954930.393309,0.0,1.0,0.373169,0.044244,1412873401.451461,7512954930.393309,1.0,0.139934,0.637808,192
6,manufacturing,material transformation,735232559.265027,7204385389.139226,0.0,1.0,0.430158,0.051184,1634477067.572165,7204385389.139226,1.0,0.139934,0.637808,96
6,storage,resilience capacity,1167271817.324743,11485297479.805382,0.0,1.0,0.424759,0.049083,1567516024.248971,11485297479.805382,1.0,0.139934,0.637808,96
6,governance,institutional coordination,628671701.356933,10165807333.05604,0.0,1.0,0.441211,0.051245,1636840639.318108,10165807333.05604,1.0,0.139934,0.637808,192
6,knowledge,knowledge reproduction,605316831.447319,13254781449.061438,0.0,1.0,0.433802,0.050443,1611525045.633121,13254781449.061438,1.0,0.139934,0.637808,192
6,resilience,risk protection,1125391334.48085,10233624437.076546,0.0,1.0,0.44253,0.05177,1653262386.559865,10233624437.076546,1.0,0.139934,0.637808,192
6,repair,circular industry,0.0,2541100773.153666,0.0,1.0,0.417089,0.050527,1612967124.151219,2541100773.153666,1.0,0.139934,0.637808,96
6,ecology,planetary regeneration,2665599518.911464,5559754917.996855,0.0,1.0,0.649517,0.077626,2474984556.49551,0.0,1.0,0.139934,0.637808,96
6,waste,material difference resolution,810912404.097544,613638851.071238,0.243274,0.756726,0.52934,0.062699,2001076743.070772,197273553.026306,1.0,0.139934,0.637808,96
7,water,primary reproduction,8110393692.856193,0.0,1.0,0.0,0.873765,0.099996,3201028506.330392,0.0,1.0,0.134995,0.637808,192
7,food,primary reproduction,8110393692.856193,0.0,1.0,0.0,0.863477,0.102672,3285995023.668473,0.0,1.0,0.134995,0.637808,192
7,energy,energy infrastructure,8110393692.856193,18915622.71149,0.997668,0.002332,0.831967,0.096605,3092002489.725246,18915622.71149,1.0,0.134995,0.637808,195
7,shelter,social infrastructure,8110393692.856193,27891257113.49026,0.0,1.0,0.448416,0.053896,1725957655.64953,27891257113.49026,1.0,0.134995,0.637808,192
7,health,care reproduction,1761631045.533188,15800491425.214285,0.0,1.0,0.460372,0.05633,1803068088.809208,15800491425.214285,1.0,0.134995,0.637808,192
7,care,care reproduction,1700602729.310097,15437859560.953056,0.0,1.0,0.43981,0.053344,1707443435.215146,15437859560.953056,1.0,0.134995,0.637808,192
7,education,knowledge reproduction,1657798037.694005,12378154254.536066,0.0,1.0,0.401411,0.048422,1550340017.172566,12378154254.536066,1.0,0.134995,0.637808,192
7,mobility,logistics circulation,1716360335.716964,8437990116.415741,0.0,1.0,0.373645,0.044273,1417597487.650178,8437990116.415741,1.0,0.134995,0.637808,192
7,manufacturing,material transformation,735578506.97282,8207109132.077928,0.0,1.0,0.430649,0.051211,1639716749.768759,8207109132.077928,1.0,0.134995,0.637808,96
7,storage,resilience capacity,1167434309.882788,13246762739.113472,0.0,1.0,0.425235,0.049109,1572564465.728574,13246762739.113472,1.0,0.134995,0.637808,96
7,governance,institutional coordination,627434282.544026,11706499708.226624,0.0,1.0,0.441688,0.05127,1642047530.681594,11706499708.226624,1.0,0.134995,0.637808,192
7,knowledge,knowledge reproduction,603832363.16542,15337685307.116339,0.0,1.0,0.434278,0.050469,1616684416.730581,15337685307.116339,1.0,0.134995,0.637808,192
7,resilience,risk protection,1119774466.238063,11696683106.152866,0.0,1.0,0.443007,0.051795,1658498579.433784,11696683106.152866,1.0,0.134995,0.637808,192
7,repair,circular industry,0.0,2638562059.702322,0.0,1.0,0.417566,0.050553,1618104841.540502,2638562059.702322,1.0,0.134995,0.637808,96
7,ecology,planetary regeneration,2625594799.105127,5643065591.631884,0.0,1.0,0.647203,0.077337,2471884556.82207,0.0,1.0,0.134995,0.637808,96
7,waste,material difference resolution,811039369.285619,613896377.696423,0.243075,0.756925,0.529809,0.062718,2007006959.962165,197142991.589196,1.0,0.134995,0.637808,96
8,water,primary reproduction,8111655262.868081,0.0,1.0,0.0,0.874166,0.099991,3209707536.264328,0.0,1.0,0.130004,0.637808,192
8,food,primary reproduction,8111655262.868081,0.0,1.0,0.0,0.863878,0.102665,3294859367.308283,0.0,1.0,0.130004,0.637808,192
8,energy,energy infrastructure,8111655262.868081,19882739.139743,0.997549,0.002451,0.832333,0.096598,3100280193.645496,19882739.139743,1.0,0.130004,0.637808,195
8,shelter,social infrastructure,8111655262.868081,30702319010.18279,0.0,1.0,0.448885,0.05392,1731544710.942908,30702319010.18279,1.0,0.130004,0.637808,192
8,health,care reproduction,1764058246.691733,17726352341.254772,0.0,1.0,0.46084,0.056353,1808821356.78754,17726352341.254772,1.0,0.130004,0.637808,192
8,care,care reproduction,1700866528.506951,17367732024.421505,0.0,1.0,0.440278,0.053369,1712978626.154046,17367732024.421505,1.0,0.130004,0.637808,192
8,education,knowledge reproduction,1653129337.618468,13856868627.518606,0.0,1.0,0.401881,0.048449,1555529827.095586,13856868627.518606,1.0,0.130004,0.637808,192
8,mobility,logistics circulation,1716627212.382571,9370353493.62147,0.0,1.0,0.374114,0.044303,1422490290.413949,9370353493.62147,1.0,0.130004,0.637808,192
8,manufacturing,material transformation,736207145.187352,9211848170.889612,0.0,1.0,0.43111,0.051237,1645072279.611742,9211848170.889612,1.0,0.130004,0.637808,96
8,storage,resilience capacity,1167592335.340699,15011752910.752401,0.0,1.0,0.425704,0.049136,1577802462.773189,15011752910.752401,1.0,0.130004,0.637808,96
8,governance,institutional coordination,626182959.749035,13253129522.778906,0.0,1.0,0.442157,0.051296,1647453005.148976,13253129522.778906,1.0,0.130004,0.637808,192
8,knowledge,knowledge reproduction,602346772.173769,17435514333.72703,0.0,1.0,0.434748,0.050495,1622039797.302089,17435514333.72703,1.0,0.130004,0.637808,192
8,resilience,risk protection,1114162496.766301,13170093244.434978,0.0,1.0,0.443476,0.051821,1663935345.122248,13170093244.434978,1.0,0.130004,0.637808,192
8,repair,circular industry,0.0,2736749286.878117,0.0,1.0,0.418035,0.050579,1623437524.185587,2736749286.878117,1.0,0.130004,0.637808,96
8,ecology,planetary regeneration,2586016586.645037,5725254826.097642,0.0,1.0,0.644925,0.077054,2469205261.576844,0.0,1.0,0.130004,0.637808,96
8,waste,material difference resolution,811165526.286808,614131894.847264,0.242902,0.757098,0.530237,0.062734,2013043241.641251,197033631.439544,1.0,0.130004,0.637808,96
9,water,primary reproduction,8112909102.392316,0.0,1.0,0.0,0.874565,0.099985,3218724550.033747,0.0,1.0,0.124975,0.637808,192
9,food,primary reproduction,8112909102.392316,0.0,1.0,0.0,0.864277,0.102659,3304070305.133502,0.0,1.0,0.124975,0.637808,192
9,energy,energy infrastructure,8112909102.392316,21087527.991536,0.997401,0.002599,0.832692,0.09659,3108856382.053462,21087527.991536,1.0,0.124975,0.637808,195
9,shelter,social infrastructure,8112909102.392316,33519067591.614285,0.0,1.0,0.449354,0.053945,1737320175.141728,33519067591.614285,1.0,0.124975,0.637808,192
9,health,care reproduction,1766364722.731868,19656762675.386948,0.0,1.0,0.461308,0.056377,1814770455.594222,19656762675.386948,1.0,0.124975,0.637808,192
9,care,care reproduction,1701128653.485459,19309603257.379925,0.0,1.0,0.440746,0.053393,1718699948.469844,19309603257.379925,1.0,0.124975,0.637808,192
9,education,knowledge reproduction,1648457456.01294,15347078847.086864,0.0,1.0,0.40235,0.048476,1560889582.927072,15347078847.086864,1.0,0.124975,0.637808,192
9,mobility,logistics circulation,1716892436.598949,10310324886.856627,0.0,1.0,0.374583,0.044332,1427539510.601775,10310324886.856627,1.0,0.124975,0.637808,192
9,manufacturing,material transformation,736894506.506605,10218720229.78314,0.0,1.0,0.431561,0.05126,1650570638.518523,10218720229.78314,1.0,0.124975,0.637808,96
9,storage,resilience capacity,1167743437.838034,16780509997.61989,0.0,1.0,0.426171,0.049163,1583212828.693048,16780509997.61989,1.0,0.124975,0.637808,96
9,governance,institutional coordination,624918258.421648,14805973439.57571,0.0,1.0,0.442625,0.051322,1653038326.850776,14805973439.57571,1.0,0.124975,0.637808,192
9,knowledge,knowledge reproduction,600860088.236803,19548611712.91118,0.0,1.0,0.435216,0.050521,1627570586.72695,19548611712.91118,1.0,0.124975,0.637808,192
9,resilience,risk protection,1108554393.095267,14654139774.528866,0.0,1.0,0.443944,0.051847,1669553239.698401,14654139774.528866,1.0,0.124975,0.637808,192
9,repair,circular industry,0.0,2835679812.889971,0.0,1.0,0.418503,0.050605,1628946990.351365,2835679812.889971,1.0,0.124975,0.637808,96
9,ecology,planetary regeneration,2547749061.454361,5803960501.677922,0.0,1.0,0.642675,0.076774,2466823791.043292,0.0,1.0,0.124975,0.637808,96
9,waste,material difference resolution,811290910.239231,614369578.703382,0.242726,0.757274,0.530675,0.062751,2019338822.355539,196921331.535849,1.0,0.124975,0.637808,96
10,water,primary reproduction,8114155466.320153,0.0,1.0,0.0,0.874953,0.09998,3228094153.0881,0.0,1.0,0.119996,0.637808,192
10,food,primary reproduction,8114155466.320153,0.0,1.0,0.0,0.864666,0.102652,3313643265.573914,0.0,1.0,0.119996,0.637808,192
10,energy,energy infrastructure,8114155466.320153,22880429.709723,0.99718,0.00282,0.83303,0.09658,3117727600.463821,22880429.709723,1.0,0.119996,0.637808,195
10,shelter,social infrastructure,8114155466.320153,36341846759.5147,0.0,1.0,0.449807,0.053968,1743261282.914459,36341846759.5147,1.0,0.119996,0.637808,192
10,health,care reproduction,1768549932.570509,21592441669.44878,0.0,1.0,0.461765,0.056399,1820909596.210195,21592441669.44878,1.0,0.119996,0.637808,192
10,care,care reproduction,1701389154.828258,21263925450.851715,0.0,1.0,0.441203,0.053417,1724600989.017188,21263925450.851715,1.0,0.119996,0.637808,192
10,education,knowledge reproduction,1643782457.225296,16849102430.138388,0.0,1.0,0.402808,0.048503,1566410395.326047,16849102430.138388,1.0,0.119996,0.637808,192
10,mobility,logistics circulation,1717156063.252591,11258166534.229452,0.0,1.0,0.375041,0.04436,1432734634.071593,11258166534.229452,1.0,0.119996,0.637808,192
10,manufacturing,material transformation,737648578.290618,11227854204.879425,0.0,1.0,0.431999,0.051284,1656232860.568848,11227854204.879425,1.0,0.119996,0.637808,96
10,storage,resilience capacity,1167879087.757198,18553266145.48306,0.0,1.0,0.426629,0.049189,1588787108.583133,18553266145.48306,1.0,0.119996,0.637808,96
10,governance,institutional coordination,623645001.99499,16365292832.64682,0.0,1.0,0.443083,0.051347,1658795738.313488,16365292832.64682,1.0,0.119996,0.637808,192
10,knowledge,knowledge reproduction,599372334.35971,21677346833.736546,0.0,1.0,0.435673,0.050546,1633270466.404499,21677346833.736546,1.0,0.119996,0.637808,192
10,resilience,risk protection,1102980711.503947,16149078009.142612,0.0,1.0,0.444402,0.051871,1675344893.052644,16149078009.142612,1.0,0.119996,0.637808,192
10,repair,circular industry,0.0,2935362056.534565,0.0,1.0,0.41896,0.050631,1634620523.64634,2935362056.534565,1.0,0.119996,0.637808,96
10,ecology,planetary regeneration,2509598140.551671,5882356948.784749,0.0,1.0,0.640505,0.076504,2464944817.251396,0.0,1.0,0.119996,0.637808,96
10,waste,material difference resolution,811415546.632015,614617943.348315,0.242536,0.757464,0.5311,0.062767,2025838298.637688,196797603.2837,1.0,0.119996,0.637808,96
11,water,primary reproduction,8115395055.331524,0.0,1.0,0.0,0.875343,0.099975,3237830715.102857,0.0,1.0,0.115052,0.637808,192
11,food,primary reproduction,8115395055.331524,560718.037679,0.999931,6.9e-05,0.865056,0.102646,3323592416.408447,560718.037679,1.0,0.115052,0.637808,192
11,energy,energy infrastructure,8115395055.331524,24655548.594953,0.996962,0.003038,0.833346,0.096568,3126845543.377482,24655548.594953,1.0,0.115052,0.637808,195
11,shelter,social infrastructure,8115395055.331524,39171049166.139755,0.0,1.0,0.450258,0.053992,1749393935.190799,39171049166.139755,1.0,0.115052,0.637808,192
11,health,care reproduction,1770603992.461539,23534194713.342606,0.0,1.0,0.462224,0.056422,1827268758.45797,23534194713.342606,1.0,0.115052,0.637808,192
11,care,care reproduction,1701648173.614846,23231212710.56537,0.0,1.0,0.441663,0.053442,1730711540.13856,23231212710.56537,1.0,0.115052,0.637808,192
11,education,knowledge reproduction,1639104487.052231,18363317628.01489,0.0,1.0,0.403269,0.04853,1572123905.205779,18363317628.01489,1.0,0.115052,0.637808,192
11,mobility,logistics circulation,1717418244.144479,12214182151.716297,0.0,1.0,0.375501,0.044389,1438107378.872916,12214182151.716297,1.0,0.115052,0.637808,192
11,manufacturing,material transformation,738438875.95453,12239399610.212454,0.0,1.0,0.432439,0.051307,1662088498.340396,12239399610.212454,1.0,0.115052,0.637808,96
11,storage,resilience capacity,1168000490.338942,20330292507.420124,0.0,1.0,0.427089,0.049215,1594556577.067606,20330292507.420124,1.0,0.115052,0.637808,96
11,governance,institutional coordination,622362069.724397,17931390638.499146,0.0,1.0,0.443543,0.051373,1664755787.604089,17931390638.499146,1.0,0.115052,0.637808,192
11,knowledge,knowledge reproduction,597883563.694642,23822158196.545456,0.0,1.0,0.436133,0.050572,1639170637.252852,23822158196.545456,1.0,0.115052,0.637808,192
11,resilience,risk protection,1097378032.661682,17655253055.496056,0.0,1.0,0.444862,0.051897,1681340707.786693,17655253055.496056,1.0,0.115052,0.637808,192
11,repair,circular industry,0.0,3035808810.100841,0.0,1.0,0.41942,0.050656,1640492893.402601,3035808810.100841,1.0,0.115052,0.637808,96
11,ecology,planetary regeneration,2472870210.367887,5957093503.608332,0.0,1.0,0.638345,0.076235,2463302334.177939,0.0,1.0,0.115052,0.637808,96
11,waste,material difference resolution,811539505.533153,614895221.127487,0.24231,0.75769,0.531522,0.062783,2032551259.662925,196644284.405665,1.0,0.115052,0.637808,96
12,water,primary reproduction,8116628275.772202,0.0,1.0,0.0,0.875734,0.099969,3247933747.27442,0.0,1.0,0.110056,0.637808,192
12,food,primary reproduction,8116628275.772202,1858589.93673,0.999771,0.000229,0.865423,0.102636,3333815891.347247,1858589.93673,1.0,0.110056,0.637808,192
12,energy,energy infrastructure,8116628275.772202,26524740.561768,0.996732,0.003268,0.833662,0.096556,3136314550.939251,26524740.561768,1.0,0.110056,0.637808,195
12,shelter,social infrastructure,8116628275.772202,42007094748.229904,0.0,1.0,0.45071,0.054014,1755733108.028347,42007094748.229904,1.0,0.110056,0.637808,192
12,health,care reproduction,1772524120.570248,25482847392.130848,0.0,1.0,0.462684,0.056445,1833842554.651045,25482847392.130848,1.0,0.110056,0.637808,192
12,care,care reproduction,1701905793.328336,25211981506.632145,0.0,1.0,0.442124,0.053466,1737026608.016355,25211981506.632145,1.0,0.110056,0.637808,192
12,education,knowledge reproduction,1634423636.029623,19890092653.217155,0.0,1.0,0.403731,0.048556,1578023990.435671,19890092653.217155,1.0,0.110056,0.637808,192
12,mobility,logistics circulation,1717679065.555291,13178675397.007767,0.0,1.0,0.375962,0.044417,1443651890.245278,13178675397.007767,1.0,0.110056,0.637808,192
12,manufacturing,material transformation,739380756.506894,13253506845.042208,0.0,1.0,0.432878,0.051329,1668136548.110076,13253506845.042208,1.0,0.110056,0.637808,96
12,storage,resilience capacity,1168100656.965678,22111854805.114456,0.0,1.0,0.42755,0.049241,1600515257.976721,22111854805.114456,1.0,0.110056,0.637808,96
12,governance,institutional coordination,621064688.288375,19504568646.011726,0.0,1.0,0.444005,0.051398,1670913039.126343,19504568646.011726,1.0,0.110056,0.637808,192
12,knowledge,knowledge reproduction,596393808.870587,25983482319.7391,0.0,1.0,0.436594,0.050597,1645265238.864887,25983482319.7391,1.0,0.110056,0.637808,192
12,resilience,risk protection,1091879566.26966,19172912346.595524,0.0,1.0,0.445324,0.051921,1687535597.457512,19172912346.595524,1.0,0.110056,0.637808,192
12,repair,circular industry,0.0,3137014986.954809,0.0,1.0,0.41988,0.050682,1646559398.206896,3137014986.954809,1.0,0.110056,0.637808,96
12,ecology,planetary regeneration,2437370361.716673,6028976929.811481,0.0,1.0,0.636282,0.075976,2462276489.577276,0.0,1.0,0.110056,0.637808,96
12,waste,material difference resolution,811662827.57722,615177088.825775,0.242078,0.757922,0.53193,0.062797,2039436293.6293,196485738.751445,1.0,0.110056,0.637808,96
13,water,primary reproduction,8117855510.98569,0.0,1.0,0.0,0.876112,0.099963,3258451845.562532,0.0,1.0,0.105062,0.637808,192
13,food,primary reproduction,8117855510.98569,2605139.00412,0.999679,0.000321,0.865747,0.102623,3344330043.453786,2605139.00412,1.0,0.105062,0.637808,193
13,energy,energy infrastructure,8117855510.98569,28645850.010535,0.996471,0.003529,0.833963,0.096543,3146159396.75556,28645850.010535,1.0,0.105062,0.637808,195
13,shelter,social infrastructure,8117855510.98569,44850387966.87558,0.0,1.0,0.451147,0.054036,1762268326.817874,44850387966.87558,1.0,0.105062,0.637808,192
13,health,care reproduction,1774309181.169795,27439257952.69678,0.0,1.0,0.463134,0.056467,1840639757.333992,27439257952.69678,1.0,0.105062,0.637808,192
13,care,care reproduction,1702162091.966764,27206762993.124664,0.0,1.0,0.442573,0.053489,1743551210.690944,27206762993.124664,1.0,0.105062,0.637808,192
13,education,knowledge reproduction,1629769001.00558,21429801476.86166,0.0,1.0,0.404181,0.048582,1584112252.611916,21429801476.86166,1.0,0.105062,0.637808,192
13,mobility,logistics circulation,1717938609.384583,14151957522.037533,0.0,1.0,0.376412,0.044445,1449365727.460965,14151957522.037533,1.0,0.105062,0.637808,192
13,manufacturing,material transformation,740437408.287732,14269913720.060787,0.0,1.0,0.433301,0.051351,1674365747.943671,14269913720.060787,1.0,0.105062,0.637808,96
13,storage,resilience capacity,1168207280.517137,23898223054.315422,0.0,1.0,0.427999,0.049267,1606665042.389426,23898223054.315422,1.0,0.105062,0.637808,96
13,governance,institutional coordination,619756340.132589,21085137569.208763,0.0,1.0,0.444455,0.051422,1677271129.309131,21085137569.208763,1.0,0.105062,0.637808,192
13,knowledge,knowledge reproduction,594911900.102329,28161767529.403645,0.0,1.0,0.437044,0.050622,1651557691.964031,28161767529.403645,1.0,0.105062,0.637808,192
13,resilience,risk protection,1086449900.042805,20702335384.410137,0.0,1.0,0.445774,0.051946,1693933291.383196,20702335384.410137,1.0,0.105062,0.637808,192
13,repair,circular industry,0.0,3238994696.840283,0.0,1.0,0.420329,0.050706,1652822709.915022,3238994696.840283,1.0,0.105062,0.637808,96
13,ecology,planetary regeneration,2402823517.58987,6098299453.44618,0.0,1.0,0.634294,0.075726,2461824856.489363,0.0,1.0,0.105062,0.637808,96
13,waste,material difference resolution,811785551.098569,615463306.379538,0.24184,0.75816,0.532325,0.06281,2046560453.936053,196322244.719032,1.0,0.105062,0.637808,96
14,water,primary reproduction,8119076983.051297,0.0,1.0,0.0,0.87648,0.099957,3269375936.755562,0.0,1.0,0.100104,0.637808,192
14,food,primary reproduction,8119076983.051297,3137911.061943,0.999614,0.000386,0.866084,0.102613,3355358805.669859,3137911.061943,1.0,0.100104,0.637808,193
14,energy,energy infrastructure,8119076983.051297,31283873.108077,0.996147,0.003853,0.834243,0.096529,3156346878.884964,31283873.108077,1.0,0.100104,0.637808,198
14,shelter,social infrastructure,8119076983.051297,47701287638.300354,0.0,1.0,0.451567,0.054057,1768970812.821726,47701287638.300354,1.0,0.100104,0.637808,192
14,health,care reproduction,1775960600.786952,29404286455.052856,0.0,1.0,0.463573,0.056488,1847656909.189197,29404286455.052856,1.0,0.100104,0.637808,192
14,care,care reproduction,1702417115.63353,29216086949.236298,0.0,1.0,0.443013,0.053512,1750282232.503118,29216086949.236298,1.0,0.100104,0.637808,192
14,education,knowledge reproduction,1625126670.606395,22982797438.64754,0.0,1.0,0.404622,0.048607,1590386215.270511,22982797438.64754,1.0,0.100104,0.637808,192
14,mobility,logistics circulation,1718196923.530569,15134338145.24087,0.0,1.0,0.376852,0.044473,1455246874.961044,15134338145.24087,1.0,0.100104,0.637808,192
14,manufacturing,material transformation,741489003.002669,15288346929.07598,0.0,1.0,0.433711,0.051372,1680775237.295531,15288346929.07598,1.0,0.100104,0.637808,96
14,storage,resilience capacity,1168305664.168564,25689663983.92872,0.0,1.0,0.42844,0.049292,1613003478.243545,25689663983.92872,1.0,0.100104,0.637808,96
14,governance,institutional coordination,618441299.108858,22673402771.582077,0.0,1.0,0.444896,0.051446,1683827344.019835,22673402771.582077,1.0,0.100104,0.637808,192
14,knowledge,knowledge reproduction,593433619.873937,30357410035.986954,0.0,1.0,0.437484,0.050647,1658045317.528282,30357410035.986954,1.0,0.100104,0.637808,192
14,resilience,risk protection,1081413243.494179,22243568044.661533,0.0,1.0,0.446214,0.05197,1700530896.033735,22243568044.661533,1.0,0.100104,0.637808,192
14,repair,circular industry,0.0,3341766294.804777,0.0,1.0,0.420768,0.050731,1659278779.821486,3341766294.804777,1.0,0.100104,0.637808,96
14,ecology,planetary regeneration,2369649798.116404,6167038466.953675,0.0,1.0,0.632361,0.075484,2461872088.074467,0.0,1.0,0.100104,0.637808,96
14,waste,material difference resolution,811907698.30513,615757319.768742,0.241592,0.758408,0.532707,0.062823,2053915605.808673,196150378.536388,1.0,0.100104,0.637808,96
15,water,primary reproduction,8120293166.816874,0.0,1.0,0.0,0.876849,0.09995,3280655282.794419,0.0,1.0,0.095193,0.637808,192
15,food,primary reproduction,8120293166.816874,3636956.941315,0.999552,0.000448,0.866431,0.102602,3366789117.94246,3636956.941315,1.0,0.095193,0.637808,193
15,energy,energy infrastructure,8120293166.816874,34134558.614384,0.995796,0.004204,0.834501,0.096512,3166784809.238113,34134558.614384,1.0,0.095193,0.637808,198
15,shelter,social infrastructure,8120293166.816874,50556460781.629196,0.0,1.0,0.451987,0.054077,1775874211.889007,50556460781.629196,1.0,0.095193,0.637808,192
15,health,care reproduction,1777474016.982197,31378777153.18952,0.0,1.0,0.464013,0.05651,1854883270.844357,31378777153.18952,1.0,0.095193,0.637808,192
15,care,care reproduction,1702670963.6872,31240472262.984444,0.0,1.0,0.443454,0.053535,1757212453.491519,31240472262.984444,1.0,0.095193,0.637808,192
15,education,knowledge reproduction,1620485477.24322,24549433513.689407,0.0,1.0,0.405064,0.048632,1596842388.566794,24549433513.689407,1.0,0.095193,0.637808,192
15,mobility,logistics circulation,1718454104.647929,16126129105.001802,0.0,1.0,0.377293,0.044499,1461296417.630102,16126129105.001802,1.0,0.095193,0.637808,192
15,manufacturing,material transformation,742331059.600908,16309633178.184364,0.0,1.0,0.434121,0.051392,1687376545.237575,16309633178.184364,1.0,0.095193,0.637808,96
15,storage,resilience capacity,1168398912.308047,27486422046.080074,0.0,1.0,0.42888,0.049317,1619525306.188145,27486422046.080074,1.0,0.095193,0.637808,96
15,governance,institutional coordination,617119149.797133,24269655036.93997,0.0,1.0,0.445337,0.05147,1690576073.396056,24269655036.93997,1.0,0.095193,0.637808,192
15,knowledge,knowledge reproduction,591955586.664621,32570826501.295048,0.0,1.0,0.437924,0.050671,1664722651.996532,32570826501.295048,1.0,0.095193,0.637808,192
15,resilience,risk protection,1076684915.0537,23796705572.959633,0.0,1.0,0.446655,0.051993,1707322435.713252,23796705572.959633,1.0,0.095193,0.637808,192
15,repair,circular industry,0.0,3445819717.128731,0.0,1.0,0.421207,0.050754,1665924087.531586,3445819717.128731,1.0,0.095193,0.637808,96
15,ecology,planetary regeneration,2338919504.849987,6231760217.745158,0.0,1.0,0.630524,0.075251,2462511440.898988,0.0,1.0,0.095193,0.637808,96
15,waste,material difference resolution,812029316.681688,616069534.314344,0.241321,0.758679,0.533086,0.062834,2061480666.184508,195959782.367344,1.0,0.095193,0.637808,96
16,water,primary reproduction,8121504482.200202,0.0,1.0,0.0,0.877204,0.099942,3292308304.160334,0.0,1.0,0.090308,0.637809,192
16,food,primary reproduction,8121504482.200202,4146332.131353,0.999489,0.000511,0.866765,0.102591,3378607180.631207,4146332.131353,1.0,0.090308,0.637809,193
16,energy,energy infrastructure,8121504482.200202,36880130.232194,0.995459,0.004541,0.834738,0.096493,3177549227.070086,36880130.232194,1.0,0.090308,0.637809,198
16,shelter,social infrastructure,8121504482.200202,53419109652.24854,0.0,1.0,0.452404,0.054097,1783010261.728026,53419109652.24854,1.0,0.090308,0.637809,192
16,health,care reproduction,1778846025.397712,33363574981.760353,0.0,1.0,0.464441,0.05653,1862305237.287234,33363574981.760353,1.0,0.090308,0.637809,192
16,care,care reproduction,1702923724.571488,33280403505.0484,0.0,1.0,0.443882,0.053556,1764325720.65786,33280403505.0484,1.0,0.090308,0.637809,192
16,education,knowledge reproduction,1615841732.94821,26130039353.31837,0.0,1.0,0.405493,0.048656,1603461766.069012,26130039353.31837,1.0,0.090308,0.637809,192
16,mobility,logistics circulation,1718710245.781057,17127601132.02283,0.0,1.0,0.377722,0.044525,1467491999.70784,17127601132.02283,1.0,0.090308,0.637809,192
16,manufacturing,material transformation,743132808.944362,17333841271.197624,0.0,1.0,0.434526,0.051412,1694185494.191558,17333841271.197624,1.0,0.090308,0.637809,96
16,storage,resilience capacity,1168493776.356832,29288733736.67997,0.0,1.0,0.429308,0.04934,1626212282.93683,29288733736.67997,1.0,0.090308,0.637809,96
16,governance,institutional coordination,615787288.240339,25874170815.11525,0.0,1.0,0.445765,0.051492,1697499186.940136,25874170815.11525,1.0,0.090308,0.637809,192
16,knowledge,knowledge reproduction,590476687.348376,34802413921.1014,0.0,1.0,0.438353,0.050694,1671571098.427936,34802413921.1014,1.0,0.090308,0.637809,192
16,resilience,risk protection,1072232416.265585,25361851447.89474,0.0,1.0,0.447084,0.052015,1714290998.371448,25361851447.89474,1.0,0.090308,0.637809,192
16,repair,circular industry,0.0,3550806547.010253,0.0,1.0,0.421635,0.050777,1672741090.792285,3550806547.010253,1.0,0.090308,0.637809,96
16,ecology,planetary regeneration,2311228075.093058,6290594668.794686,0.0,1.0,0.628844,0.075036,2464013049.117153,0.0,1.0,0.090308,0.637809,96
16,waste,material difference resolution,812150448.22002,616403460.886604,0.241023,0.758977,0.533443,0.062844,2069226369.225769,195746987.333417,1.0,0.090308,0.637809,96
17,water,primary reproduction,8122710874.655743,4086193.258136,0.999497,0.000503,0.877548,0.099933,3304346224.058122,4086193.258136,1.0,0.085499,0.637809,193
17,food,primary reproduction,8122710874.655743,6080999.977893,0.999251,0.000749,0.867087,0.102578,3390816439.21345,6080999.977893,1.0,0.085499,0.637809,193
17,energy,energy infrastructure,8122710874.655743,39679683.244975,0.995115,0.004885,0.834967,0.096473,3188693238.109412,39679683.244975,1.0,0.085499,0.637809,198
17,shelter,social infrastructure,8122710874.655743,56290606351.56049,0.0,1.0,0.452813,0.054116,1790353871.153999,56290606351.56049,1.0,0.085499,0.637809,192
17,health,care reproduction,1780084560.619778,35359567754.42578,0.0,1.0,0.464858,0.056548,1869932466.750418,35359567754.42578,1.0,0.085499,0.637809,192
17,care,care reproduction,1703175398.922826,35336396642.84666,0.0,1.0,0.444299,0.053577,1771632236.622407,35336396642.84666,1.0,0.085499,0.637809,192
17,education,knowledge reproduction,1611195431.841454,27724943050.825935,0.0,1.0,0.405911,0.048679,1610252118.67289,27724943050.825935,1.0,0.085499,0.637809,192
17,mobility,logistics circulation,1718965324.978155,18139046416.881367,0.0,1.0,0.378139,0.044549,1473843080.176723,18139046416.881367,1.0,0.085499,0.637809,192
17,manufacturing,material transformation,743981163.122108,18360664311.4733,0.0,1.0,0.434921,0.051431,1701185079.20476,18360664311.4733,1.0,0.085499,0.637809,96
17,storage,resilience capacity,1168451886.747558,31096854751.123882,0.0,1.0,0.429725,0.049362,1633074582.352238,31096854751.123882,1.0,0.085499,0.637809,96
17,governance,institutional coordination,614455098.931805,27487246955.20883,0.0,1.0,0.446183,0.051513,1704607490.343415,27487246955.20883,1.0,0.085499,0.637809,192
17,knowledge,knowledge reproduction,588996919.126665,37052612180.721855,0.0,1.0,0.43877,0.050715,1678601402.103982,37052612180.721855,1.0,0.085499,0.637809,192
17,resilience,risk protection,1067327541.410936,26939653253.85867,0.0,1.0,0.447502,0.052036,1721447162.978182,26939653253.85867,1.0,0.085499,0.637809,192
17,repair,circular industry,0.0,3656603920.388536,0.0,1.0,0.422051,0.050798,1679739216.217746,3656603920.388536,1.0,0.085499,0.637809,96
17,ecology,planetary regeneration,2283839885.513275,6348587848.437123,0.0,1.0,0.627364,0.074841,2466533118.576711,0.0,1.0,0.085499,0.637809,96
17,waste,material difference resolution,812271087.465575,616709051.77875,0.24076,0.75924,0.533777,0.06285,2077150823.562032,195562035.686825,1.0,0.085499,0.637809,96
18,water,primary reproduction,8123912923.975677,5908067.805752,0.999273,0.000727,0.877721,0.099907,3316073563.458694,5908067.805752,1.0,0.080878,0.637809,193
18,food,primary reproduction,8123912923.975677,8621074.661808,0.998939,0.001061,0.86735,0.102561,3403221282.950516,8621074.661808,1.0,0.080878,0.637809,193
18,energy,energy infrastructure,8123912923.975677,42370974.341469,0.994784,0.005216,0.835194,0.096455,3200260332.659207,42370974.341469,1.0,0.080878,0.637809,199
18,shelter,social infrastructure,8123912923.975677,59171513181.62678,0.0,1.0,0.453222,0.054136,1797952609.856185,59171513181.62678,1.0,0.080878,0.637809,192
18,health,care reproduction,1781183649.060241,37367746351.114235,0.0,1.0,0.465274,0.056568,1877825545.912402,37367746351.114235,1.0,0.080878,0.637809,192
18,care,care reproduction,1703426106.538854,37409085582.20736,0.0,1.0,0.444716,0.053598,1779191384.132698,37409085582.20736,1.0,0.080878,0.637809,192
18,education,knowledge reproduction,1606546689.167145,29334611275.08116,0.0,1.0,0.406328,0.048702,1617273354.327166,29334611275.08116,1.0,0.080878,0.637809,192
18,mobility,logistics circulation,1719219465.334251,19160853942.41377,0.0,1.0,0.378556,0.044575,1480406559.34041,19160853942.41377,1.0,0.080878,0.637809,192
18,manufacturing,material transformation,744826537.26181,19390284490.73568,0.0,1.0,0.435314,0.05145,1708420624.038975,19390284490.73568,1.0,0.080878,0.637809,96
18,storage,resilience capacity,1168452569.308278,32911114852.988247,0.0,1.0,0.430142,0.049385,1640170290.514292,32911114852.988247,1.0,0.080878,0.637809,96
18,governance,institutional coordination,613122482.353448,29109247631.210724,0.0,1.0,0.446601,0.051536,1711959595.929623,29109247631.210724,1.0,0.080878,0.637809,192
18,knowledge,knowledge reproduction,587516324.163985,39321966227.781044,0.0,1.0,0.439187,0.050737,1685871754.049748,39321966227.781044,1.0,0.080878,0.637809,192
18,resilience,risk protection,1062598338.886335,28530393659.974396,0.0,1.0,0.447919,0.052058,1728849919.183638,28530393659.974396,1.0,0.080878,0.637809,192
18,repair,circular industry,0.0,3763242515.365742,0.0,1.0,0.422467,0.050821,1686976855.58327,3763242515.365742,1.0,0.080878,0.637809,96
18,ecology,planetary regeneration,2256994857.025837,6405161975.43057,0.0,1.0,0.625903,0.074651,2469430938.67272,0.0,1.0,0.080878,0.637809,96
18,waste,material difference resolution,812391292.397568,617017875.493395,0.240492,0.759508,0.534124,0.06286,2085432480.36027,195373416.904173,1.0,0.080878,0.637809,96
19,water,primary reproduction,8125110803.95145,6712506.912633,0.999174,0.000826,0.877981,0.099891,3328627027.215104,6712506.912633,1.0,0.076447,0.637809,193
19,food,primary reproduction,8125110803.95145,11419363.541495,0.998595,0.001405,0.867566,0.102539,3415860882.189315,11419363.541495,1.0,0.076447,0.637809,193
19,energy,energy infrastructure,8125110803.95145,44789779.348493,0.994487,0.005513,0.835418,0.096436,3212228336.996341,44789779.348493,1.0,0.076447,0.637809,201
19,shelter,social infrastructure,8125110803.95145,62062277690.84088,0.0,1.0,0.453624,0.054156,1805772368.298704,62062277690.84088,1.0,0.076447,0.637809,192
19,health,care reproduction,1782146479.141598,39389039692.96983,0.0,1.0,0.465684,0.056587,1885949656.911183,39389039692.96983,1.0,0.076447,0.637809,192
19,care,care reproduction,1703675884.752695,39499029725.26469,0.0,1.0,0.445126,0.053618,1786968735.597442,39499029725.26469,1.0,0.076447,0.637809,192
19,education,knowledge reproduction,1601898701.700506,30959438442.871258,0.0,1.0,0.406739,0.048725,1624492549.379064,30959438442.871258,1.0,0.076447,0.637809,192
19,mobility,logistics circulation,1719472707.53371,20193359458.01635,0.0,1.0,0.378967,0.044599,1487150830.445917,20193359458.01635,1.0,0.076447,0.637809,192
19,manufacturing,material transformation,745669672.808243,20422862324.366116,0.0,1.0,0.435701,0.051469,1715865927.802611,20422862324.366116,1.0,0.076447,0.637809,96
19,storage,resilience capacity,1168477870.996056,34731798904.94184,0.0,1.0,0.430552,0.049408,1647467048.316421,34731798904.94184,1.0,0.076447,0.637809,96
19,governance,institutional coordination,611790940.297403,30740491083.997818,0.0,1.0,0.447011,0.051557,1719521667.745458,30740491083.997818,1.0,0.076447,0.637809,192
19,knowledge,knowledge reproduction,586035873.354494,41610965949.36523,0.0,1.0,0.439597,0.050759,1693349193.862146,41610965949.36523,1.0,0.076447,0.637809,192
19,resilience,risk protection,1058277571.186005,30134127539.449184,0.0,1.0,0.44833,0.052079,1736464999.545674,30134127539.449184,1.0,0.076447,0.637809,192
19,repair,circular industry,0.0,3870735070.532015,0.0,1.0,0.422875,0.050842,1694419389.886983,3870735070.532015,1.0,0.076447,0.637809,96
19,ecology,planetary regeneration,2231254128.184524,6459418946.933453,0.0,1.0,0.62447,0.074464,2472692224.246135,0.0,1.0,0.076447,0.637809,96
19,waste,material difference resolution,812511080.395145,617307655.409728,0.240247,0.759753,0.534461,0.062869,2093951764.643904,195203424.985418,1.0,0.076447,0.637809,96
20,water,primary reproduction,8126304305.3149,9265126.624614,0.99886,0.00114,0.878271,0.099879,3341762319.475646,9265126.624614,1.0,0.07244,0.63781,193
20,food,primary reproduction,8126304305.3149,14360215.772747,0.998233,0.001767,0.867755,0.102515,3428816998.270118,14360215.772747,1.0,0.07244,0.63781,194
20,energy,energy infrastructure,8126304305.3149,49257639.724518,0.993938,0.006062,0.835641,0.096418,3224609198.25509,49257639.724518,1.0,0.07244,0.63781,201
20,shelter,social infrastructure,8126304305.3149,64963317855.17053,0.0,1.0,0.454014,0.054174,1813794316.189128,64963317855.17053,1.0,0.07244,0.63781,192
20,health,care reproduction,1782984633.883581,41424342886.06983,0.0,1.0,0.466082,0.056606,1894286102.479443,41424342886.06983,1.0,0.07244,0.63781,192
20,care,care reproduction,1703924691.053242,41606759976.61528,0.0,1.0,0.445524,0.053638,1794945802.502825,41606759976.61528,1.0,0.07244,0.63781,192
20,education,knowledge reproduction,1597261403.880807,32599783453.06324,0.0,1.0,0.407138,0.048747,1631890863.372675,32599783453.06324,1.0,0.07244,0.63781,192
20,mobility,logistics circulation,1719725006.309587,21236866108.591583,0.0,1.0,0.379366,0.044623,1494057276.458618,21236866108.591583,1.0,0.07244,0.63781,192
20,manufacturing,material transformation,746566998.017095,21458545761.8203,0.0,1.0,0.436076,0.051487,1723501926.900835,21458545761.8203,1.0,0.07244,0.63781,96
20,storage,resilience capacity,1168406235.957921,36559169050.39565,0.0,1.0,0.43095,0.049429,1654945841.582104,36559169050.39565,1.0,0.07244,0.63781,96
20,governance,institutional coordination,610481377.120298,32381272982.88816,0.0,1.0,0.447411,0.051578,1727275492.316737,32381272982.88816,1.0,0.07244,0.63781,192
20,knowledge,knowledge reproduction,584558578.549763,43920064284.50578,0.0,1.0,0.439996,0.05078,1701015017.005745,43920064284.50578,1.0,0.07244,0.63781,192
20,resilience,risk protection,1054284874.667044,31750943149.225945,0.0,1.0,0.448729,0.0521,1744273631.637094,31750943149.225945,1.0,0.07244,0.63781,192
20,repair,circular industry,0.0,3979108764.974488,0.0,1.0,0.423272,0.050863,1702047796.577038,3979108764.974488,1.0,0.07244,0.63781,96
20,ecology,planetary regeneration,2207405414.606608,6510267886.674372,0.0,1.0,0.623099,0.074285,2476456489.50196,0.0,1.0,0.07244,0.63781,96
20,waste,material difference resolution,812630430.53149,617557597.121031,0.240051,0.759949,0.534793,0.062877,2102732964.86492,195072833.410459,1.0,0.07244,0.63781,96
21,water,primary reproduction,8127495185.227011,12616337.940648,0.998448,0.001552,0.878485,0.09986,3354901068.691216,12616337.940648,1.0,0.068756,0.63781,194
21,food,primary reproduction,8127495185.227011,17097902.251873,0.997896,0.002104,0.867933,0.10249,3442064827.187593,17097902.251873,1.0,0.068756,0.63781,194
21,energy,energy infrastructure,8127495185.227011,53972199.769714,0.993359,0.006641,0.835774,0.096392,3236914168.539554,53972199.769714,1.0,0.068756,0.63781,201
21,shelter,social infrastructure,8127495185.227011,67875032378.259636,0.0,1.0,0.4544,0.054193,1821999298.622065,67875032378.259636,1.0,0.068756,0.63781,192
21,health,care reproduction,1783664446.812763,43474506279.36169,0.0,1.0,0.466476,0.056624,1902814282.863919,43474506279.36169,1.0,0.068756,0.63781,192
21,care,care reproduction,1704172867.583713,43732775489.76916,0.0,1.0,0.445918,0.053658,1803104863.819184,43732775489.76916,1.0,0.068756,0.63781,192
21,education,knowledge reproduction,1592622001.682412,34255965888.2211,0.0,1.0,0.407533,0.048769,1639454784.616841,34255965888.2211,1.0,0.068756,0.63781,192
21,mobility,logistics circulation,1719976721.011186,22291678767.00153,0.0,1.0,0.379761,0.044647,1501116901.541049,22291678767.00153,1.0,0.068756,0.63781,192
21,manufacturing,material transformation,747473999.659286,22497472033.825974,0.0,1.0,0.436445,0.051505,1731304891.433344,22497472033.825974,1.0,0.068756,0.63781,96
21,storage,resilience capacity,1168313638.140279,38393478339.309616,0.0,1.0,0.431344,0.049451,1662593047.218789,38393478339.309616,1.0,0.068756,0.63781,96
21,governance,institutional coordination,609185085.355467,34031847576.568607,0.0,1.0,0.447806,0.051599,1735204395.569932,34031847576.568607,1.0,0.068756,0.63781,192
21,knowledge,knowledge reproduction,583080575.917659,46249684120.66354,0.0,1.0,0.440391,0.050801,1708854139.066438,46249684120.66354,1.0,0.068756,0.63781,192
21,resilience,risk protection,1050508503.016929,33380979475.221954,0.0,1.0,0.449125,0.05212,1752258776.426682,33380979475.221954,1.0,0.068756,0.63781,192
21,repair,circular industry,0.0,4088428905.174997,0.0,1.0,0.423664,0.050884,1709848384.984655,4088428905.174997,1.0,0.068756,0.63781,96
21,ecology,planetary regeneration,2184916241.729237,6557753248.646168,0.0,1.0,0.621852,0.074119,2480918082.306026,0.0,1.0,0.068756,0.63781,96
21,waste,material difference resolution,812749518.522701,617923484.648448,0.239712,0.760288,0.535138,0.062888,2111788193.580535,194826033.874253,1.0,0.068756,0.63781,96
22,water,primary reproduction,8128683823.264712,14871697.256861,0.99817,0.00183,0.878656,0.099837,3368348586.680212,14871697.256861,1.0,0.06504,0.637811,194
22,food,primary reproduction,8128683823.264712,18091460.605258,0.997774,0.002226,0.868111,0.102468,3455829688.405346,18091460.605258,1.0,0.06504,0.637811,194
22,energy,energy infrastructure,8128683823.264712,59255353.985015,0.99271,0.00729,0.835889,0.096365,3249609489.103184,59255353.985015,1.0,0.06504,0.637811,201
22,shelter,social infrastructure,8128683823.264712,70797315234.21265,0.0,1.0,0.454778,0.054212,1830452900.605504,70797315234.21265,1.0,0.06504,0.637811,192
22,health,care reproduction,1784184727.319629,45540623515.547165,0.0,1.0,0.466861,0.056643,1911602069.075734,45540623515.547165,1.0,0.06504,0.637811,192
22,care,care reproduction,1704420492.192375,45877708548.76137,0.0,1.0,0.446304,0.053678,1811507828.950002,45877708548.76137,1.0,0.06504,0.637811,192
22,education,knowledge reproduction,1587980571.009169,35928410127.49854,0.0,1.0,0.40792,0.048791,1647239171.889267,35928410127.49854,1.0,0.06504,0.637811,192
22,mobility,logistics circulation,1720227930.754133,23358176985.401344,0.0,1.0,0.380147,0.04467,1508376983.316565,23358176985.401344,1.0,0.06504,0.637811,192
22,manufacturing,material transformation,748347762.112463,23539931607.33073,0.0,1.0,0.436805,0.051523,1739341277.343755,23539931607.33073,1.0,0.06504,0.637811,96
22,storage,resilience capacity,1168276240.260523,40235040986.32528,0.0,1.0,0.43173,0.049472,1670463425.299202,40235040986.32528,1.0,0.06504,0.637811,96
22,governance,institutional coordination,607893269.418827,35692550111.88019,0.0,1.0,0.448192,0.051619,1743367545.272977,35692550111.88019,1.0,0.06504,0.637811,192
22,knowledge,knowledge reproduction,581601892.667117,48600382615.25327,0.0,1.0,0.440777,0.050822,1716923356.284429,48600382615.25327,1.0,0.06504,0.637811,192
22,resilience,risk protection,1047083875.311309,35024369891.037285,0.0,1.0,0.449511,0.052141,1760479831.735606,35024369891.037285,1.0,0.06504,0.637811,192
22,repair,circular industry,0.0,4198716413.569895,0.0,1.0,0.424048,0.050905,1717879787.57912,4198716413.569895,1.0,0.06504,0.637811,96
22,ecology,planetary regeneration,2162776966.032317,6605095668.243668,0.0,1.0,0.620687,0.073964,2486053680.974538,0.0,1.0,0.06504,0.637811,96
22,waste,material difference resolution,812868382.326471,618297841.360358,0.239363,0.760637,0.535415,0.062892,2120858369.311816,194570540.966114,1.0,0.06504,0.637811,96
23,water,primary reproduction,8129870502.281558,17056538.821668,0.997902,0.002098,0.878872,0.099818,3382279263.091256,17056538.821668,1.0,0.061385,0.637811,194
23,food,primary reproduction,8129870502.281558,22573409.843615,0.997223,0.002777,0.868376,0.102453,3470310385.145774,22573409.843615,1.0,0.061385,0.637811,194
23,energy,energy infrastructure,8129870502.281558,64910430.51485,0.992016,0.007984,0.835977,0.096334,3262442748.635543,64910430.51485,1.0,0.061385,0.637811,201
23,shelter,social infrastructure,8129870502.281558,73728027683.23163,0.0,1.0,0.455158,0.054229,1839088619.110512,73728027683.23163,1.0,0.061385,0.637811,192
23,health,care reproduction,1784546077.764,47623651861.36352,0.0,1.0,0.467247,0.05666,1920571985.702081,47623651861.36352,1.0,0.061385,0.637811,192
23,care,care reproduction,1704667619.960544,48042048842.650604,0.0,1.0,0.44669,0.053696,1820083019.570992,48042048842.650604,1.0,0.061385,0.637811,192
23,education,knowledge reproduction,1583339214.517686,37617430220.07409,0.0,1.0,0.408307,0.048812,1655182656.143302,37617430220.07409,1.0,0.061385,0.637811,192
23,mobility,logistics circulation,1720478692.574423,24436657525.38198,0.0,1.0,0.380534,0.044693,1515784869.824872,24436657525.38198,1.0,0.061385,0.637811,192
23,manufacturing,material transformation,749041564.294608,24586656170.07145,0.0,1.0,0.437167,0.05154,1747549945.4635,24586656170.07145,1.0,0.061385,0.637811,96
23,storage,resilience capacity,1168145920.837475,42084099747.763245,0.0,1.0,0.432116,0.049493,1678494197.11484,42084099747.763245,1.0,0.061385,0.637811,96
23,governance,institutional coordination,606609930.903167,37363641283.21591,0.0,1.0,0.448579,0.051639,1751698943.483525,37363641283.21591,1.0,0.061385,0.637811,192
23,knowledge,knowledge reproduction,580123168.79558,50972619771.427,0.0,1.0,0.441163,0.050842,1725157449.425986,50972619771.427,1.0,0.061385,0.637811,192
23,resilience,risk protection,1043374706.523992,36681613208.934746,0.0,1.0,0.449898,0.05216,1768869368.785326,36681613208.934746,1.0,0.061385,0.637811,192
23,repair,circular industry,0.0,4310337619.697932,0.0,1.0,0.424433,0.050924,1726076626.482037,4310337619.697932,1.0,0.061385,0.637811,96
23,ecology,planetary regeneration,2141005449.117666,6651431985.578037,0.0,1.0,0.619547,0.07381,2491462362.951758,0.0,1.0,0.061385,0.637811,96
23,waste,material difference resolution,812987050.228156,618686104.61538,0.238996,0.761004,0.535688,0.062895,2130105295.630279,194300945.612776,1.0,0.061385,0.637811,96
24,water,primary reproduction,8131055358.943196,29387052.000163,0.996386,0.003614,0.879084,0.0998,3396631496.742942,29387052.000163,1.0,0.058076,0.637811,195
24,food,primary reproduction,8131055358.943196,29376371.803133,0.996387,0.003613,0.868497,0.102424,3484617275.060501,29376371.803133,1.0,0.058076,0.637811,196
24,energy,energy infrastructure,8131055358.943196,69220488.763174,0.991487,0.008513,0.836043,0.096302,3275575811.5735,69220488.763174,1.0,0.058076,0.637811,202
24,shelter,social infrastructure,8131055358.943196,76670830521.66908,0.0,1.0,0.455545,0.054249,1848006076.636353,76670830521.66908,1.0,0.058076,0.637811,192
24,health,care reproduction,1784753586.57203,49724734757.77012,0.0,1.0,0.467632,0.056679,1929801024.316863,49724734757.77012,1.0,0.058076,0.637811,192
24,care,care reproduction,1704914282.211121,50226448638.20917,0.0,1.0,0.447076,0.053716,1828903061.046388,50226448638.20917,1.0,0.058076,0.637811,192
24,education,knowledge reproduction,1578697234.408823,39323465271.834015,0.0,1.0,0.408693,0.048834,1663352298.457548,39323465271.834015,1.0,0.058076,0.637811,192
24,mobility,logistics circulation,1720729030.924547,25527525900.143227,0.0,1.0,0.38092,0.044716,1523400997.347452,25527525900.143227,1.0,0.058076,0.637811,192
24,manufacturing,material transformation,749728060.532817,25637848095.530582,0.0,1.0,0.437534,0.051559,1756018268.258039,25637848095.530582,1.0,0.058076,0.637811,96
24,storage,resilience capacity,1167743476.047306,43940982159.9155,0.0,1.0,0.432502,0.049514,1686752076.613091,43940982159.9155,1.0,0.058076,0.637811,96
24,governance,institutional coordination,605340441.091239,39045469408.44598,0.0,1.0,0.448966,0.05166,1760267644.49128,39045469408.44598,1.0,0.058076,0.637811,192
24,knowledge,knowledge reproduction,578644195.977254,53366977006.34404,0.0,1.0,0.441549,0.050863,1733624744.177779,53366977006.34404,1.0,0.058076,0.637811,192
24,resilience,risk protection,1038645943.846519,38353840899.87017,0.0,1.0,0.450285,0.052181,1777497496.675346,38353840899.87017,1.0,0.058076,0.637811,192
24,repair,circular industry,0.0,4422918514.688172,0.0,1.0,0.424816,0.050945,1734507773.323963,4422918514.688172,1.0,0.058076,0.637811,96
24,ecology,planetary regeneration,2120131321.876579,6695348577.62514,0.0,1.0,0.618431,0.07366,2497236064.653548,0.0,1.0,0.058076,0.637811,96
24,waste,material difference resolution,813105535.89432,619046364.155895,0.238664,0.761336,0.535953,0.062899,2139592142.72161,194059171.738424,1.0,0.058076,0.637811,96
25,water,primary reproduction,8132239160.692691,49708942.224572,0.993887,0.006113,0.878859,0.099742,3409634370.664621,49708942.224572,1.0,0.054985,0.637812,197
25,food,primary reproduction,8132239160.692691,35989621.827328,0.995574,0.004426,0.868509,0.10239,3499157560.823136,35989621.827328,1.0,0.054985,0.637812,197
25,energy,energy infrastructure,8132239160.692691,73480956.00115,0.990964,0.009036,0.836155,0.096281,3289584171.643764,73480956.00115,1.0,0.054985,0.637812,202
25,shelter,social infrastructure,8132239160.692691,79626583224.3922,0.0,1.0,0.455922,0.054271,1857287522.639233,79626583224.3922,1.0,0.054985,0.637812,192
25,health,care reproduction,1784798834.326027,51845266040.290115,0.0,1.0,0.468008,0.0567,1939408631.396179,51845266040.290115,1.0,0.054985,0.637812,192
25,care,care reproduction,1705160652.648716,52431791669.293205,0.0,1.0,0.447451,0.053738,1838079114.365846,52431791669.293205,1.0,0.054985,0.637812,192
25,education,knowledge reproduction,1574077697.212076,41047119129.1285,0.0,1.0,0.40907,0.048857,1671844689.632704,41047119129.1285,1.0,0.054985,0.637812,192
25,mobility,logistics circulation,1720979085.447592,26631350200.80818,0.0,1.0,0.381296,0.044741,1531310805.409842,26631350200.80818,1.0,0.054985,0.637812,192
25,manufacturing,material transformation,750412981.807277,26693775617.26403,0.0,1.0,0.437891,0.051579,1764830335.156784,26693775617.26403,1.0,0.054985,0.637812,96
25,storage,resilience capacity,1167151384.205118,45806139585.354355,0.0,1.0,0.432878,0.049537,1695336148.593258,45806139585.354355,1.0,0.054985,0.637812,96
25,governance,institutional coordination,604096420.117329,40738510804.91854,0.0,1.0,0.449342,0.051682,1769177924.943443,40738510804.91854,1.0,0.054985,0.637812,192
25,knowledge,knowledge reproduction,577171987.13016,55784250765.39903,0.0,1.0,0.441925,0.050886,1742428354.459337,55784250765.39903,1.0,0.054985,0.637812,192
25,resilience,risk protection,1033363771.558097,40042007487.92912,0.0,1.0,0.450661,0.052203,1786469269.873651,40042007487.92912,1.0,0.054985,0.637812,192
25,repair,circular industry,0.0,4536487935.635605,0.0,1.0,0.42519,0.050968,1743275564.967364,4536487935.635605,1.0,0.054985,0.637812,96
25,ecology,planetary regeneration,2099511290.881285,6739188054.775927,0.0,1.0,0.617364,0.073519,2503665949.969867,0.0,1.0,0.054985,0.637812,96
25,waste,material difference resolution,813223916.069269,619425536.556472,0.238309,0.761691,0.536219,0.062905,2149548225.612397,193798379.512798,1.0,0.054985,0.637812,96
26,water,primary reproduction,8133422024.534254,74970053.049224,0.990782,0.009218,0.878229,0.099644,3421096977.649685,74970053.049224,1.0,0.05222,0.637812,198
26,food,primary reproduction,8133422024.534254,42798826.895809,0.994738,0.005262,0.868521,0.102362,3514227061.93474,42798826.895809,1.0,0.05222,0.637812,197
26,energy,energy infrastructure,8133422024.534254,80183020.396037,0.990142,0.009858,0.836257,0.096263,3304039113.389022,80183020.396037,1.0,0.05222,0.637812,204
26,shelter,social infrastructure,8133422024.534254,82595878978.07634,0.0,1.0,0.456289,0.054295,1866841323.138381,82595878978.07634,1.0,0.05222,0.637812,192
26,health,care reproduction,1784686636.514968,53986537885.287224,0.0,1.0,0.468379,0.056723,1949324060.653164,53986537885.287224,1.0,0.05222,0.637812,192
26,care,care reproduction,1705406803.996705,54658856425.216415,0.0,1.0,0.447822,0.053762,1847549224.889682,54658856425.216415,1.0,0.05222,0.637812,192
26,education,knowledge reproduction,1569475336.979736,42788970792.04243,0.0,1.0,0.409442,0.048883,1680604551.180878,42788970792.04243,1.0,0.05222,0.637812,192
26,mobility,logistics circulation,1721228877.218723,27748604120.957943,0.0,1.0,0.381668,0.044768,1539466993.39161,27748604120.957943,1.0,0.05222,0.637812,192
26,manufacturing,material transformation,751095269.789637,27754672104.66356,0.0,1.0,0.438244,0.051602,1773922838.578765,27754672104.66356,1.0,0.05222,0.637812,96
26,storage,resilience capacity,1166373947.302374,47679969148.80147,0.0,1.0,0.433249,0.049563,1704189793.024122,47679969148.80147,1.0,0.05222,0.637812,96
26,governance,institutional coordination,602883555.888758,42443196058.46349,0.0,1.0,0.449714,0.051707,1778371738.967162,42443196058.46349,1.0,0.05222,0.637812,192
26,knowledge,knowledge reproduction,575704943.181182,58225068008.38129,0.0,1.0,0.442297,0.050911,1751511061.876876,58225068008.38129,1.0,0.05222,0.637812,192
26,resilience,risk protection,1027747804.958362,41746888511.08163,0.0,1.0,0.451033,0.052228,1795728720.004017,41746888511.08163,1.0,0.05222,0.637812,192
26,repair,circular industry,0.0,4651089357.818965,0.0,1.0,0.425559,0.050992,1752320138.73357,4651089357.818965,1.0,0.05222,0.637812,96
26,ecology,planetary regeneration,2079208307.109065,6782742296.572523,0.0,1.0,0.616307,0.073384,2510502349.809024,0.0,1.0,0.05222,0.637812,96
26,waste,material difference resolution,813342202.453426,619811271.004101,0.237945,0.762055,0.53647,0.062914,2159848079.483913,193530931.449325,1.0,0.05222,0.637812,96
27,water,primary reproduction,8134604532.119965,84380961.825802,0.989627,0.010373,0.877423,0.099529,3432033770.733734,84380961.825802,1.0,0.04971,0.637813,198
27,food,primary reproduction,8134604532.119965,56920085.196249,0.993003,0.006997,0.868529,0.102334,3529590174.843184,56920085.196249,1.0,0.04971,0.637813,199
27,energy,energy infrastructure,8134604532.119965,87161870.861619,0.989285,0.010715,0.836259,0.096236,3318407225.302872,87161870.861619,1.0,0.04971,0.637813,205
27,shelter,social infrastructure,8134604532.119965,85579224418.78656,0.0,1.0,0.456656,0.054319,1876620200.578715,85579224418.78656,1.0,0.04971,0.637813,192
27,health,care reproduction,1784413014.023928,56149737162.93769,0.0,1.0,0.468759,0.056748,1959511311.666562,56149737162.93769,1.0,0.04971,0.637813,192
27,care,care reproduction,1705652843.833497,56908318660.555214,0.0,1.0,0.448202,0.053788,1857279664.788393,56908318660.555214,1.0,0.04971,0.637813,192
27,education,knowledge reproduction,1564881937.770145,44549482316.02915,0.0,1.0,0.409823,0.04891,1689607358.618223,44549482316.02915,1.0,0.04971,0.637813,192
27,mobility,logistics circulation,1721478528.986093,28879740625.422638,0.0,1.0,0.382049,0.044797,1547851131.665229,28879740625.422638,1.0,0.04971,0.637813,192
27,manufacturing,material transformation,751772614.744413,28820737020.43196,0.0,1.0,0.438605,0.051627,1783268180.043767,28820737020.43196,1.0,0.04971,0.637813,96
27,storage,resilience capacity,1165798403.521453,49562824766.47256,0.0,1.0,0.433629,0.04959,1713288097.994292,49562824766.47256,1.0,0.04971,0.637813,96
27,governance,institutional coordination,601680884.65089,44159866665.380844,0.0,1.0,0.450095,0.051734,1787818353.304659,44159866665.380844,1.0,0.04971,0.637813,192
27,knowledge,knowledge reproduction,574240579.970956,60690028327.06976,0.0,1.0,0.442677,0.050938,1760844436.253081,60690028327.06976,1.0,0.04971,0.637813,192
27,resilience,risk protection,1023072704.194667,43468246652.38529,0.0,1.0,0.451414,0.052254,1805243424.949335,43468246652.38529,1.0,0.04971,0.637813,192
27,repair,circular industry,0.0,4766780527.818639,0.0,1.0,0.425937,0.051019,1761616063.774652,4766780527.818639,1.0,0.04971,0.637813,96
27,ecology,planetary regeneration,2059946820.518,6823493352.676457,0.0,1.0,0.615279,0.073253,2517679245.536081,0.0,1.0,0.04971,0.637813,96
27,waste,material difference resolution,813460453.211997,620185716.4521,0.237596,0.762404,0.536723,0.062924,2170393273.134924,193274736.759897,1.0,0.04971,0.637813,96
28,water,primary reproduction,8135786690.079105,91361894.886161,0.98877,0.01123,0.877292,0.099483,3446510089.81833,91361894.886161,1.0,0.04721,0.637814,198
28,food,primary reproduction,8135786690.079105,64022045.193651,0.992131,0.007869,0.868202,0.102268,3543589840.841432,64022045.193651,1.0,0.04721,0.637814,201
28,energy,energy infrastructure,8135786690.079105,94442908.662614,0.988392,0.011608,0.836237,0.096204,3332963353.959109,94442908.662614,1.0,0.04721,0.637814,205
28,shelter,social infrastructure,8135786690.079105,88576906655.7957,0.0,1.0,0.457011,0.054341,1886542849.217136,88576906655.7957,1.0,0.04721,0.637814,192
28,health,care reproduction,1783986466.135672,58335784191.44996,0.0,1.0,0.469127,0.056771,1969859974.184161,58335784191.44996,1.0,0.04721,0.637814,192
28,care,care reproduction,1705898757.675009,59180637099.11135,0.0,1.0,0.44857,0.053811,1867160471.003215,59180637099.11135,1.0,0.04721,0.637814,192
28,education,knowledge reproduction,1560288144.334959,46328952349.523994,0.0,1.0,0.410193,0.048935,1698746892.677696,46328952349.523994,1.0,0.04721,0.637814,192
28,mobility,logistics circulation,1721728060.544509,30024979279.88664,0.0,1.0,0.382419,0.044823,1556359105.975652,30024979279.88664,1.0,0.04721,0.637814,192
28,manufacturing,material transformation,752454605.961453,29891365449.71728,0.0,1.0,0.438956,0.051649,1792757484.433461,29891365449.71728,1.0,0.04721,0.637814,96
28,storage,resilience capacity,1165446404.846577,51454923596.43624,0.0,1.0,0.433998,0.049615,1722525417.125033,51454923596.43624,1.0,0.04721,0.637814,96
28,governance,institutional coordination,600493127.965601,45888766218.44376,0.0,1.0,0.450465,0.051758,1797411474.869571,45888766218.44376,1.0,0.04721,0.637814,192
28,knowledge,knowledge reproduction,572776060.564951,63179513627.62768,0.0,1.0,0.443047,0.050962,1770322907.411625,63179513627.62768,1.0,0.04721,0.637814,192
28,resilience,risk protection,1019816710.165361,45205310074.386696,0.0,1.0,0.451784,0.052278,1814904413.338592,45205310074.386696,1.0,0.04721,0.637814,192
28,repair,circular industry,0.0,4883563840.575312,0.0,1.0,0.426305,0.051043,1771055751.083416,4883563840.575312,1.0,0.04721,0.637814,96
28,ecology,planetary regeneration,2041830641.376152,6862570611.808969,0.0,1.0,0.614309,0.073126,2525252862.361887,0.0,1.0,0.04721,0.637814,96
28,waste,material difference resolution,813578669.007911,620509376.751747,0.237309,0.762691,0.53697,0.062932,2181125480.458873,193069292.256164,1.0,0.04721,0.637814,96
29,water,primary reproduction,8136968678.441781,100563343.261659,0.987641,0.012359,0.877267,0.099442,3461480069.162492,100563343.261659,1.0,0.044791,0.637814,199
29,food,primary reproduction,8136968678.441781,71516058.283506,0.991211,0.008789,0.868169,0.102225,3558989813.186073,71516058.283506,1.0,0.044791,0.637814,203
29,energy,energy infrastructure,8136968678.441781,101943240.705612,0.987472,0.012528,0.836197,0.096162,3347418044.909208,101943240.705612,1.0,0.044791,0.637814,207
29,shelter,social infrastructure,8136968678.441781,91588924436.49023,0.0,1.0,0.457358,0.054357,1896439913.183773,91588924436.49023,1.0,0.044791,0.637814,192
29,health,care reproduction,1783409804.87075,60546075686.98304,0.0,1.0,0.469848,0.056826,1980912315.718074,60546075686.98304,1.0,0.044791,0.637814,192
29,care,care reproduction,1706144587.252538,61475945603.60813,0.0,1.0,0.448932,0.05383,1877020617.465604,61475945603.60813,1.0,0.044791,0.637814,192
29,education,knowledge reproduction,1555703944.625695,48127424051.94519,0.0,1.0,0.410556,0.048956,1707865660.442861,48127424051.94519,1.0,0.044791,0.637814,192
29,mobility,logistics circulation,1721977504.98196,31184326869.766888,0.0,1.0,0.382782,0.044845,1564848409.228929,31184326869.766888,1.0,0.044791,0.637814,192
29,manufacturing,material transformation,753188365.217945,30966080952.637333,0.0,1.0,0.439299,0.051666,1802225731.036811,30966080952.637333,1.0,0.044791,0.637814,96
29,storage,resilience capacity,1165025158.440598,53356284871.74091,0.0,1.0,0.43436,0.049635,1731742374.604878,53356284871.74091,1.0,0.044791,0.637814,96
29,governance,institutional coordination,599318390.054214,47629938349.241234,0.0,1.0,0.450828,0.051777,1806986361.094227,47629938349.241234,1.0,0.044791,0.637814,192
29,knowledge,knowledge reproduction,571314417.147549,65693630434.260666,0.0,1.0,0.44341,0.050982,1779782051.595245,65693630434.260666,1.0,0.044791,0.637814,192
29,resilience,risk protection,1016527294.570807,46958149410.17607,0.0,1.0,0.452147,0.052298,1824547702.818334,46958149410.17607,1.0,0.044791,0.637814,192
29,repair,circular industry,0.0,5001484098.928506,0.0,1.0,0.426665,0.051062,1780474389.282363,5001484098.928506,1.0,0.044791,0.637814,96
29,ecology,planetary regeneration,2025112221.896847,6898368151.852008,0.0,1.0,0.613412,0.073001,2533092723.68136,0.0,1.0,0.044791,0.637814,96
29,waste,material difference resolution,813696867.844178,620841896.766042,0.237011,0.762989,0.537234,0.062936,2191928819.914464,192854971.078136,1.0,0.044791,0.637814,96
30,water,primary reproduction,8138151129.372115,108553969.34284,0.986661,0.013339,0.87715,0.099386,3476270382.642539,108553969.34284,1.0,0.042509,0.637815,200
30,food,primary reproduction,8138151129.372115,78726313.348206,0.990326,0.009674,0.868119,0.102176,3574617854.514357,78726313.348206,1.0,0.042509,0.637815,205
30,energy,energy infrastructure,8138151129.372115,109236545.280162,0.986577,0.013423,0.836141,0.096115,3362061428.001922,109236545.280162,1.0,0.042509,0.637815,208
30,shelter,social infrastructure,8138151129.372115,94615588208.14958,0.0,1.0,0.457697,0.054371,1906472705.374802,94615588208.14958,1.0,0.042509,0.637815,192
30,health,care reproduction,1782676679.690835,62782661211.15482,0.0,1.0,0.471041,0.056929,1993056183.644756,62782661211.15482,1.0,0.042509,0.637815,192
30,care,care reproduction,1706390436.36867,63794730303.376595,0.0,1.0,0.449286,0.053845,1887020157.515456,63794730303.376595,1.0,0.042509,0.637815,192
30,education,knowledge reproduction,1551122342.620204,49945190066.564285,0.0,1.0,0.410912,0.048974,1717111534.403024,49945190066.564285,1.0,0.042509,0.637815,192
30,mobility,logistics circulation,1722226986.284652,32358042209.281494,0.0,1.0,0.383137,0.044864,1573453772.036193,32358042209.281494,1.0,0.042509,0.637815,192
30,manufacturing,material transformation,753985210.38275,32044846997.384266,0.0,1.0,0.439634,0.051681,1811823545.783379,32044846997.384266,1.0,0.042509,0.637815,96
30,storage,resilience capacity,1164645573.501399,55267126258.7058,0.0,1.0,0.434715,0.049652,1741087362.851837,55267126258.7058,1.0,0.042509,0.637815,96
30,governance,institutional coordination,598223190.535011,49383621711.484665,0.0,1.0,0.451184,0.051794,1816697548.248746,49383621711.484665,1.0,0.042509,0.637815,192
30,knowledge,knowledge reproduction,569853540.221002,68232795210.201416,0.0,1.0,0.443765,0.050999,1789375651.831043,68232795210.201416,1.0,0.042509,0.637815,192
30,resilience,risk protection,1013897967.666077,48726551649.79615,0.0,1.0,0.452503,0.052314,1834328047.841592,48726551649.79615,1.0,0.042509,0.637815,192
30,repair,circular industry,0.0,5120566654.452339,0.0,1.0,0.427017,0.051079,1790024499.687969,5120566654.452339,1.0,0.042509,0.637815,96
30,ecology,planetary regeneration,2008887210.799946,6933803701.419496,0.0,1.0,0.612605,0.072883,2541483339.214076,0.0,1.0,0.042509,0.637815,96
30,waste,material difference resolution,813815112.937212,621184468.516897,0.236701,0.763299,0.537486,0.062937,2202862877.383828,192630644.420315,1.0,0.042509,0.637815,96
31,water,primary reproduction,8139333992.545151,115555285.989794,0.985803,0.014197,0.877075,0.09934,3491151212.537552,115555285.989794,1.0,0.040751,0.637816,201
31,food,primary reproduction,8139333992.545151,87087109.183865,0.9893,0.0107,0.868065,0.102131,3590098361.702572,87087109.183865,1.0,0.040751,0.637816,205
31,energy,energy infrastructure,8139333992.545151,116902353.900288,0.985637,0.014363,0.836082,0.096072,3376561776.703351,116902353.900288,1.0,0.040751,0.637816,209
31,shelter,social infrastructure,8139333992.545151,97654551752.79094,0.0,1.0,0.458018,0.054386,1916394237.736784,97654551752.79094,1.0,0.040751,0.637816,192
31,health,care reproduction,1781828421.306316,65045215680.35738,0.0,1.0,0.471947,0.057004,2004521244.790375,65045215680.35738,1.0,0.040751,0.637816,192
31,care,care reproduction,1706636298.221008,66136940038.20977,0.0,1.0,0.449623,0.053862,1896915959.001984,66136940038.20977,1.0,0.040751,0.637816,192
31,education,knowledge reproduction,1546539748.818234,51782050670.05088,0.0,1.0,0.411251,0.048992,1726256409.471098,51782050670.05088,1.0,0.040751,0.637816,192
31,mobility,logistics circulation,1722476501.178119,33545977158.1345,0.0,1.0,0.383476,0.044884,1581961043.875324,33545977158.1345,1.0,0.040751,0.637816,192
31,manufacturing,material transformation,754757537.051395,33127951641.005814,0.0,1.0,0.43995,0.051696,1821306843.814485,33127951641.005814,1.0,0.040751,0.637816,96
31,storage,resilience capacity,1164253001.06025,57187313767.21791,0.0,1.0,0.435053,0.04967,1750330460.927671,57187313767.21791,1.0,0.040751,0.637816,96
31,governance,institutional coordination,597195235.186073,51149615794.89679,0.0,1.0,0.451523,0.051811,1826301693.461279,51149615794.89679,1.0,0.040751,0.637816,192
31,knowledge,knowledge reproduction,568392335.548876,70796887157.06844,0.0,1.0,0.444103,0.051016,1798864440.472736,70796887157.06844,1.0,0.040751,0.637816,192
31,resilience,risk protection,1011363738.432245,50510290222.87117,0.0,1.0,0.452842,0.052331,1844003717.557236,50510290222.87117,1.0,0.040751,0.637816,192
31,repair,circular industry,0.0,5241121020.474868,0.0,1.0,0.427353,0.051096,1799468989.297778,5241121020.474868,1.0,0.040751,0.637816,96
31,ecology,planetary regeneration,1993311605.528131,6967839927.019159,0.0,1.0,0.611814,0.072771,2549865130.72396,0.0,1.0,0.040751,0.637816,96
31,waste,material difference resolution,813933399.254516,621502592.198397,0.236421,0.763579,0.537715,0.062938,2213629287.932277,192430807.056119,1.0,0.040751,0.637816,96
32,water,primary reproduction,8140517817.814366,122339948.911054,0.984971,0.015029,0.877013,0.0993,3506239373.179785,122339948.911054,1.0,0.039143,0.637817,202
32,food,primary reproduction,8140517817.814366,97293280.191371,0.988048,0.011952,0.867935,0.102084,3605305001.726386,97293280.191371,1.0,0.039143,0.637817,204
32,energy,energy infrastructure,8140517817.814366,124351433.006657,0.984724,0.015276,0.835986,0.09603,3391011472.631564,124351433.006657,1.0,0.039143,0.637817,209
32,shelter,social infrastructure,8140517817.814366,100705322746.58669,0.0,1.0,0.458319,0.054401,1926324068.86439,100705322746.58669,1.0,0.039143,0.637817,192
32,health,care reproduction,1780855280.240265,67333717134.48385,0.0,1.0,0.472676,0.057063,2015655906.024113,67333717134.48385,1.0,0.039143,0.637817,192
32,care,care reproduction,1706882295.210091,68502665933.54945,0.0,1.0,0.449936,0.053878,1906794012.64024,68502665933.54945,1.0,0.039143,0.637817,192
32,education,knowledge reproduction,1541956700.50212,53637914816.93229,0.0,1.0,0.411565,0.04901,1735372838.767325,53637914816.93229,1.0,0.039143,0.637817,192
32,mobility,logistics circulation,1722726162.79579,34748092500.98831,0.0,1.0,0.38379,0.044904,1590433252.270358,34748092500.98831,1.0,0.039143,0.637817,192
32,manufacturing,material transformation,755368331.897759,34215859422.909134,0.0,1.0,0.440241,0.051711,1830771192.304682,34215859422.909134,1.0,0.039143,0.637817,96
32,storage,resilience capacity,1163826051.802602,59116823873.42285,0.0,1.0,0.435367,0.049688,1759547823.661755,59116823873.42285,1.0,0.039143,0.637817,96
32,governance,institutional coordination,596198565.893302,52927826671.12912,0.0,1.0,0.451837,0.051829,1835880884.000524,52927826671.12912,1.0,0.039143,0.637817,192
32,knowledge,knowledge reproduction,566930970.186165,73385932578.16454,0.0,1.0,0.444417,0.051034,1808327509.021579,73385932578.16454,1.0,0.039143,0.637817,192
32,resilience,risk protection,1008667941.478364,52309443852.77114,0.0,1.0,0.453156,0.052349,1853657543.361702,52309443852.77114,1.0,0.039143,0.637817,192
32,repair,circular industry,0.0,5363252540.409691,0.0,1.0,0.427664,0.051114,1808889320.441356,5363252540.409691,1.0,0.039143,0.637817,96
32,ecology,planetary regeneration,1978120630.659641,7000933559.351121,0.0,1.0,0.611038,0.072665,2558412398.620286,0.0,1.0,0.039143,0.637817,96
32,waste,material difference resolution,814051781.781437,621855257.538273,0.236099,0.763901,0.537927,0.062941,2224431094.521707,192196524.243163,1.0,0.039143,0.637817,96
33,water,primary reproduction,8141702624.984141,129017738.765327,0.984153,0.015847,0.876932,0.099263,3521501093.620953,129017738.765327,1.0,0.037632,0.637818,202
33,food,primary reproduction,8141702624.984141,110004710.820319,0.986489,0.013511,0.867718,0.10203,3620361494.843784,110004710.820319,1.0,0.037632,0.637818,206
33,energy,energy infrastructure,8141702624.984141,132103877.087583,0.983774,0.016226,0.835884,0.095991,3405685888.662106,132103877.087583,1.0,0.037632,0.637818,209
33,shelter,social infrastructure,8141702624.984141,103768041081.09416,0.0,1.0,0.458614,0.054418,1936389825.334551,103768041081.09416,1.0,0.037632,0.637818,192
33,health,care reproduction,1779786516.153058,69648673727.37245,0.0,1.0,0.473307,0.057113,2026722108.277356,69648673727.37245,1.0,0.037632,0.637818,192
33,care,care reproduction,1707128430.275405,70892264861.5491,0.0,1.0,0.450235,0.053896,1916772789.049663,70892264861.5491,1.0,0.037632,0.637818,192
33,education,knowledge reproduction,1537372327.57078,55512930026.953735,0.0,1.0,0.411865,0.049029,1744574706.384826,55512930026.953735,1.0,0.037632,0.637818,192
33,mobility,logistics circulation,1722975977.361682,35964555902.9761,0.0,1.0,0.384091,0.044924,1598982491.569222,35964555902.9761,1.0,0.037632,0.637818,192
33,manufacturing,material transformation,755819549.231153,35309170711.3782,0.0,1.0,0.440525,0.051727,1840354069.683269,35309170711.3782,1.0,0.037632,0.637818,96
33,storage,resilience capacity,1163333201.123482,61055804436.57135,0.0,1.0,0.435667,0.049707,1768856930.794687,61055804436.57135,1.0,0.037632,0.637818,96
33,governance,institutional coordination,595256095.031386,54718391863.461975,0.0,1.0,0.452138,0.051847,1845555190.137145,54718391863.461975,1.0,0.037632,0.637818,192
33,knowledge,knowledge reproduction,565469181.718768,76000248740.28003,0.0,1.0,0.444718,0.051052,1817885345.362008,76000248740.28003,1.0,0.037632,0.637818,192
33,resilience,risk protection,1005744484.721001,54124360161.14286,0.0,1.0,0.453457,0.052367,1863408674.583638,54124360161.14286,1.0,0.037632,0.637818,192
33,repair,circular industry,0.0,5486975363.011689,0.0,1.0,0.427961,0.051132,1818403308.453152,5486975363.011689,1.0,0.037632,0.637818,96
33,ecology,planetary regeneration,1963433822.420293,7032860059.199838,0.0,1.0,0.610274,0.072562,2567187698.688945,0.0,1.0,0.037632,0.637818,96
33,waste,material difference resolution,814170262.498414,622197739.565292,0.235789,0.764211,0.538108,0.062943,2235270091.14833,191972522.933122,1.0,0.037632,0.637818,96
34,water,primary reproduction,8142888916.747883,137344343.252507,0.983133,0.016867,0.876854,0.099228,3536712993.707822,137344343.252507,1.0,0.036143,0.637819,201
34,food,primary reproduction,8142888916.747883,122145389.656296,0.985,0.015,0.867388,0.101967,3634821337.684854,122145389.656296,1.0,0.036143,0.637819,208
34,energy,energy infrastructure,8142888916.747883,142499450.376218,0.9825,0.0175,0.835764,0.095953,3420218430.890165,142499450.376218,1.0,0.036143,0.637819,210
34,shelter,social infrastructure,8142888916.747883,106845415751.41846,0.0,1.0,0.458907,0.054436,1946412382.108532,106845415751.41846,1.0,0.036143,0.637819,192
34,health,care reproduction,1778561121.505515,71990249031.0216,0.0,1.0,0.473879,0.057159,2037611908.347108,71990249031.0216,1.0,0.036143,0.637819,192
34,care,care reproduction,1707374796.8958,73305751742.87183,0.0,1.0,0.450524,0.053913,1926679035.096075,73305751742.87183,1.0,0.036143,0.637819,192
34,education,knowledge reproduction,1532792057.53698,57406991037.3788,0.0,1.0,0.412155,0.049048,1753706876.106597,57406991037.3788,1.0,0.036143,0.637819,192
34,mobility,logistics circulation,1723226046.114147,37195317656.3571,0.0,1.0,0.384381,0.044944,1607469373.616065,37195317656.3571,1.0,0.036143,0.637819,192
34,manufacturing,material transformation,756295691.854825,36407880349.66101,0.0,1.0,0.440803,0.051744,1849889153.365532,36407880349.66101,1.0,0.036143,0.637819,96
34,storage,resilience capacity,1162749601.753616,63004220953.923775,0.0,1.0,0.435956,0.049725,1778099762.957181,63004220953.923775,1.0,0.036143,0.637819,96
34,governance,institutional coordination,594344983.876114,56521263792.236206,0.0,1.0,0.452428,0.051865,1855162546.323284,56521263792.236206,1.0,0.036143,0.637819,192
34,knowledge,knowledge reproduction,564008625.472245,78639914230.19383,0.0,1.0,0.445007,0.051071,1827374178.655541,78639914230.19383,1.0,0.036143,0.637819,192
34,resilience,risk protection,1002805266.745725,55955028942.15516,0.0,1.0,0.453748,0.052385,1873091478.751823,55955028942.15516,1.0,0.036143,0.637819,192
34,repair,circular industry,0.0,5611967164.72028,0.0,1.0,0.428249,0.05115,1827849026.747714,5611967164.72028,1.0,0.036143,0.637819,96
34,ecology,planetary regeneration,1948990222.473836,7064264426.967256,0.0,1.0,0.609534,0.072465,2575978286.267326,0.0,1.0,0.036143,0.637819,96
34,waste,material difference resolution,814288891.674788,622557282.821478,0.235459,0.764541,0.538283,0.062947,2246047920.855664,191731608.85331,1.0,0.036143,0.637819,96
35,water,primary reproduction,8144078557.838005,154856726.173283,0.980985,0.019015,0.87672,0.099188,3551801809.931066,154856726.173283,1.0,0.03466,0.637821,203
35,food,primary reproduction,8144078557.838005,134405721.961279,0.983497,0.016503,0.867087,0.101906,3649476111.082598,134405721.961279,1.0,0.03466,0.637821,210
35,energy,energy infrastructure,8144078557.838005,151732614.371858,0.981369,0.018631,0.83555,0.095904,3434435022.906569,151732614.371858,1.0,0.03466,0.637821,212
35,shelter,social infrastructure,8144078557.838005,109937867353.20616,0.0,1.0,0.459208,0.054455,1956580172.174533,109937867353.20616,1.0,0.03466,0.637821,192
35,health,care reproduction,1777176831.060362,74359313362.78317,0.0,1.0,0.474434,0.057204,2048591371.096342,74359313362.78317,1.0,0.03466,0.637821,192
35,care,care reproduction,1707621786.981125,75743572226.67105,0.0,1.0,0.450822,0.053932,1936728775.79133,75743572226.67105,1.0,0.03466,0.637821,192
35,education,knowledge reproduction,1528213325.476642,59320376611.15776,0.0,1.0,0.412453,0.049068,1762974805.17937,59320376611.15776,1.0,0.03466,0.637821,192
35,mobility,logistics circulation,1723476752.811241,38440625196.62515,0.0,1.0,0.384681,0.044966,1616087046.027117,38440625196.62515,1.0,0.03466,0.637821,192
35,manufacturing,material transformation,756760971.722699,37512100847.22431,0.0,1.0,0.441089,0.051762,1859561519.825519,37512100847.22431,1.0,0.03466,0.637821,96
35,storage,resilience capacity,1161967433.022961,64962284867.59225,0.0,1.0,0.436255,0.049745,1787481533.228101,64962284867.59225,1.0,0.03466,0.637821,96
35,governance,institutional coordination,593482068.91493,58336666719.50029,0.0,1.0,0.452728,0.051885,1864910726.207809,58336666719.50029,1.0,0.03466,0.637821,192
35,knowledge,knowledge reproduction,562548542.351765,81305319455.1817,0.0,1.0,0.445307,0.051091,1837003436.50428,81305319455.1817,1.0,0.03466,0.637821,192
35,resilience,risk protection,999411981.019223,57802002737.80654,0.0,1.0,0.454047,0.052404,1882914424.712078,57802002737.80654,1.0,0.03466,0.637821,192
35,repair,circular industry,0.0,5738249886.023275,0.0,1.0,0.428545,0.051169,1837433826.786003,5738249886.023275,1.0,0.03466,0.637821,96
35,ecology,planetary regeneration,1934868708.476754,7095244194.439732,0.0,1.0,0.60882,0.07237,2584988339.98568,0.0,1.0,0.03466,0.637821,96
35,waste,material difference resolution,814407855.783801,623030060.492781,0.23499,0.76501,0.538459,0.06295,2256936360.900377,191377795.29102,1.0,0.03466,0.637821,96
36,water,primary reproduction,8145271463.782396,167314020.313045,0.979459,0.020541,0.876179,0.09911,3565094950.060627,167314020.313045,1.0,0.033248,0.637822,205
36,food,primary reproduction,8145271463.782396,145416953.79517,0.982147,0.017853,0.866759,0.101849,3664098798.681892,145416953.79517,1.0,0.033248,0.637822,212
36,energy,energy infrastructure,8145271463.782396,161740197.91288,0.980143,0.019857,0.835373,0.095866,3449022555.437236,161740197.91288,1.0,0.033248,0.637822,212
36,shelter,social infrastructure,8145271463.782396,113045516393.43637,0.0,1.0,0.459493,0.054476,1966797892.135067,113045516393.43637,1.0,0.033248,0.637822,192
36,health,care reproduction,1775800908.415512,76756516339.39836,0.0,1.0,0.47496,0.057249,2059596967.777046,76756516339.39836,1.0,0.033248,0.637822,192
36,care,care reproduction,1707869394.97446,78205972521.23285,0.0,1.0,0.451104,0.053953,1946835882.812197,78205972521.23285,1.0,0.033248,0.637822,192
36,education,knowledge reproduction,1523635451.917723,61253248889.59237,0.0,1.0,0.412736,0.04909,1772285627.700226,61253248889.59237,1.0,0.033248,0.637822,192
36,mobility,logistics circulation,1723728091.914715,39700551832.08161,0.0,1.0,0.384965,0.044988,1624741800.599959,39700551832.08161,1.0,0.033248,0.637822,192
36,manufacturing,material transformation,757214822.888402,38621873899.74097,0.0,1.0,0.441361,0.051783,1869284226.750182,38621873899.74097,1.0,0.033248,0.637822,96
36,storage,resilience capacity,1161320906.579705,66930081499.50875,0.0,1.0,0.436539,0.049767,1796910791.446047,66930081499.50875,1.0,0.033248,0.637822,96
36,governance,institutional coordination,592639427.437264,60164719161.4037,0.0,1.0,0.453012,0.051907,1874713052.211463,60164719161.4037,1.0,0.033248,0.637822,192
36,knowledge,knowledge reproduction,561088715.342328,83996639138.39294,0.0,1.0,0.44559,0.051112,1846684657.295601,83996639138.39294,1.0,0.033248,0.637822,192
36,resilience,risk protection,996495103.066706,59665079561.75239,0.0,1.0,0.454331,0.052426,1892793129.021471,59665079561.75239,1.0,0.033248,0.637822,192
36,repair,circular industry,0.0,5865758962.978338,0.0,1.0,0.428826,0.051191,1847067312.920125,5865758962.978338,1.0,0.033248,0.637822,96
36,ecology,planetary regeneration,1921269881.840818,7125211967.871908,0.0,1.0,0.608112,0.072282,2594157182.289914,0.0,1.0,0.033248,0.637822,96
36,waste,material difference resolution,814527146.37824,623495335.057078,0.234531,0.765469,0.538564,0.06295,2267664148.553751,191031811.321162,1.0,0.033248,0.637822,96
37,water,primary reproduction,8146468170.151311,181850982.687896,0.977677,0.022323,0.875857,0.09905,3578808511.224444,181850982.687896,1.0,0.032017,0.637823,207
37,food,primary reproduction,8146468170.151311,156466160.713852,0.980793,0.019207,0.866759,0.101824,3679994421.807672,156466160.713852,1.0,0.032017,0.637823,213
37,energy,energy infrastructure,8146468170.151311,172058285.270247,0.978879,0.021121,0.835165,0.09582,3462928644.037013,172058285.270247,1.0,0.032017,0.637823,215
37,shelter,social infrastructure,8146468170.151311,116167883374.07138,0.0,1.0,0.459777,0.054494,1976715070.847909,116167883374.07138,1.0,0.032017,0.637823,192
37,health,care reproduction,1774309649.332328,79181083513.46074,0.0,1.0,0.47548,0.05729,2070265726.653692,79181083513.46074,1.0,0.032017,0.637823,192
37,care,care reproduction,1708117747.871855,80692527708.11447,0.0,1.0,0.451387,0.053971,1956651411.445623,80692527708.11447,1.0,0.032017,0.637823,192
37,education,knowledge reproduction,1519059058.845428,63205179399.24962,0.0,1.0,0.413019,0.049109,1781325601.904088,63205179399.24962,1.0,0.032017,0.637823,192
37,mobility,logistics circulation,1723980189.254108,40974758852.286736,0.0,1.0,0.385249,0.045008,1633154941.81407,40974758852.286736,1.0,0.032017,0.637823,192
37,manufacturing,material transformation,757656658.588693,39737011209.53016,0.0,1.0,0.441633,0.0518,1878728026.037393,39737011209.53016,1.0,0.032017,0.637823,96
37,storage,resilience capacity,1160615572.689807,68907266411.70029,0.0,1.0,0.436822,0.049786,1806067475.307957,68907266411.70029,1.0,0.032017,0.637823,96
37,governance,institutional coordination,591853052.508722,62005097695.2029,0.0,1.0,0.453297,0.051925,1884235334.358697,62005097695.2029,1.0,0.032017,0.637823,192
37,knowledge,knowledge reproduction,559629345.578028,86713441438.14804,0.0,1.0,0.445875,0.051131,1856081827.866621,86713441438.14804,1.0,0.032017,0.637823,192
37,resilience,risk protection,993500313.107448,61543952309.53662,0.0,1.0,0.454615,0.052444,1902387738.67537,61543952309.53662,1.0,0.032017,0.637823,192
37,repair,circular industry,0.0,5994514916.774973,0.0,1.0,0.429107,0.051209,1856420307.835772,5994514916.774973,1.0,0.032017,0.637823,96
37,ecology,planetary regeneration,1908155804.210722,7154484494.711534,0.0,1.0,0.60744,0.072193,2603073150.173641,0.0,1.0,0.032017,0.637823,96
37,waste,material difference resolution,814646817.015131,623985445.655717,0.234042,0.765958,0.538672,0.062947,2278070513.253526,190661371.359414,1.0,0.032017,0.637823,96
38,water,primary reproduction,8147669784.72592,195708754.86836,0.97598,0.02402,0.875425,0.09898,3592061464.288083,195708754.86836,1.0,0.031075,0.637825,208
38,food,primary reproduction,8147669784.72592,168576346.463224,0.97931,0.02069,0.866806,0.101805,3696205829.796234,168576346.463224,1.0,0.031075,0.637825,212
38,energy,energy infrastructure,8147669784.72592,180245126.210409,0.977878,0.022122,0.834917,0.095771,3476644459.481287,180245126.210409,1.0,0.031075,0.637825,218
38,shelter,social infrastructure,8147669784.72592,119304873621.38559,0.0,1.0,0.460028,0.054509,1986532434.750746,119304873621.38559,1.0,0.031075,0.637825,192
38,health,care reproduction,1772669746.037521,81633275221.91844,0.0,1.0,0.475964,0.057328,2080821432.587487,81633275221.91844,1.0,0.031075,0.637825,192
38,care,care reproduction,1708367078.1878,83203189085.97963,0.0,1.0,0.451636,0.053986,1966365659.500332,83203189085.97963,1.0,0.031075,0.637825,192
38,education,knowledge reproduction,1514490658.766484,65176018137.95623,0.0,1.0,0.413269,0.049125,1790266009.014051,65176018137.95623,1.0,0.031075,0.637825,192
38,mobility,logistics circulation,1724233243.966439,42264085158.01916,0.0,1.0,0.385895,0.045066,1642207935.844536,42264085158.01916,1.0,0.031075,0.637825,192
38,manufacturing,material transformation,758086487.178015,40857469060.35173,0.0,1.0,0.441872,0.051814,1888071352.347388,40857469060.35173,1.0,0.031075,0.637825,96
38,storage,resilience capacity,1159953710.105061,70893744461.16946,0.0,1.0,0.437072,0.049802,1815124393.499187,70893744461.16946,1.0,0.031075,0.637825,96
38,governance,institutional coordination,591101930.250608,63857668671.07599,0.0,1.0,0.453548,0.05194,1893657694.494371,63857668671.07599,1.0,0.031075,0.637825,192
38,knowledge,knowledge reproduction,558172425.598229,89455685295.21638,0.0,1.0,0.446125,0.051147,1865379068.225379,89455685295.21638,1.0,0.031075,0.637825,192
38,resilience,risk protection,990179840.185001,63438705432.7459,0.0,1.0,0.454865,0.052459,1911879065.346538,63438705432.7459,1.0,0.031075,0.637825,192
38,repair,circular industry,0.0,6124530719.501968,0.0,1.0,0.429355,0.051224,1865670844.773493,6124530719.501968,1.0,0.031075,0.637825,96
38,ecology,planetary regeneration,1895674334.567493,7182446318.14561,0.0,1.0,0.606766,0.072104,2611988771.724667,0.0,1.0,0.031075,0.637825,96
38,waste,material difference resolution,814766978.472591,624525772.488022,0.233492,0.766508,0.538734,0.06294,2288333410.534676,190241205.98457,1.0,0.031075,0.637825,96
39,water,primary reproduction,8148874895.123448,208536521.233089,0.974409,0.025591,0.875018,0.098915,3606071684.761885,208536521.233089,1.0,0.030257,0.637827,206
39,food,primary reproduction,8148874895.123448,182831484.862327,0.977564,0.022436,0.866828,0.101786,3712718667.410475,182831484.862327,1.0,0.030257,0.637827,214
39,energy,energy infrastructure,8148874895.123448,188883604.691793,0.976821,0.023179,0.834745,0.095732,3491135230.204867,188883604.691793,1.0,0.030257,0.637827,219
39,shelter,social infrastructure,8148874895.123448,122456837847.75807,0.0,1.0,0.460263,0.054523,1996512919.76532,122456837847.75807,1.0,0.030257,0.637827,192
39,health,care reproduction,1770965777.050211,84113952924.09853,0.0,1.0,0.476444,0.057366,2091557047.33381,84113952924.09853,1.0,0.030257,0.637827,192
39,care,care reproduction,1708617067.72683,85738432717.07668,0.0,1.0,0.45187,0.054,1976239178.349497,85738432717.07668,1.0,0.030257,0.637827,192
39,education,knowledge reproduction,1509959953.716156,67166017894.05862,0.0,1.0,0.413503,0.04914,1799342498.786565,67166017894.05862,1.0,0.030257,0.637827,192
39,mobility,logistics circulation,1724487006.759849,43568566177.94412,0.0,1.0,0.386471,0.045118,1651267147.277522,43568566177.94412,1.0,0.030257,0.637827,192
39,manufacturing,material transformation,758503707.437768,41983366491.13478,0.0,1.0,0.442095,0.051827,1897566557.166585,41983366491.13478,1.0,0.030257,0.637827,96
39,storage,resilience capacity,1159254056.634089,72889715435.32034,0.0,1.0,0.437307,0.049817,1824321802.014345,72889715435.32034,1.0,0.030257,0.637827,96
39,governance,institutional coordination,590381515.822776,65722607672.06122,0.0,1.0,0.453783,0.051955,1903230093.625508,65722607672.06122,1.0,0.030257,0.637827,192
39,knowledge,knowledge reproduction,556726945.944559,92223730966.97626,0.0,1.0,0.44636,0.051161,1874822591.361607,92223730966.97626,1.0,0.030257,0.637827,192
39,resilience,risk protection,986898553.78113,65349516780.754036,0.0,1.0,0.4551,0.052474,1921521069.653069,65349516780.754036,1.0,0.030257,0.637827,192
39,repair,circular industry,0.0,6255774907.415135,0.0,1.0,0.429586,0.051238,1875064644.56203,6255774907.415135,1.0,0.030257,0.637827,96
39,ecology,planetary regeneration,1883777202.344271,7209318409.484101,0.0,1.0,0.606118,0.07202,2621289753.165949,0.0,1.0,0.030257,0.637827,96
39,waste,material difference resolution,814887489.512345,624906549.393834,0.233138,0.766862,0.538752,0.062929,2298689205.13965,189980940.118511,1.0,0.030257,0.637827,96
40,water,primary reproduction,8150083755.624772,231960176.348592,0.971539,0.028461,0.874624,0.098851,3620120679.501877,231960176.348592,1.0,0.02945,0.637828,210
40,food,primary reproduction,8150083755.624772,198566009.76836,0.975636,0.024364,0.866803,0.101761,3729050523.540311,198566009.76836,1.0,0.02945,0.637828,217
40,energy,energy infrastructure,8150083755.624772,197061521.968389,0.975821,0.024179,0.83457,0.095692,3505651133.460358,197061521.968389,1.0,0.02945,0.637828,220
40,shelter,social infrastructure,8150083755.624772,125623971858.5539,0.0,1.0,0.460508,0.054537,2006569480.445736,125623971858.5539,1.0,0.02945,0.637828,192
40,health,care reproduction,1769128311.251391,86624139135.54002,0.0,1.0,0.476941,0.057405,2102375618.066501,86624139135.54002,1.0,0.02945,0.637828,192
40,care,care reproduction,1708867743.815126,88298623713.7116,0.0,1.0,0.452113,0.054014,1986189575.404563,88298623713.7116,1.0,0.02945,0.637828,192
40,education,knowledge reproduction,1505526918.45146,69175337485.3041,0.0,1.0,0.413746,0.049156,1808490226.673923,69175337485.3041,1.0,0.02945,0.637828,192
40,mobility,logistics circulation,1724741531.442529,44887831264.36631,0.0,1.0,0.386895,0.045153,1660086732.932373,44887831264.36631,1.0,0.02945,0.637828,192
40,manufacturing,material transformation,758909380.561151,43114779510.51768,0.0,1.0,0.442329,0.051841,1907136999.098697,43114779510.51768,1.0,0.02945,0.637828,96
40,storage,resilience capacity,1158271027.94566,74895304458.69557,0.0,1.0,0.437551,0.049832,1833592102.863864,74895304458.69557,1.0,0.02945,0.637828,96
40,governance,institutional coordination,589697792.631893,67600016991.18487,0.0,1.0,0.454028,0.05197,1912876099.968184,67600016991.18487,1.0,0.02945,0.637828,192
40,knowledge,knowledge reproduction,555311115.5829,95017767310.57072,0.0,1.0,0.446604,0.051177,1884342749.152379,95017767310.57072,1.0,0.02945,0.637828,192
40,resilience,risk protection,983315258.342088,67276752894.17555,0.0,1.0,0.455344,0.052489,1931237511.224426,67276752894.17555,1.0,0.02945,0.637828,192
40,repair,circular industry,0.0,6388378007.110586,0.0,1.0,0.429827,0.051253,1884529268.812022,6388378007.110586,1.0,0.02945,0.637828,96
40,ecology,planetary regeneration,1872257672.517615,7235408914.868937,0.0,1.0,0.60552,0.07194,2630783401.397759,0.0,1.0,0.02945,0.637828,96
40,waste,material difference resolution,815008375.562477,625267199.487436,0.232809,0.767191,0.538858,0.062927,2309446139.851085,189741176.075042,1.0,0.02945,0.637828,96
41,water,primary reproduction,8151296872.421539,253532307.199798,0.968897,0.031103,0.873772,0.098735,3631815575.448283,253532307.199798,1.0,0.028654,0.63783,210
41,food,primary reproduction,8151296872.421539,215906971.78612,0.973513,0.026487,0.866747,0.101732,3745463846.015191,215906971.78612,1.0,0.028654,0.63783,218
41,energy,energy infrastructure,8151296872.421539,205601032.197413,0.974777,0.025223,0.834411,0.095652,3520459856.17722,205601032.197413,1.0,0.028654,0.63783,221
41,shelter,social infrastructure,8151296872.421539,128806591169.99805,0.0,1.0,0.460746,0.054551,2016742683.043862,128806591169.99805,1.0,0.028654,0.63783,192
41,health,care reproduction,1767241053.770519,89166722200.53017,0.0,1.0,0.478109,0.057518,2114875448.758764,89166722200.53017,1.0,0.028654,0.63783,192
41,care,care reproduction,1709119239.426371,90884250487.46704,0.0,1.0,0.452349,0.054028,1996254666.080131,90884250487.46704,1.0,0.028654,0.63783,192
41,education,knowledge reproduction,1501093193.434947,71204206198.11261,0.0,1.0,0.413983,0.049171,1817739786.593926,71204206198.11261,1.0,0.028654,0.63783,192
41,mobility,logistics circulation,1724996888.781878,46221919500.884766,0.0,1.0,0.387247,0.04518,1668873304.131023,46221919500.884766,1.0,0.028654,0.63783,192
41,manufacturing,material transformation,759304502.260916,44251824855.50823,0.0,1.0,0.442556,0.051854,1916819755.700856,44251824855.50823,1.0,0.028654,0.63783,96
41,storage,resilience capacity,1157285764.24422,76910700168.38701,0.0,1.0,0.437788,0.049847,1842967042.760651,76910700168.38701,1.0,0.028654,0.63783,96
41,governance,institutional coordination,589060426.436272,69490143585.27878,0.0,1.0,0.454266,0.051985,1922634536.401304,69490143585.27878,1.0,0.028654,0.63783,192
41,knowledge,knowledge reproduction,553895093.0295,97837888246.33633,0.0,1.0,0.446842,0.051191,1893976230.996546,97837888246.33633,1.0,0.028654,0.63783,192
41,resilience,risk protection,980224645.732311,69220346608.98358,0.0,1.0,0.455582,0.052503,1941068333.327479,69220346608.98358,1.0,0.028654,0.63783,192
41,repair,circular industry,0.0,6522378141.98844,0.0,1.0,0.430061,0.051267,1894100497.61262,6522378141.98844,1.0,0.028654,0.63783,96
41,ecology,planetary regeneration,1860807974.856175,7261384071.33784,0.0,1.0,0.604941,0.071861,2640490873.444253,0.0,1.0,0.028654,0.63783,96
41,waste,material difference resolution,815129687.242154,625678139.365691,0.232419,0.767581,0.538967,0.062925,2320371876.269197,189451547.876463,1.0,0.028654,0.63783,96
42,water,primary reproduction,8152514162.113478,275933552.903534,0.966154,0.033846,0.872974,0.098628,3643336590.470788,275933552.903534,1.0,0.027936,0.637832,211
42,food,primary reproduction,8152514162.113478,236615601.365866,0.970976,0.029024,0.866646,0.101704,3761434595.140965,236615601.365866,1.0,0.027936,0.637832,221
42,energy,energy infrastructure,8152514162.113478,214079151.462613,0.973741,0.026259,0.834231,0.095615,3534937339.329766,214079151.462613,1.0,0.027936,0.637832,221
42,shelter,social infrastructure,8152514162.113478,132004562951.29715,0.0,1.0,0.460977,0.054567,2026792691.920277,132004562951.29715,1.0,0.027936,0.637832,192
42,health,care reproduction,1765319670.932129,91740327336.94698,0.0,1.0,0.478902,0.057593,2126433819.010686,91740327336.94698,1.0,0.027936,0.637832,192
42,care,care reproduction,1709371514.104553,93495247171.89702,0.0,1.0,0.45258,0.054044,2006201770.274489,93495247171.89702,1.0,0.027936,0.637832,192
42,education,knowledge reproduction,1496715181.107881,73252441522.70671,0.0,1.0,0.414214,0.049188,1826875928.926982,73252441522.70671,1.0,0.027936,0.637832,192
42,mobility,logistics circulation,1725253065.017887,47570625923.14922,0.0,1.0,0.387564,0.045206,1677497876.97159,47570625923.14922,1.0,0.027936,0.637832,192
42,manufacturing,material transformation,759711242.490664,45394458077.1199,0.0,1.0,0.442777,0.05187,1926386688.855255,45394458077.1199,1.0,0.027936,0.637832,96
42,storage,resilience capacity,1156200014.093115,78935798130.74663,0.0,1.0,0.438019,0.049864,1852225565.928702,78935798130.74663,1.0,0.027936,0.637832,96
42,governance,institutional coordination,588504295.888806,71392782717.99841,0.0,1.0,0.454497,0.052001,1932271620.95037,71392782717.99841,1.0,0.027936,0.637832,192
42,knowledge,knowledge reproduction,552495989.424209,100683980452.7698,0.0,1.0,0.447074,0.051208,1903488116.415723,100683980452.7698,1.0,0.027936,0.637832,192
42,resilience,risk protection,976459714.735304,71180590813.18848,0.0,1.0,0.455813,0.052519,1950779163.088306,71180590813.18848,1.0,0.027936,0.637832,192
42,repair,circular industry,0.0,6657773569.469155,0.0,1.0,0.430289,0.051284,1903553584.193998,6657773569.469155,1.0,0.027936,0.637832,96
42,ecology,planetary regeneration,1849509091.956423,7287045046.587809,0.0,1.0,0.60436,0.071787,2650053583.81124,0.0,1.0,0.027936,0.637832,96
42,waste,material difference resolution,815251416.211348,626071043.028795,0.232052,0.767948,0.539045,0.062923,2331056454.220444,189180373.182553,1.0,0.027936,0.637832,96
43,water,primary reproduction,8153735254.360223,292006092.074718,0.964187,0.035813,0.872174,0.098529,3654402015.303183,292006092.074718,1.0,0.027299,0.637834,213
43,food,primary reproduction,8153735254.360223,261095076.723144,0.967978,0.032022,0.86641,0.101667,3776167325.404493,261095076.723144,1.0,0.027299,0.637834,222
43,energy,energy infrastructure,8153735254.360223,222615715.691301,0.972698,0.027302,0.834039,0.095583,3548808552.126257,222615715.691301,1.0,0.027299,0.637834,222
43,shelter,social infrastructure,8153735254.360223,135217059347.72353,0.0,1.0,0.461192,0.054584,2036455118.290131,135217059347.72353,1.0,0.027299,0.637834,192
43,health,care reproduction,1763468136.432904,94343538926.59102,0.0,1.0,0.4795,0.05765,2137191792.577698,94343538926.59102,1.0,0.027299,0.637834,192
43,care,care reproduction,1709624510.403666,96130990379.54015,0.0,1.0,0.452794,0.054061,2015774291.215467,96130990379.54015,1.0,0.027299,0.637834,192
43,education,knowledge reproduction,1492388249.045405,75319345300.5671,0.0,1.0,0.414429,0.049205,1835660525.567884,75319345300.5671,1.0,0.027299,0.637834,192
43,mobility,logistics circulation,1725509976.663076,48933424046.072075,0.0,1.0,0.387851,0.045232,1685771585.771589,48933424046.072075,1.0,0.027299,0.637834,192
43,manufacturing,material transformation,760149233.594354,46542456631.3742,0.0,1.0,0.442983,0.051886,1935593215.137401,46542456631.3742,1.0,0.027299,0.637834,96
43,storage,resilience capacity,1155175908.340359,80970166249.86667,0.0,1.0,0.438234,0.049882,1861129107.457238,80970166249.86667,1.0,0.027299,0.637834,96
43,governance,institutional coordination,588002751.186221,73307361860.89584,0.0,1.0,0.454713,0.052019,1941539354.035962,73307361860.89584,1.0,0.027299,0.637834,192
43,knowledge,knowledge reproduction,551112387.082345,103555255631.51094,0.0,1.0,0.447288,0.051225,1912628656.868808,103555255631.51094,1.0,0.027299,0.637834,192
43,resilience,risk protection,972845284.984735,73156805347.20724,0.0,1.0,0.456029,0.052537,1960123526.054915,73156805347.20724,1.0,0.027299,0.637834,192
43,repair,circular industry,0.0,6794591770.107898,0.0,1.0,0.430501,0.051301,1912644676.218914,6794591770.107898,1.0,0.027299,0.637834,96
43,ecology,planetary regeneration,1838486128.993273,7312245923.167202,0.0,1.0,0.603774,0.071715,2659174128.506821,0.0,1.0,0.027299,0.637834,96
43,waste,material difference resolution,815373525.436022,626438160.767622,0.231716,0.768284,0.539116,0.062924,2341336848.938186,188935364.6684,1.0,0.027299,0.637834,96
44,water,primary reproduction,8154960224.791043,304194049.557548,0.962698,0.037302,0.87163,0.098459,3665925138.439704,304194049.557548,1.0,0.026723,0.637836,214
44,food,primary reproduction,8154960224.791043,285731566.662303,0.964962,0.035038,0.866025,0.101614,3789401203.629989,285731566.662303,1.0,0.026723,0.637836,225
44,energy,energy infrastructure,8154960224.791043,230759475.577553,0.971703,0.028297,0.833841,0.09555,3561837103.8689,230759475.577553,1.0,0.026723,0.637836,222
44,shelter,social infrastructure,8154960224.791043,138443027504.05206,0.0,1.0,0.461398,0.054601,2045590416.646706,138443027504.05206,1.0,0.026723,0.637836,192
44,health,care reproduction,1761604846.603434,96974341963.32695,0.0,1.0,0.479997,0.057697,2147195220.440293,96974341963.32695,1.0,0.026723,0.637836,192
44,care,care reproduction,1709878263.995809,98790437518.87164,0.0,1.0,0.453001,0.054077,2024832439.308847,98790437518.87164,1.0,0.026723,0.637836,192
44,education,knowledge reproduction,1488121107.353873,77404139218.0014,0.0,1.0,0.414636,0.049223,1843976733.00328,77404139218.0014,1.0,0.026723,0.637836,192
44,mobility,logistics circulation,1725767610.069417,50309476130.422905,0.0,1.0,0.388125,0.045257,1693601504.104117,50309476130.422905,1.0,0.026723,0.637836,192
44,manufacturing,material transformation,760578082.753897,47695467857.40651,0.0,1.0,0.443179,0.051902,1944299050.861844,47695467857.40651,1.0,0.026723,0.637836,96
44,storage,resilience capacity,1154253081.237085,83013233841.74756,0.0,1.0,0.438442,0.049899,1869560293.680608,83013233841.74756,1.0,0.026723,0.637836,96
44,governance,institutional coordination,587548592.773982,75233258719.26103,0.0,1.0,0.454922,0.052036,1950318347.47161,75233258719.26103,1.0,0.026723,0.637836,192
44,knowledge,knowledge reproduction,549746943.408102,106450579343.88556,0.0,1.0,0.447496,0.051243,1921283513.129706,106450579343.88556,1.0,0.026723,0.637836,192
44,resilience,risk protection,969409263.218175,75148139907.1374,0.0,1.0,0.456237,0.052554,1968976175.305407,75148139907.1374,1.0,0.026723,0.637836,192
44,repair,circular industry,0.0,6932834104.374536,0.0,1.0,0.430705,0.051317,1921246425.805503,6932834104.374536,1.0,0.026723,0.637836,96
44,ecology,planetary regeneration,1827819213.991171,7336670470.007993,0.0,1.0,0.603198,0.071646,2667716232.651645,0.0,1.0,0.026723,0.637836,96
44,waste,material difference resolution,815496022.479105,626796472.598049,0.231392,0.768608,0.539191,0.062925,2351142648.434857,188699549.881055,1.0,0.026723,0.637836,96
45,water,primary reproduction,8156189179.055966,317752518.675598,0.961042,0.038958,0.871233,0.098405,3678051110.937503,317752518.675598,1.0,0.026211,0.637838,214
45,food,primary reproduction,8156189179.055966,305594432.080817,0.962532,0.037468,0.865557,0.101554,3802067302.418464,305594432.080817,1.0,0.026211,0.637838,226
45,energy,energy infrastructure,8156189179.055966,238701957.945677,0.970734,0.029266,0.833654,0.09552,3574810256.445102,238701957.945677,1.0,0.026211,0.637838,222
45,shelter,social infrastructure,8156189179.055966,141682086897.24918,0.0,1.0,0.461595,0.054617,2054591459.971286,141682086897.24918,1.0,0.026211,0.637838,192
45,health,care reproduction,1759664220.555242,99632254356.7788,0.0,1.0,0.480433,0.057737,2156943868.004838,99632254356.7788,1.0,0.026211,0.637838,192
45,care,care reproduction,1710132766.459422,101473448146.92711,0.0,1.0,0.453198,0.054094,2033759829.734232,101473448146.92711,1.0,0.026211,0.637838,192
45,education,knowledge reproduction,1483874370.767406,79506670397.76694,0.0,1.0,0.414833,0.049239,1852175904.129589,79506670397.76694,1.0,0.026211,0.637838,192
45,mobility,logistics circulation,1726026006.397289,51698616012.384415,0.0,1.0,0.388389,0.04528,1701315590.542103,51698616012.384415,1.0,0.026211,0.637838,192
45,manufacturing,material transformation,760990129.838604,48853410138.64147,0.0,1.0,0.443366,0.051917,1952878686.184444,48853410138.64147,1.0,0.026211,0.637838,96
45,storage,resilience capacity,1153535347.220587,85064896331.82674,0.0,1.0,0.43864,0.049915,1877872698.99862,85064896331.82674,1.0,0.026211,0.637838,96
45,governance,institutional coordination,587110145.602488,77170359371.43991,0.0,1.0,0.45512,0.052053,1958977105.997595,77170359371.43991,1.0,0.026211,0.637838,192
45,knowledge,knowledge reproduction,548387701.079125,109369658718.56593,0.0,1.0,0.447693,0.051259,1929817144.48179,109369658718.56593,1.0,0.026211,0.637838,192
45,resilience,risk protection,966139135.950379,77154363993.75151,0.0,1.0,0.456435,0.05257,1977705096.236041,77154363993.75151,1.0,0.026211,0.637838,192
45,repair,circular industry,0.0,7072524429.5945,0.0,1.0,0.430899,0.051334,1929724045.44486,7072524429.5945,1.0,0.026211,0.637838,96
45,ecology,planetary regeneration,1817660364.252489,7360486248.622122,0.0,1.0,0.602636,0.071579,2676218160.538219,0.0,1.0,0.026211,0.637838,96
45,waste,material difference resolution,815618917.905597,627158213.827197,0.231065,0.768935,0.53926,0.062927,2360809806.927168,188460704.0784,1.0,0.026211,0.637838,96
46,water,primary reproduction,8157421626.469758,333488401.20193,0.959118,0.040882,0.870802,0.098348,3690279703.990458,333488401.20193,1.0,0.025702,0.63784,213
46,food,primary reproduction,8157421626.469758,322106477.170841,0.960514,0.039486,0.865139,0.101498,3815173535.307606,322106477.170841,1.0,0.025702,0.63784,225
46,energy,energy infrastructure,8157421626.469758,246858173.961195,0.969738,0.030262,0.833473,0.09549,3587846952.957672,246858173.961195,1.0,0.025702,0.63784,222
46,shelter,social infrastructure,8157421626.469758,144934352499.15634,0.0,1.0,0.461788,0.054632,2063594587.528559,144934352499.15634,1.0,0.025702,0.63784,192
46,health,care reproduction,1757727277.593252,102317393047.55801,0.0,1.0,0.480838,0.057775,2166623896.009265,102317393047.55801,1.0,0.025702,0.63784,192
46,care,care reproduction,1710387856.497571,104180134649.20128,0.0,1.0,0.453391,0.054109,2042685703.413947,104180134649.20128,1.0,0.025702,0.63784,192
46,education,knowledge reproduction,1479629226.547471,81626946316.99971,0.0,1.0,0.415026,0.049256,1860374351.728902,81626946316.99971,1.0,0.025702,0.63784,192
46,mobility,logistics circulation,1726284968.959159,53100848743.5001,0.0,1.0,0.38865,0.045304,1709027345.996416,53100848743.5001,1.0,0.025702,0.63784,192
46,manufacturing,material transformation,761383596.046028,50016300116.50543,0.0,1.0,0.44355,0.051932,1961460118.592953,50016300116.50543,1.0,0.025702,0.63784,96
46,storage,resilience capacity,1152942365.55771,87125190631.09474,0.0,1.0,0.438834,0.049932,1886184229.370947,87125190631.09474,1.0,0.025702,0.63784,96
46,governance,institutional coordination,586692175.585806,79118696122.13986,0.0,1.0,0.455315,0.052069,1967637942.176544,79118696122.13986,1.0,0.025702,0.63784,192
46,knowledge,knowledge reproduction,547028969.360861,112312513652.25217,0.0,1.0,0.447886,0.051275,1938349468.198445,112312513652.25217,1.0,0.025702,0.63784,192
46,resilience,risk protection,963025648.244871,79175382113.77388,0.0,1.0,0.456629,0.052586,1986432627.557762,79175382113.77388,1.0,0.025702,0.63784,192
46,repair,circular industry,0.0,7213682256.010439,0.0,1.0,0.43109,0.051349,1938202507.443342,7213682256.010439,1.0,0.025702,0.63784,96
46,ecology,planetary regeneration,1807731960.876727,7384129849.029989,0.0,1.0,0.602107,0.071516,2684869367.029189,0.0,1.0,0.025702,0.63784,96
46,waste,material difference resolution,815742162.646976,627504006.681863,0.230757,0.769243,0.539324,0.062928,2370443548.994983,188238155.965113,1.0,0.025702,0.63784,96
47,water,primary reproduction,8158657318.618388,349053198.59826,0.957217,0.042783,0.870289,0.098282,3702249661.836779,349053198.59826,1.0,0.025252,0.637843,215
47,food,primary reproduction,8158657318.618388,337327741.843288,0.958654,0.041346,0.86485,0.101457,3828735831.064206,337327741.843288,1.0,0.025252,0.637843,227
47,energy,energy infrastructure,8158657318.618388,254836540.364849,0.968765,0.031235,0.833284,0.095459,3600782629.501198,254836540.364849,1.0,0.025252,0.637843,224
47,shelter,social infrastructure,8158657318.618388,148199778784.8983,0.0,1.0,0.461979,0.054648,2072534454.212509,148199778784.8983,1.0,0.025252,0.637843,192
47,health,care reproduction,1755784071.760583,105029345390.79083,0.0,1.0,0.481226,0.05781,2176197388.083849,105029345390.79083,1.0,0.025252,0.637843,192
47,care,care reproduction,1710643616.515926,106910445119.7432,0.0,1.0,0.453582,0.054125,2051549257.072615,106910445119.7432,1.0,0.025252,0.637843,192
47,education,knowledge reproduction,1475383934.669455,83764777873.27853,0.0,1.0,0.415218,0.049271,1868512005.181035,83764777873.27853,1.0,0.025252,0.637843,192
47,mobility,logistics circulation,1726544579.769392,54516008234.005844,0.0,1.0,0.388911,0.045328,1716686188.311484,54516008234.005844,1.0,0.025252,0.637843,192
47,manufacturing,material transformation,761759973.125144,51184086838.91825,0.0,1.0,0.443732,0.051947,1969987262.577397,51184086838.91825,1.0,0.025252,0.637843,96
47,storage,resilience capacity,1152379340.221071,89194039839.37964,0.0,1.0,0.439026,0.049948,1894440366.639505,89194039839.37964,1.0,0.025252,0.637843,96
47,governance,institutional coordination,586295171.017713,81078155589.15466,0.0,1.0,0.455508,0.052085,1976238562.512172,81078155589.15466,1.0,0.025252,0.637843,192
47,knowledge,knowledge reproduction,545670188.589406,115279029383.4287,0.0,1.0,0.448077,0.051291,1946822589.139572,115279029383.4287,1.0,0.025252,0.637843,192
47,resilience,risk protection,960117099.868618,81210863560.71979,0.0,1.0,0.456822,0.052602,1995096070.796597,81210863560.71979,1.0,0.025252,0.637843,192
47,repair,circular industry,0.0,7356337895.469556,0.0,1.0,0.431278,0.051365,1946627346.465132,7356337895.469556,1.0,0.025252,0.637843,96
47,ecology,planetary regeneration,1798134096.920984,7407656167.367605,0.0,1.0,0.601591,0.071454,2693495576.117098,0.0,1.0,0.025252,0.637843,96
47,waste,material difference resolution,815865731.861838,627837272.80929,0.230465,0.769535,0.539393,0.062929,2379906576.555004,188028459.052549,1.0,0.025252,0.637843,96
48,water,primary reproduction,8159896234.980946,361732888.568256,0.955669,0.044331,0.86977,0.098215,3713807887.561484,361732888.568256,1.0,0.024871,0.637845,216
48,food,primary reproduction,8159896234.980946,350345331.652274,0.957065,0.042935,0.864608,0.10142,3842312140.661009,350345331.652274,1.0,0.024871,0.637845,228
48,energy,energy infrastructure,8159896234.980946,262362746.776685,0.967847,0.032153,0.8331,0.095429,3613558124.391306,262362746.776685,1.0,0.024871,0.637845,228
48,shelter,social infrastructure,8159896234.980946,151478198570.90005,0.0,1.0,0.462166,0.054663,2081352898.863896,151478198570.90005,1.0,0.024871,0.637845,192
48,health,care reproduction,1753765034.111257,107767835923.61986,0.0,1.0,0.481605,0.057844,2185619762.318664,107767835923.61986,1.0,0.024871,0.637845,192
48,care,care reproduction,1710900090.345213,109664165732.21521,0.0,1.0,0.453769,0.05414,2060285546.49207,109664165732.21521,1.0,0.024871,0.637845,192
48,education,knowledge reproduction,1471149501.562717,85920030939.56013,0.0,1.0,0.415406,0.049287,1876537656.104968,85920030939.56013,1.0,0.024871,0.637845,192
48,mobility,logistics circulation,1726804737.674372,55943970391.17789,0.0,1.0,0.389172,0.045351,1724241447.415889,55943970391.17789,1.0,0.024871,0.637845,192
48,manufacturing,material transformation,762117828.561105,52356684558.32147,0.0,1.0,0.443912,0.051961,1978390248.307675,52356684558.32147,1.0,0.024871,0.637845,96
48,storage,resilience capacity,1151962901.855688,91271352760.16988,0.0,1.0,0.439214,0.049963,1902579854.378239,91271352760.16988,1.0,0.024871,0.637845,96
48,governance,institutional coordination,585947337.909626,83048596992.20064,0.0,1.0,0.455697,0.0521,1984723596.534662,83048596992.20064,1.0,0.024871,0.637845,192
48,knowledge,knowledge reproduction,544314840.72012,118269057840.0898,0.0,1.0,0.448266,0.051306,1955175945.724811,118269057840.0898,1.0,0.024871,0.637845,192
48,resilience,risk protection,957885389.6045,83260208074.22778,0.0,1.0,0.457011,0.052617,2003639451.068515,83260208074.22778,1.0,0.024871,0.637845,192
48,repair,circular industry,0.0,7500449100.916532,0.0,1.0,0.431464,0.05138,1954934517.793901,7500449100.916532,1.0,0.024871,0.637845,96
48,ecology,planetary regeneration,1789138864.635693,7429873276.7118,0.0,1.0,0.601094,0.071393,2702008780.071226,0.0,1.0,0.024871,0.637845,96
48,waste,material difference resolution,815989623.498095,628160660.251484,0.230185,0.769815,0.539466,0.062931,2389501598.003393,187828963.24661,1.0,0.024871,0.637845,96
49,water,primary reproduction,8161137991.188252,372649606.792122,0.954339,0.045661,0.86939,0.098162,3725508626.756255,372649606.792122,1.0,0.024489,0.637847,215
49,food,primary reproduction,8161137991.188252,361767580.817923,0.955672,0.044328,0.864472,0.101393,3855882135.955522,361767580.817923,1.0,0.024489,0.637847,232
49,energy,energy infrastructure,8161137991.188252,269664988.622356,0.966957,0.033043,0.832925,0.095398,3625911627.707868,269664988.622356,1.0,0.024489,0.637847,227
49,shelter,social infrastructure,8161137991.188252,154769009396.02643,0.0,1.0,0.462342,0.054675,2089836415.282948,154769009396.02643,1.0,0.024489,0.637847,192
49,health,care reproduction,1751620424.598916,110532078409.87547,0.0,1.0,0.481968,0.057876,2194681757.52834,110532078409.87547,1.0,0.024489,0.637847,192
49,care,care reproduction,1711157000.306226,112440518102.51993,0.0,1.0,0.453944,0.054152,2068684664.613434,112440518102.51993,1.0,0.024489,0.637847,192
49,education,knowledge reproduction,1466928212.896808,88092057499.4583,0.0,1.0,0.415581,0.0493,1884251868.21365,88092057499.4583,1.0,0.024489,0.637847,192
49,mobility,logistics circulation,1727065370.307555,57384204577.735214,0.0,1.0,0.389423,0.045372,1731507118.641048,57384204577.735214,1.0,0.024489,0.637847,192
49,manufacturing,material transformation,762456558.558733,53533857030.20305,0.0,1.0,0.44408,0.051974,1986469160.347002,53533857030.20305,1.0,0.024489,0.637847,96
49,storage,resilience capacity,1151618186.847871,93356723670.4411,0.0,1.0,0.43939,0.049976,1910404837.707357,93356723670.4411,1.0,0.024489,0.637847,96
49,governance,institutional coordination,585631077.600691,85029475210.01744,0.0,1.0,0.455874,0.052114,1992880912.773241,85029475210.01744,1.0,0.024489,0.637847,192
49,knowledge,knowledge reproduction,542964134.986357,121281971791.78879,0.0,1.0,0.448441,0.05132,1963204095.389817,121281971791.78879,1.0,0.024489,0.637847,192
49,resilience,risk protection,956058191.857004,85322544006.63947,0.0,1.0,0.457187,0.052631,2011848121.438568,85322544006.63947,1.0,0.024489,0.637847,192
49,repair,circular industry,0.0,7646029481.912298,0.0,1.0,0.431636,0.051392,1962919139.191678,7646029481.912298,1.0,0.024489,0.637847,96
49,ecology,planetary regeneration,1780645266.380589,7450809466.491959,0.0,1.0,0.600626,0.071335,2710287495.059641,0.0,1.0,0.024489,0.637847,96
49,waste,material difference resolution,816113799.118825,628438789.424122,0.229962,0.770038,0.539529,0.062931,2398994086.933826,187675009.694703,1.0,0.024489,0.637847,96
50,water,primary reproduction,8162382671.302551,382790704.923598,0.953103,0.046897,0.869103,0.098117,3737751638.585999,382790704.923598,1.0,0.024146,0.63785,216
50,food,primary reproduction,8162382671.302551,371224236.466216,0.95452,0.04548,0.864388,0.101371,3869773292.676425,371224236.466216,1.0,0.024146,0.63785,234
50,energy,energy infrastructure,8162382671.302551,277181628.079784,0.966042,0.033958,0.832751,0.095366,3638373836.666169,277181628.079784,1.0,0.024146,0.63785,226
50,shelter,social infrastructure,8162382671.302551,158072201916.35663,0.0,1.0,0.462508,0.054687,2098330107.233781,158072201916.35663,1.0,0.024146,0.63785,192
50,health,care reproduction,1749354271.473871,113322448965.188,0.0,1.0,0.482321,0.057905,2203746903.368614,113322448965.188,1.0,0.024146,0.63785,192
50,care,care reproduction,1711414538.98681,115239602083.37984,0.0,1.0,0.45411,0.054164,2077097212.939436,115239602083.37984,1.0,0.024146,0.63785,192
50,education,knowledge reproduction,1462714190.4099,90280762716.72542,0.0,1.0,0.415747,0.049312,1891971627.38764,90280762716.72542,1.0,0.024146,0.63785,192
50,mobility,logistics circulation,1727326553.65264,58836664079.82439,0.0,1.0,0.389668,0.045393,1738779230.611873,58836664079.82439,1.0,0.024146,0.63785,192
50,manufacturing,material transformation,762775939.164071,54715594417.724174,0.0,1.0,0.444239,0.051984,1994565589.567706,54715594417.724174,1.0,0.024146,0.63785,96
50,storage,resilience capacity,1151310464.94755,95450125207.79936,0.0,1.0,0.439557,0.049988,1918243281.259333,95450125207.79936,1.0,0.024146,0.63785,96
50,governance,institutional coordination,585360187.930477,87020660259.75806,0.0,1.0,0.456041,0.052125,2001045224.639804,87020660259.75806,1.0,0.024146,0.63785,192
50,knowledge,knowledge reproduction,541615627.202623,124317686292.20984,0.0,1.0,0.448607,0.051331,1971241506.896276,124317686292.20984,1.0,0.024146,0.63785,192
50,resilience,risk protection,954497375.68314,87397589802.53535,0.0,1.0,0.457354,0.052642,2020066260.411588,87397589802.53535,1.0,0.024146,0.63785,192
50,repair,circular industry,0.0,7793133923.688597,0.0,1.0,0.431799,0.051404,1970916956.805988,7793133923.688597,1.0,0.024146,0.63785,96
50,ecology,planetary regeneration,1772419412.673555,7471026992.815009,0.0,1.0,0.600184,0.071279,2718735960.051258,0.0,1.0,0.024146,0.63785,96
50,waste,material difference resolution,816238267.130255,628713990.665772,0.229742,0.770258,0.539606,0.062931,2408082386.38636,187524276.464483,1.0,0.024146,0.63785,96
51,water,primary reproduction,8163630475.688418,392789160.681382,0.951885,0.048115,0.868863,0.098078,3750090338.367577,392789160.681382,1.0,0.023866,0.637852,215
51,food,primary reproduction,8163630475.688418,379586591.37671,0.953503,0.046497,0.864346,0.101353,3883715808.729029,379586591.37671,1.0,0.023866,0.637852,235
51,energy,energy infrastructure,8163630475.688418,285152464.537988,0.96507,0.03493,0.83256,0.095333,3650640786.240535,285152464.537988,1.0,0.023866,0.637852,229
51,shelter,social infrastructure,8163630475.688418,161387640789.76172,0.0,1.0,0.462666,0.054697,2106722704.779965,161387640789.76172,1.0,0.023866,0.637852,192
51,health,care reproduction,1747051999.338061,116139203248.78026,0.0,1.0,0.482669,0.057935,2212701083.045617,116139203248.78026,1.0,0.023866,0.637852,192
51,care,care reproduction,1711672659.615197,118061284463.9934,0.0,1.0,0.454268,0.054174,2085404163.085995,118061284463.9934,1.0,0.023866,0.637852,192
51,education,knowledge reproduction,1458533511.588923,92486029744.91093,0.0,1.0,0.415906,0.049323,1899596683.935949,92486029744.91093,1.0,0.023866,0.637852,192
51,mobility,logistics circulation,1727588280.315609,60301262352.68255,0.0,1.0,0.389909,0.045413,1745962132.605951,60301262352.68255,1.0,0.023866,0.637852,192
51,manufacturing,material transformation,763074909.604844,55901833745.12978,0.0,1.0,0.444391,0.051994,2002558296.269918,55901833745.12978,1.0,0.023866,0.637852,96
51,storage,resilience capacity,1151004116.334138,97551471707.01569,0.0,1.0,0.439716,0.049999,1925982344.64187,97551471707.01569,1.0,0.023866,0.637852,96
51,governance,institutional coordination,585097442.984138,89022008377.03368,0.0,1.0,0.456199,0.052136,2009110209.413438,89022008377.03368,1.0,0.023866,0.637852,192
51,knowledge,knowledge reproduction,540277232.625167,127376079464.27458,0.0,1.0,0.448765,0.051342,1979177073.872648,127376079464.27458,1.0,0.023866,0.637852,192
51,resilience,risk protection,952963317.686163,89485249941.19603,0.0,1.0,0.457513,0.052653,2028183004.852475,89485249941.19603,1.0,0.023866,0.637852,192
51,repair,circular industry,0.0,7941730050.998178,0.0,1.0,0.431955,0.051414,1978813008.791284,7941730050.998178,1.0,0.023866,0.637852,96
51,ecology,planetary regeneration,1764263020.878279,7491162380.434391,0.0,1.0,0.599752,0.071224,2727124843.498023,0.0,1.0,0.023866,0.637852,96
51,waste,material difference resolution,816363047.568842,629004346.453123,0.229504,0.770496,0.539676,0.062931,2417325235.556072,187358701.115718,1.0,0.023866,0.637852,96
52,water,primary reproduction,8164881932.181071,403937221.106416,0.950527,0.049473,0.868645,0.098041,3762657514.977071,403937221.106416,1.0,0.023676,0.637855,214
52,food,primary reproduction,8164881932.181071,387773479.06916,0.952507,0.047493,0.864325,0.101338,3897900198.886781,387773479.06916,1.0,0.023676,0.637855,238
52,energy,energy infrastructure,8164881932.181071,294790133.445858,0.963895,0.036105,0.832353,0.095298,3662971006.075107,294790133.445858,1.0,0.023676,0.637855,227
52,shelter,social infrastructure,8164881932.181071,164715432383.22296,0.0,1.0,0.462826,0.054707,2115192791.442309,164715432383.22296,1.0,0.023676,0.637855,192
52,health,care reproduction,1744644629.738782,118982520000.7556,0.0,1.0,0.483021,0.057964,2221732738.886676,118982520000.7556,1.0,0.023676,0.637855,192
52,care,care reproduction,1711931471.676406,120905847484.19035,0.0,1.0,0.454428,0.054184,2093790591.856357,120905847484.19035,1.0,0.023676,0.637855,192
52,education,knowledge reproduction,1454386697.091559,94707975854.54977,0.0,1.0,0.416066,0.049334,1907294627.42254,94707975854.54977,1.0,0.023676,0.637855,192
52,mobility,logistics circulation,1727850700.280735,61778067763.04144,0.0,1.0,0.390154,0.045433,1753214699.43592,61778067763.04144,1.0,0.023676,0.637855,192
52,manufacturing,material transformation,763310601.151672,57092620526.51448,0.0,1.0,0.444544,0.052004,2010631409.737314,57092620526.51448,1.0,0.023676,0.637855,96
52,storage,resilience capacity,1150626891.041457,99660864331.31084,0.0,1.0,0.439877,0.05001,1933799442.795584,99660864331.31084,1.0,0.023676,0.637855,96
52,governance,institutional coordination,584847214.353849,91033601825.36478,0.0,1.0,0.456359,0.052147,2017251159.780472,91033601825.36478,1.0,0.023676,0.637855,192
52,knowledge,knowledge reproduction,538949122.694644,130457199962.49939,0.0,1.0,0.448925,0.051353,1987188817.751036,130457199962.49939,1.0,0.023676,0.637855,192
52,resilience,risk protection,951335270.796215,91585706936.07861,0.0,1.0,0.457674,0.052664,2036378245.218201,91585706936.07861,1.0,0.023676,0.637855,192
52,repair,circular industry,0.0,8091859656.880503,0.0,1.0,0.432112,0.051424,1986786987.826186,8091859656.880503,1.0,0.023676,0.637855,96
52,ecology,planetary regeneration,1756107879.549357,7511299503.997475,0.0,1.0,0.599327,0.071169,2735602700.445904,0.0,1.0,0.023676,0.637855,96
52,waste,material difference resolution,816488193.218107,629318384.290218,0.229238,0.770762,0.539741,0.06293,2426477823.109531,187169808.927889,1.0,0.023676,0.637855,96
53,water,primary reproduction,8166138473.938285,417420666.486978,0.948884,0.051116,0.868402,0.098001,3775362530.348128,417420666.486978,1.0,0.023484,0.637857,218
53,food,primary reproduction,8166138473.938285,395735704.501775,0.951539,0.048461,0.864314,0.101323,3912399080.73877,395735704.501775,1.0,0.023484,0.637857,238
53,energy,energy infrastructure,8166138473.938285,306752029.568126,0.962436,0.037564,0.832088,0.095256,3675295490.171395,306752029.568126,1.0,0.023484,0.637857,228
53,shelter,social infrastructure,8166138473.938285,168055977685.6391,0.0,1.0,0.462994,0.054718,2123851736.265606,168055977685.6391,1.0,0.023484,0.637857,192
53,health,care reproduction,1742103862.271838,121853556400.90779,0.0,1.0,0.483384,0.057994,2230956563.329551,121853556400.90779,1.0,0.023484,0.637857,192
53,care,care reproduction,1712191295.934831,123773825623.10883,0.0,1.0,0.454596,0.054195,2102363435.054002,123773825623.10883,1.0,0.023484,0.637857,192
53,education,knowledge reproduction,1450244211.123951,96946931557.02086,0.0,1.0,0.416234,0.049346,1915166610.302355,96946931557.02086,1.0,0.023484,0.637857,192
53,mobility,logistics circulation,1728114089.985292,63267386982.764565,0.0,1.0,0.390411,0.045454,1760632958.466529,63267386982.764565,1.0,0.023484,0.637857,192
53,manufacturing,material transformation,763542441.907905,58288050688.635826,0.0,1.0,0.444708,0.052015,2018893309.047213,58288050688.635826,1.0,0.023484,0.637857,96
53,storage,resilience capacity,1150137684.126411,101778523033.68034,0.0,1.0,0.440045,0.050022,1941789428.618872,101778523033.68034,1.0,0.023484,0.637857,96
53,governance,institutional coordination,584642682.146264,93055708022.82066,0.0,1.0,0.456527,0.052158,2025572770.421196,93055708022.82066,1.0,0.023484,0.637857,192
53,knowledge,knowledge reproduction,537622363.769198,133561389320.11256,0.0,1.0,0.449092,0.051364,1995378669.932556,133561389320.11256,1.0,0.023484,0.637857,192
53,resilience,risk protection,949589882.688948,93699343532.59871,0.0,1.0,0.457842,0.052675,2044754648.806146,93699343532.59871,1.0,0.023484,0.637857,192
53,repair,circular industry,0.0,8243525049.486034,0.0,1.0,0.432277,0.051435,1994939916.917476,8243525049.486034,1.0,0.023484,0.637857,96
53,ecology,planetary regeneration,1748186456.383196,7530970097.023188,0.0,1.0,0.598908,0.071115,2744294143.253046,0.0,1.0,0.023484,0.637857,96
53,waste,material difference resolution,816613847.393828,629738336.14035,0.228842,0.771158,0.539801,0.062928,2435791776.766996,186875511.253479,1.0,0.023484,0.637857,96
54,water,primary reproduction,8167402078.011054,429075881.207222,0.947465,0.052535,0.868077,0.097955,3787681056.491667,429075881.207222,1.0,0.023293,0.63786,220
54,food,primary reproduction,8167402078.011054,405715139.642992,0.950325,0.049675,0.864312,0.101311,3926973983.691772,405715139.642992,1.0,0.023293,0.63786,236
54,energy,energy infrastructure,8167402078.011054,317936741.680607,0.961072,0.038928,0.831732,0.095207,3687203813.825149,317936741.680607,1.0,0.023293,0.63786,229
54,shelter,social infrastructure,8167402078.011054,171409541703.93784,0.0,1.0,0.463164,0.054731,2132550587.118087,171409541703.93784,1.0,0.023293,0.63786,192
54,health,care reproduction,1739464538.565592,124753154578.4696,0.0,1.0,0.483698,0.058021,2240108627.308098,124753154578.4696,1.0,0.023293,0.63786,192
54,care,care reproduction,1712452596.382195,126665413281.26726,0.0,1.0,0.454765,0.054208,2110973047.272586,126665413281.26726,1.0,0.023293,0.63786,192
54,education,knowledge reproduction,1446145058.652828,99203006207.68736,0.0,1.0,0.416404,0.049359,1923074495.495467,99203006207.68736,1.0,0.023293,0.63786,192
54,mobility,logistics circulation,1728378852.181722,64769369498.13188,0.0,1.0,0.390675,0.045477,1768089380.394024,64769369498.13188,1.0,0.023293,0.63786,192
54,manufacturing,material transformation,763791763.548608,59488142600.00617,0.0,1.0,0.444874,0.052027,2027191638.22314,59488142600.00617,1.0,0.023293,0.63786,96
54,storage,resilience capacity,1149670458.176649,103904536453.97366,0.0,1.0,0.440215,0.050035,1949811194.790424,103904536453.97366,1.0,0.023293,0.63786,96
54,governance,institutional coordination,584467878.89154,95088362218.52876,0.0,1.0,0.456697,0.052171,2033926729.531696,95088362218.52876,1.0,0.023293,0.63786,192
54,knowledge,knowledge reproduction,536308814.827439,136688910102.86914,0.0,1.0,0.449262,0.051377,2003601882.277773,136688910102.86914,1.0,0.023293,0.63786,192
54,resilience,risk protection,947874865.433921,95826229560.30702,0.0,1.0,0.458013,0.052688,2053163984.986753,95826229560.30702,1.0,0.023293,0.63786,192
54,repair,circular industry,0.0,8396703741.005767,0.0,1.0,0.432444,0.051448,2003126790.919909,8396703741.005767,1.0,0.023293,0.63786,96
54,ecology,planetary regeneration,1740335622.178607,7550453801.7783,0.0,1.0,0.598509,0.071065,2753066539.410302,0.0,1.0,0.023293,0.63786,96
54,waste,material difference resolution,816740207.801105,630299571.250156,0.228274,0.771726,0.539812,0.062923,2444901884.416918,186440636.550949,1.0,0.023293,0.63786,96
55,water,primary reproduction,8168672391.24488,444663220.282746,0.945565,0.054435,0.867825,0.097919,3800383539.544163,444663220.282746,1.0,0.023102,0.637862,220
55,food,primary reproduction,8168672391.24488,418598900.708157,0.948756,0.051244,0.86423,0.101294,3941200397.634471,418598900.708157,1.0,0.023102,0.637862,238
55,energy,energy infrastructure,8168672391.24488,328895918.615307,0.959737,0.040263,0.831391,0.095162,3699227182.196162,328895918.615307,1.0,0.023102,0.637862,229
55,shelter,social infrastructure,8168672391.24488,174776266570.45633,0.0,1.0,0.463321,0.054743,2141229978.610848,174776266570.45633,1.0,0.023102,0.637862,192
55,health,care reproduction,1736673647.005004,127681146578.72118,0.0,1.0,0.483923,0.05804,2249085667.90414,127681146578.72118,1.0,0.023102,0.637862,192
55,care,care reproduction,1712715332.657508,129580706893.48863,0.0,1.0,0.454922,0.05422,2119563842.841385,129580706893.48863,1.0,0.023102,0.637862,192
55,education,knowledge reproduction,1442087036.80742,101476126627.63078,0.0,1.0,0.416561,0.049372,1930961264.606494,101476126627.63078,1.0,0.023102,0.637862,192
55,mobility,logistics circulation,1728644907.353729,66284024841.9667,0.0,1.0,0.39093,0.0455,1775523313.0073,66284024841.9667,1.0,0.023102,0.637862,192
55,manufacturing,material transformation,764053197.56252,60692925822.45242,0.0,1.0,0.445026,0.05204,2035470893.561788,60692925822.45242,1.0,0.023102,0.637862,96
55,storage,resilience capacity,1149051853.005723,106038888534.8977,0.0,1.0,0.440372,0.050048,1957809342.571702,106038888534.8977,1.0,0.023102,0.637862,96
55,governance,institutional coordination,584299781.372087,97131520176.59146,0.0,1.0,0.456854,0.052184,2042259507.564377,97131520176.59146,1.0,0.023102,0.637862,192
55,knowledge,knowledge reproduction,535007814.77568,139839720108.55966,0.0,1.0,0.449419,0.05139,2011800818.657668,139839720108.55966,1.0,0.023102,0.637862,192
55,resilience,risk protection,945650342.745818,97966727959.60915,0.0,1.0,0.458171,0.052701,2061551188.358669,97966727959.60915,1.0,0.023102,0.637862,192
55,repair,circular industry,0.0,8551315908.82967,0.0,1.0,0.432598,0.051461,2011294107.326005,8551315908.82967,1.0,0.023102,0.637862,96
55,ecology,planetary regeneration,1732583439.183923,7569669389.237157,0.0,1.0,0.598101,0.071016,2761820847.473495,0.0,1.0,0.023102,0.637862,96
55,waste,material difference resolution,816867239.124488,630799999.617789,0.227781,0.772219,0.53974,0.062911,2453729232.12536,186067239.506699,1.0,0.023102,0.637862,96
56,water,primary reproduction,8169949964.95284,463063162.342725,0.943321,0.056679,0.867435,0.097872,3813049858.730064,463063162.342725,1.0,0.022909,0.637865,223
56,food,primary reproduction,8169949964.95284,432024618.907327,0.94712,0.05288,0.864039,0.101268,3955366377.810337,432024618.907327,1.0,0.022909,0.637865,239
56,energy,energy infrastructure,8169949964.95284,338968418.310435,0.95851,0.04149,0.831051,0.095121,3711655799.371295,338968418.310435,1.0,0.022909,0.637865,230
56,shelter,social infrastructure,8169949964.95284,178156494148.55234,0.0,1.0,0.463473,0.054757,2150122580.307047,178156494148.55234,1.0,0.022909,0.637865,192
56,health,care reproduction,1733838822.275541,130638398015.28577,0.0,1.0,0.484128,0.058058,2258250527.262687,130638398015.28577,1.0,0.022909,0.637865,192
56,care,care reproduction,1712979557.99049,132520298772.89432,0.0,1.0,0.455073,0.054234,2128365957.326397,132520298772.89432,1.0,0.022909,0.637865,192
56,education,knowledge reproduction,1438077501.392136,103766636784.9084,0.0,1.0,0.416713,0.049386,1939038537.418551,103766636784.9084,1.0,0.022909,0.637865,192
56,mobility,logistics circulation,1728912412.305757,67811686459.4562,0.0,1.0,0.391184,0.045525,1783132769.310682,67811686459.4562,1.0,0.022909,0.637865,192
56,manufacturing,material transformation,764295035.424946,61902559872.05653,0.0,1.0,0.445173,0.052053,2043949549.187244,61902559872.05653,1.0,0.022909,0.637865,96
56,storage,resilience capacity,1148373285.878909,108181859671.9998,0.0,1.0,0.440523,0.050062,1965997586.412048,108181859671.9998,1.0,0.022909,0.637865,96
56,governance,institutional coordination,584137542.237187,99185460945.36633,0.0,1.0,0.457006,0.052198,2050794443.715328,99185460945.36633,1.0,0.022909,0.637865,192
56,knowledge,knowledge reproduction,533721589.506214,143014175380.49384,0.0,1.0,0.44957,0.051404,2020196095.590396,143014175380.49384,1.0,0.022909,0.637865,192
56,resilience,risk protection,943173994.095139,100121331946.49455,0.0,1.0,0.458323,0.052715,2070139002.449559,100121331946.49455,1.0,0.022909,0.637865,192
56,repair,circular industry,0.0,8707448352.279066,0.0,1.0,0.432747,0.051474,2019660563.894011,8707448352.279066,1.0,0.022909,0.637865,96
56,ecology,planetary regeneration,1724873370.351111,7588823447.057306,0.0,1.0,0.597695,0.070969,2770870281.765496,0.0,1.0,0.022909,0.637865,96
56,waste,material difference resolution,816994996.495283,631326128.855648,0.227258,0.772742,0.539694,0.062903,2463015647.867968,185668867.639636,1.0,0.022909,0.637865,96
57,water,primary reproduction,8171234071.834854,479134542.800773,0.941363,0.058637,0.866926,0.097816,3825894872.981681,479134542.800773,1.0,0.022714,0.637867,225
57,food,primary reproduction,8171234071.834854,448830324.56535,0.945072,0.054928,0.863819,0.101242,3969558694.923716,448830324.56535,1.0,0.022714,0.637867,241
57,energy,energy infrastructure,8171234071.834854,348175539.79709,0.95739,0.04261,0.830737,0.095084,3724293759.499052,348175539.79709,1.0,0.022714,0.637867,230
57,shelter,social infrastructure,8171234071.834854,181550290839.6873,0.0,1.0,0.463617,0.054772,2159053765.536521,181550290839.6873,1.0,0.022714,0.637867,192
57,health,care reproduction,1731078492.897401,133625017627.60214,0.0,1.0,0.484318,0.058077,2267433730.488786,133625017627.60214,1.0,0.022714,0.637867,192
57,care,care reproduction,1713245129.48537,135484310391.68034,0.0,1.0,0.455219,0.054248,2137202034.5957,135484310391.68034,1.0,0.022714,0.637867,192
57,education,knowledge reproduction,1434107577.613758,106074576035.31868,0.0,1.0,0.416858,0.049401,1947150318.826636,106074576035.31868,1.0,0.022714,0.637867,192
57,mobility,logistics circulation,1729181193.806249,69352454037.9464,0.0,1.0,0.391436,0.04555,1790773440.645163,69352454037.9464,1.0,0.022714,0.637867,192
57,manufacturing,material transformation,764523931.095062,63117068017.85836,0.0,1.0,0.445314,0.052067,2052461269.247903,63117068017.85836,1.0,0.022714,0.637867,96
57,storage,resilience capacity,1147752975.36737,110333495429.19907,0.0,1.0,0.440669,0.050076,1974216053.179178,110333495429.19907,1.0,0.022714,0.637867,96
57,governance,institutional coordination,583994336.111151,101250203580.67883,0.0,1.0,0.457151,0.052212,2059365620.592803,101250203580.67883,1.0,0.022714,0.637867,192
57,knowledge,knowledge reproduction,532447441.714022,146212257263.8123,0.0,1.0,0.449715,0.051418,2028622633.499505,146212257263.8123,1.0,0.022714,0.637867,192
57,resilience,risk protection,940854116.793783,102289987626.68085,0.0,1.0,0.458469,0.052729,2078757409.224555,102289987626.68085,1.0,0.022714,0.637867,192
57,repair,circular industry,0.0,8865074495.277351,0.0,1.0,0.432889,0.051488,2028065131.148472,8865074495.277351,1.0,0.022714,0.637867,96
57,ecology,planetary regeneration,1717530029.884223,7607118674.729791,0.0,1.0,0.597285,0.070924,2779974380.180531,0.0,1.0,0.022714,0.637867,96
57,waste,material difference resolution,817123407.183486,631764907.443276,0.226843,0.773157,0.539629,0.062895,2472315807.588649,185358499.74021,1.0,0.022714,0.637867,96
58,water,primary reproduction,8172524485.865611,491885518.777315,0.939812,0.060188,0.866453,0.097762,3837933399.009667,491885518.777315,1.0,0.022517,0.63787,226
58,food,primary reproduction,8172524485.865611,466895339.942596,0.94287,0.05713,0.863558,0.101212,3983048829.998119,466895339.942596,1.0,0.022517,0.63787,242
58,energy,energy infrastructure,8172524485.865611,356560304.463736,0.956371,0.043629,0.830452,0.095051,3736613575.12792,356560304.463736,1.0,0.022517,0.63787,231
58,shelter,social infrastructure,8172524485.865611,184956868293.90567,0.0,1.0,0.463753,0.054785,2167686748.67363,184956868293.90567,1.0,0.022517,0.63787,192
58,health,care reproduction,1728242340.452136,136639963369.04045,0.0,1.0,0.4845,0.058095,2276310857.71715,136639963369.04045,1.0,0.022517,0.63787,192
58,care,care reproduction,1713511987.521942,138472191181.7572,0.0,1.0,0.455355,0.054262,2145746859.557312,138472191181.7572,1.0,0.022517,0.63787,192
58,education,knowledge reproduction,1430151351.991215,108399442232.0391,0.0,1.0,0.416995,0.049414,1955000695.543412,108399442232.0391,1.0,0.022517,0.63787,192
58,mobility,logistics circulation,1729451230.081769,70905927844.90427,0.0,1.0,0.391685,0.045576,1798165365.008306,70905927844.90427,1.0,0.022517,0.63787,192
58,manufacturing,material transformation,764772742.926906,64336272867.26561,0.0,1.0,0.445447,0.052081,2060690128.351019,64336272867.26561,1.0,0.022517,0.63787,96
58,storage,resilience capacity,1147280241.303354,112493502603.00156,0.0,1.0,0.440805,0.05009,1982168975.019663,112493502603.00156,1.0,0.022517,0.63787,96
58,governance,institutional coordination,583861411.444308,103325389023.94653,0.0,1.0,0.457288,0.052226,2067656755.877145,103325389023.94653,1.0,0.022517,0.63787,192
58,knowledge,knowledge reproduction,531177501.233869,149433426691.73843,0.0,1.0,0.449851,0.051432,2036771642.680408,149433426691.73843,1.0,0.022517,0.63787,192
58,resilience,risk protection,939117673.998943,104471749891.62206,0.0,1.0,0.458605,0.052743,2087084835.141852,104471749891.62206,1.0,0.022517,0.63787,192
58,repair,circular industry,0.0,9024301790.767857,0.0,1.0,0.433023,0.051502,2036193718.119056,9024301790.767857,1.0,0.022517,0.63787,96
58,ecology,planetary regeneration,1710888910.398559,7623846351.842564,0.0,1.0,0.596892,0.07088,2788809746.909806,0.0,1.0,0.022517,0.63787,96
58,waste,material difference resolution,817252448.586561,632140786.065056,0.226505,0.773495,0.539598,0.062891,2481343251.421893,185111662.521505,1.0,0.022517,0.63787,96
59,water,primary reproduction,8173820877.896254,511063585.342595,0.937476,0.062524,0.866174,0.097726,3850719406.528358,511063585.342595,1.0,0.022318,0.637873,224
59,food,primary reproduction,8173820877.896254,483837201.173777,0.940806,0.059194,0.863365,0.101186,3996868961.429226,483837201.173777,1.0,0.022318,0.637873,242
59,energy,energy infrastructure,8173820877.896254,365738572.652188,0.955255,0.044745,0.830193,0.095018,3749104648.148201,365738572.652188,1.0,0.022318,0.637873,231
59,shelter,social infrastructure,8173820877.896254,188376000260.99127,0.0,1.0,0.463878,0.054796,2176313294.046557,188376000260.99127,1.0,0.022318,0.637873,192
59,health,care reproduction,1725292272.274988,139683526841.29788,0.0,1.0,0.484672,0.05811,2285185022.14191,139683526841.29788,1.0,0.022318,0.637873,192
59,care,care reproduction,1713780092.657199,141484038463.92487,0.0,1.0,0.455482,0.054273,2154289915.768388,141484038463.92487,1.0,0.022318,0.637873,192
59,education,knowledge reproduction,1426199930.574561,110741223734.03625,0.0,1.0,0.417122,0.049426,1962846398.460657,110741223734.03625,1.0,0.022318,0.637873,192
59,mobility,logistics circulation,1729722422.594124,72472085736.1512,0.0,1.0,0.391929,0.045599,1805549478.925749,72472085736.1512,1.0,0.022318,0.637873,192
59,manufacturing,material transformation,765293190.10348,65560188897.77955,0.0,1.0,0.445569,0.052091,2068912822.0085,65560188897.77955,1.0,0.022318,0.637873,96
59,storage,resilience capacity,1146646874.330781,114661898614.54703,0.0,1.0,0.440932,0.050101,1990117725.643962,114661898614.54703,1.0,0.022318,0.637873,96
59,governance,institutional coordination,583742844.99402,105411045096.65266,0.0,1.0,0.457415,0.052238,2075944291.858495,105411045096.65266,1.0,0.022318,0.637873,192
59,knowledge,knowledge reproduction,529909069.029596,152677742578.01862,0.0,1.0,0.449978,0.051443,2044917475.398582,152677742578.01862,1.0,0.022318,0.637873,192
59,resilience,risk protection,936956288.295586,106666940271.97536,0.0,1.0,0.458731,0.052754,2095409899.595128,106666940271.97536,1.0,0.022318,0.637873,192
59,repair,circular industry,0.0,9185193642.357561,0.0,1.0,0.433147,0.051513,2044317575.161494,9185193642.357561,1.0,0.022318,0.637873,96
59,ecology,planetary regeneration,1704375515.337122,7640227741.336466,0.0,1.0,0.596539,0.070839,2797836650.723477,0.0,1.0,0.022318,0.637873,96
59,waste,material difference resolution,817382087.789626,632485258.05509,0.226206,0.773794,0.539588,0.062887,2490453689.437667,184896829.734535,1.0,0.022318,0.637873,96
60,water,primary reproduction,8175124180.440655,531948419.745779,0.934931,0.065069,0.865654,0.097667,3862652857.395893,531948419.745779,1.0,0.022118,0.637875,227
60,food,primary reproduction,8175124180.440655,498203359.380485,0.939059,0.060941,0.8632,0.101165,4011080522.52937,498203359.380485,1.0,0.022118,0.637875,245
60,energy,energy infrastructure,8175124180.440655,374890768.478805,0.954142,0.045858,0.829899,0.094983,3761697863.724165,374890768.478805,1.0,0.022118,0.637875,231
60,shelter,social infrastructure,8175124180.440655,191808568859.79077,0.0,1.0,0.464005,0.054809,2185118166.715435,191808568859.79077,1.0,0.022118,0.637875,192
60,health,care reproduction,1722187095.05523,142756355141.37155,0.0,1.0,0.484844,0.058126,2294235817.05153,142756355141.37155,1.0,0.022118,0.637875,192
60,care,care reproduction,1714049613.633316,144520286658.02667,0.0,1.0,0.455609,0.054286,2163006126.366401,144520286658.02667,1.0,0.022118,0.637875,192
60,education,knowledge reproduction,1422253708.142951,113100216308.8886,0.0,1.0,0.41725,0.049438,1970848257.797714,113100216308.8886,1.0,0.022118,0.637875,192
60,mobility,logistics circulation,1729994959.263881,74051202521.00606,0.0,1.0,0.392178,0.045624,1813081627.561274,74051202521.00606,1.0,0.022118,0.637875,192
60,manufacturing,material transformation,765796491.396116,66788928117.5986,0.0,1.0,0.445683,0.052103,2077261722.472689,66788928117.5986,1.0,0.022118,0.637875,96
60,storage,resilience capacity,1145995704.294564,116838906861.56763,0.0,1.0,0.441058,0.050114,1998224703.577093,116838906861.56763,1.0,0.022118,0.637875,96
60,governance,institutional coordination,583635621.795514,107507395132.15483,0.0,1.0,0.457543,0.05225,2084397052.095678,107507395132.15483,1.0,0.022118,0.637875,192
60,knowledge,knowledge reproduction,528642279.531121,155945606771.80295,0.0,1.0,0.450105,0.051456,2053226834.546424,155945606771.80295,1.0,0.022118,0.637875,192
60,resilience,risk protection,934801395.717039,108875821800.35094,0.0,1.0,0.458857,0.052766,2103902330.995281,108875821800.35094,1.0,0.022118,0.637875,192
60,repair,circular industry,0.0,9347734911.082672,0.0,1.0,0.43327,0.051525,2052605017.594769,9347734911.082672,1.0,0.022118,0.637875,96
60,ecology,planetary regeneration,1698124758.366213,7655980009.876638,0.0,1.0,0.596195,0.070801,2807120876.716858,0.0,1.0,0.022118,0.637875,96
60,waste,material difference resolution,817512418.044066,632891060.317185,0.225833,0.774167,0.539594,0.062887,2500088211.339022,184621357.726881,1.0,0.022118,0.637875,96
61,water,primary reproduction,8176434619.043941,549587417.910243,0.932784,0.067216,0.865061,0.097602,3874645085.30448,549587417.910243,1.0,0.021938,0.637878,228
61,food,primary reproduction,8176434619.043941,510298779.150158,0.937589,0.062411,0.863068,0.101149,4025883835.460877,510298779.150158,1.0,0.021938,0.637878,243
61,energy,energy infrastructure,8176434619.043941,385237168.451545,0.952884,0.047116,0.829602,0.094949,3774696763.527885,385237168.451545,1.0,0.021938,0.637878,230
61,shelter,social infrastructure,8176434619.043941,195254993789.4662,0.0,1.0,0.464127,0.054821,2194146635.261729,195254993789.4662,1.0,0.021938,0.637878,192
61,health,care reproduction,1718931043.246826,145859158211.1984,0.0,1.0,0.48501,0.058143,2303571097.918326,145859158211.1984,1.0,0.021938,0.637878,192
61,care,care reproduction,1714320611.821043,147581461872.10086,0.0,1.0,0.455731,0.054298,2171944335.199335,147581461872.10086,1.0,0.021938,0.637878,192
61,education,knowledge reproduction,1418325184.49889,115476783298.82469,0.0,1.0,0.417372,0.049451,1979050038.042946,115476783298.82469,1.0,0.021938,0.637878,192
61,mobility,logistics circulation,1730268890.930866,75643621892.55048,0.0,1.0,0.392429,0.04565,1820829245.321854,75643621892.55048,1.0,0.021938,0.637878,192
61,manufacturing,material transformation,766289464.278889,68022621613.76692,0.0,1.0,0.445793,0.052114,2085819324.034321,68022621613.76692,1.0,0.021938,0.637878,96
61,storage,resilience capacity,1145420209.308585,119024788011.15851,0.0,1.0,0.44118,0.050127,2006534679.919778,119024788011.15851,1.0,0.021938,0.637878,96
61,governance,institutional coordination,583539089.739306,109614716806.53908,0.0,1.0,0.457665,0.052263,2093059653.671063,109614716806.53908,1.0,0.021938,0.637878,192
61,knowledge,knowledge reproduction,527380935.299959,159237503153.96075,0.0,1.0,0.450227,0.051469,2061744502.55233,159237503153.96075,1.0,0.021938,0.637878,192
61,resilience,risk protection,933071670.27826,111098410559.20448,0.0,1.0,0.458978,0.052779,2112607926.358716,111098410559.20448,1.0,0.021938,0.637878,192
61,repair,circular industry,0.0,9511882077.430246,0.0,1.0,0.433389,0.051537,2061101089.9507,9511882077.430246,1.0,0.021938,0.637878,96
61,ecology,planetary regeneration,1692268711.557446,7670837616.381001,0.0,1.0,0.595864,0.070765,2816767916.928074,0.0,1.0,0.021938,0.637878,96
61,waste,material difference resolution,817643461.904394,633293662.137541,0.225465,0.774535,0.539565,0.062883,2509673882.563066,184349799.766854,1.0,0.021938,0.637878,96
62,water,primary reproduction,8177752922.745105,565409725.424812,0.93086,0.06914,0.864605,0.09755,3887531758.323817,565409725.424812,1.0,0.02176,0.63788,229
62,food,primary reproduction,8177752922.745105,522082140.791426,0.936158,0.063842,0.862978,0.101136,4041197034.69499,522082140.791426,1.0,0.02176,0.63788,242
62,energy,energy infrastructure,8177752922.745105,395737295.854331,0.951608,0.048392,0.829253,0.094908,3787727897.477169,395737295.854331,1.0,0.02176,0.63788,232
62,shelter,social infrastructure,8177752922.745105,198715508953.56406,0.0,1.0,0.464246,0.054833,2203325188.143152,198715508953.56406,1.0,0.02176,0.63788,192
62,health,care reproduction,1715587267.386734,148992386819.48123,0.0,1.0,0.485167,0.058158,2313098789.878797,148992386819.48123,1.0,0.02176,0.63788,192
62,care,care reproduction,1714593246.681353,150667919294.93445,0.0,1.0,0.45585,0.05431,2181032224.516482,150667919294.93445,1.0,0.02176,0.63788,192
62,education,knowledge reproduction,1414433199.055453,117871157098.62686,0.0,1.0,0.417492,0.049463,1987387590.562258,117871157098.62686,1.0,0.02176,0.63788,192
62,mobility,logistics circulation,1730544351.113039,77249522303.5052,0.0,1.0,0.39265,0.045672,1828686696.894737,77249522303.5052,1.0,0.02176,0.63788,192
62,manufacturing,material transformation,766763261.815138,69261365590.27438,0.0,1.0,0.4459,0.052125,2094517840.190368,69261365590.27438,1.0,0.02176,0.63788,96
62,storage,resilience capacity,1144869060.890001,121219691797.9564,0.0,1.0,0.441299,0.050139,2014979596.327561,121219691797.9564,1.0,0.02176,0.63788,96
62,governance,institutional coordination,583459758.117581,111733196763.73698,0.0,1.0,0.457785,0.052275,2101863254.218576,111733196763.73698,1.0,0.02176,0.63788,192
62,knowledge,knowledge reproduction,526130747.930608,162553768256.78076,0.0,1.0,0.450346,0.051481,2070400843.496648,162553768256.78076,1.0,0.02176,0.63788,192
62,resilience,risk protection,931465869.203078,113334830532.92882,0.0,1.0,0.459096,0.052791,2121457045.936678,113334830532.92882,1.0,0.02176,0.63788,192
62,repair,circular industry,0.0,9677660330.689203,0.0,1.0,0.433505,0.051549,2069736831.170575,9677660330.689203,1.0,0.02176,0.63788,96
62,ecology,planetary regeneration,1686581451.462817,7685239788.007256,0.0,1.0,0.595558,0.070731,2826718596.434198,0.0,1.0,0.02176,0.63788,96
62,waste,material difference resolution,817775292.27451,633741407.852551,0.225042,0.774958,0.539535,0.062879,2519357629.68579,184033884.421959,1.0,0.02176,0.63788,96
63,water,primary reproduction,8179079558.685779,580436272.723881,0.929034,0.070966,0.864246,0.097508,3900971927.155688,580436272.723881,1.0,0.02158,0.637882,230
63,food,primary reproduction,8179079558.685779,533907390.425133,0.934723,0.065277,0.862878,0.101123,4056627422.27415,533907390.425133,1.0,0.02158,0.637882,244
63,energy,energy infrastructure,8179079558.685779,405489882.849197,0.950424,0.049576,0.828898,0.094867,3800838333.497765,405489882.849197,1.0,0.02158,0.637882,236
63,shelter,social infrastructure,8179079558.685779,202190263225.93646,0.0,1.0,0.464364,0.054845,2212562749.682193,202190263225.93646,1.0,0.02158,0.637882,192
63,health,care reproduction,1712083303.805854,152156300155.73303,0.0,1.0,0.485314,0.058173,2322672629.872328,152156300155.73303,1.0,0.02158,0.637882,192
63,care,care reproduction,1714867656.898643,153779779902.36478,0.0,1.0,0.455969,0.054322,2190176646.024343,153779779902.36478,1.0,0.02158,0.637882,192
63,education,knowledge reproduction,1410613049.437409,120283397354.37749,0.0,1.0,0.417611,0.049475,1995776526.227888,120283397354.37749,1.0,0.02158,0.637882,192
63,mobility,logistics circulation,1730821479.37941,78868913282.61136,0.0,1.0,0.392827,0.04569,1836526427.078722,78868913282.61136,1.0,0.02158,0.637882,192
63,manufacturing,material transformation,767250622.150174,70505221982.38426,0.0,1.0,0.446007,0.052135,2103273017.80711,70505221982.38426,1.0,0.02158,0.637882,96
63,storage,resilience capacity,1144330038.000606,123423699886.28998,0.0,1.0,0.441417,0.05015,2023472801.171221,123423699886.28998,1.0,0.02158,0.637882,96
63,governance,institutional coordination,583401861.981479,113862871265.37752,0.0,1.0,0.457903,0.052287,2110717366.841707,113862871265.37752,1.0,0.02158,0.637882,192
63,knowledge,knowledge reproduction,524902438.31883,165894528383.06522,0.0,1.0,0.450465,0.051492,2079105826.454795,165894528383.06522,1.0,0.02158,0.637882,192
63,resilience,risk protection,929923000.9071,115585103635.27484,0.0,1.0,0.459214,0.052802,2130357751.035286,115585103635.27484,1.0,0.02158,0.637882,192
63,repair,circular industry,0.0,9845080358.075329,0.0,1.0,0.43362,0.05156,2078427241.808273,9845080358.075329,1.0,0.02158,0.637882,96
63,ecology,planetary regeneration,1680927192.062669,7699546784.439733,0.0,1.0,0.595263,0.070698,2836792475.576263,0.0,1.0,0.02158,0.637882,96
63,waste,material difference resolution,817907955.868577,634190970.371151,0.224618,0.775382,0.539483,0.062872,2529226525.315145,183716985.497427,1.0,0.02158,0.637882,96
64,water,primary reproduction,8180414322.661466,595035755.173539,0.927261,0.072739,0.863934,0.097472,3914818040.7322,595035755.173539,1.0,0.021398,0.637885,231
64,food,primary reproduction,8180414322.661466,547010677.987044,0.933132,0.066868,0.862766,0.101109,4072253797.275043,547010677.987044,1.0,0.021398,0.637885,250
64,energy,energy infrastructure,8180414322.661466,416705921.254789,0.949061,0.050939,0.828564,0.094829,3814203600.339149,416705921.254789,1.0,0.021398,0.637885,237
64,shelter,social infrastructure,8180414322.661466,205679396379.21432,0.0,1.0,0.464476,0.054856,2221876833.156016,205679396379.21432,1.0,0.021398,0.637885,192
64,health,care reproduction,1708435017.580478,155351417595.0464,0.0,1.0,0.485452,0.058186,2332327317.458345,155351417595.0464,1.0,0.021398,0.637885,192
64,care,care reproduction,1715143757.316881,156917232014.6494,0.0,1.0,0.456081,0.054333,2199397012.917707,156917232014.6494,1.0,0.021398,0.637885,192
64,education,knowledge reproduction,1406820167.783142,122713568738.41487,0.0,1.0,0.417723,0.049486,2004231567.386267,122713568738.41487,1.0,0.021398,0.637885,192
64,mobility,logistics circulation,1731100181.606115,80501868961.30295,0.0,1.0,0.392973,0.045705,1844391875.130964,80501868961.30295,1.0,0.021398,0.637885,192
64,manufacturing,material transformation,767762685.69098,71754252194.60876,0.0,1.0,0.446106,0.052145,2112093330.80802,71754252194.60876,1.0,0.021398,0.637885,96
64,storage,resilience capacity,1143746160.805963,125636917104.88339,0.0,1.0,0.441529,0.050162,2032031220.052222,125636917104.88339,1.0,0.021398,0.637885,96
64,governance,institutional coordination,583348868.973907,116003772337.39752,0.0,1.0,0.458015,0.052298,2119637641.285815,116003772337.39752,1.0,0.021398,0.637885,192
64,knowledge,knowledge reproduction,523682464.137051,169259886649.20828,0.0,1.0,0.450577,0.051504,2087878739.282169,169259886649.20828,1.0,0.021398,0.637885,192
64,resilience,risk protection,928427647.959093,117849311533.5839,0.0,1.0,0.459324,0.052813,2139330191.103768,117849311533.5839,1.0,0.021398,0.637885,192
64,repair,circular industry,0.0,10014147335.424818,0.0,1.0,0.433728,0.051571,2087189737.550525,10014147335.424818,1.0,0.021398,0.637885,96
64,ecology,planetary regeneration,1675349471.952499,7713644432.488515,0.0,1.0,0.594963,0.070665,2846967983.773192,0.0,1.0,0.021398,0.637885,96
64,waste,material difference resolution,818041432.266146,634584088.428501,0.224264,0.775736,0.539423,0.062865,2539257051.427043,183457343.837646,1.0,0.021398,0.637885,96
65,water,primary reproduction,8181758809.773344,611833420.247815,0.92522,0.07478,0.863705,0.097444,3929351665.346515,611833420.247815,1.0,0.021215,0.637887,230
65,food,primary reproduction,8181758809.773344,560653885.537476,0.931475,0.068525,0.862653,0.101093,4088051077.226626,560653885.537476,1.0,0.021215,0.637887,250
65,energy,energy infrastructure,8181758809.773344,426989913.407133,0.947812,0.052188,0.828173,0.094783,3827557489.03007,426989913.407133,1.0,0.021215,0.637887,238
65,shelter,social infrastructure,8181758809.773344,209183179635.55804,0.0,1.0,0.464595,0.054867,2231333849.023289,209183179635.55804,1.0,0.021215,0.637887,192
65,health,care reproduction,1704635675.092292,158578463257.39948,0.0,1.0,0.485595,0.0582,2342123286.727312,158578463257.39948,1.0,0.021215,0.637887,192
65,care,care reproduction,1715421935.615198,160080535301.8779,0.0,1.0,0.4562,0.054344,2208758036.090606,160080535301.8779,1.0,0.021215,0.637887,192
65,education,knowledge reproduction,1403030944.356758,125161898927.79843,0.0,1.0,0.417843,0.049498,2012817382.336411,125161898927.79843,1.0,0.021215,0.637887,192
65,mobility,logistics circulation,1731380881.555492,82148556628.78381,0.0,1.0,0.39311,0.045718,1852354872.975566,82148556628.78381,1.0,0.021215,0.637887,192
65,manufacturing,material transformation,768258893.665731,73008540898.8967,0.0,1.0,0.446213,0.052155,2121042402.719329,73008540898.8967,1.0,0.021215,0.637887,96
65,storage,resilience capacity,1143145961.736321,127859518469.82423,0.0,1.0,0.441647,0.050173,2040721512.382295,127859518469.82423,1.0,0.021215,0.637887,96
65,governance,institutional coordination,583322730.763049,118156069912.11253,0.0,1.0,0.458133,0.052309,2128694151.135146,118156069912.11253,1.0,0.021215,0.637887,192
65,knowledge,knowledge reproduction,522463705.989797,172650030330.35803,0.0,1.0,0.450696,0.051515,2096782020.876386,172650030330.35803,1.0,0.021215,0.637887,192
65,resilience,risk protection,926792755.212371,120127781504.45598,0.0,1.0,0.459442,0.052825,2148438138.851732,120127781504.45598,1.0,0.021215,0.637887,192
65,repair,circular industry,0.0,10184921821.337543,0.0,1.0,0.433844,0.051582,2096086893.050486,10184921821.337543,1.0,0.021215,0.637887,96
65,ecology,planetary regeneration,1669814185.503885,7727623059.865534,0.0,1.0,0.594676,0.070632,2857343114.21514,0.0,1.0,0.021215,0.637887,96
65,waste,material difference resolution,818175880.977334,635065021.517535,0.223804,0.776196,0.539398,0.062861,2549368387.491888,183110859.459799,1.0,0.021215,0.637887,96
66,water,primary reproduction,8183112359.493356,632896668.790737,0.922658,0.077342,0.863416,0.097411,3943745790.523428,632896668.790737,1.0,0.021031,0.63789,230
66,food,primary reproduction,8183112359.493356,575376845.879751,0.929687,0.070313,0.862557,0.101082,4104021942.983118,575376845.879751,1.0,0.021031,0.63789,249
66,energy,energy infrastructure,8183112359.493356,437734097.925118,0.946508,0.053492,0.827814,0.094743,3841165722.312336,437734097.925118,1.0,0.021031,0.63789,240
66,shelter,social infrastructure,8183112359.493356,212701635869.61777,0.0,1.0,0.464705,0.054878,2240845486.199467,212701635869.61777,1.0,0.021031,0.63789,192
66,health,care reproduction,1700767458.157138,161837977054.25452,0.0,1.0,0.48573,0.058213,2351977851.503349,161837977054.25452,1.0,0.021031,0.63789,192
66,care,care reproduction,1715702063.63425,163269907839.97653,0.0,1.0,0.456311,0.054356,2218175239.108589,163269907839.97653,1.0,0.021031,0.63789,192
66,education,knowledge reproduction,1399245093.313165,127628495387.27477,0.0,1.0,0.417954,0.049509,2021450807.030337,127628495387.27477,1.0,0.021031,0.63789,192
66,mobility,logistics circulation,1731663439.994652,83809006415.93863,0.0,1.0,0.393229,0.04573,1860344623.745641,83809006415.93863,1.0,0.021031,0.63789,192
66,manufacturing,material transformation,768734926.563195,74268102952.76056,0.0,1.0,0.44631,0.052165,2130039897.54735,74268102952.76056,1.0,0.021031,0.63789,96
66,storage,resilience capacity,1142410931.383811,130091577776.65982,0.0,1.0,0.441758,0.050184,2049458706.482333,130091577776.65982,1.0,0.021031,0.63789,96
66,governance,institutional coordination,583308959.310374,120319850084.07033,0.0,1.0,0.458244,0.052321,2137803540.661771,120319850084.07033,1.0,0.021031,0.63789,192
66,knowledge,knowledge reproduction,521246052.890287,176065104303.21817,0.0,1.0,0.450806,0.051526,2105736262.41434,176065104303.21817,1.0,0.021031,0.63789,192
66,resilience,risk protection,924901155.021882,122420809790.49463,0.0,1.0,0.459552,0.052836,2157601456.605626,122420809790.49463,1.0,0.021031,0.63789,192
66,repair,circular industry,0.0,10357334090.24408,0.0,1.0,0.433951,0.051593,2105037129.625529,10357334090.24408,1.0,0.021031,0.63789,96
66,ecology,planetary regeneration,1664527867.479889,7741057205.432948,0.0,1.0,0.594384,0.0706,2867785704.848204,0.0,1.0,0.021031,0.63789,96
66,waste,material difference resolution,818311235.949335,635479000.600887,0.223426,0.776574,0.539323,0.062853,2559548497.017786,182832235.348448,1.0,0.021031,0.63789,96
67,water,primary reproduction,8184475873.6656,655775761.297308,0.919876,0.080124,0.862966,0.097363,3957509951.890283,655775761.297308,1.0,0.020844,0.637892,232
67,food,primary reproduction,8184475873.6656,590875182.138749,0.927805,0.072195,0.862395,0.101065,4119792350.932796,590875182.138749,1.0,0.020844,0.637892,252
67,energy,energy infrastructure,8184475873.6656,448454155.62134,0.945207,0.054793,0.827405,0.094699,3854657140.290177,448454155.62134,1.0,0.020844,0.637892,242
67,shelter,social infrastructure,8184475873.6656,216234687332.08316,0.0,1.0,0.464783,0.054887,2250311984.652249,216234687332.08316,1.0,0.020844,0.637892,192
67,health,care reproduction,1696740508.684659,165130050579.10175,0.0,1.0,0.48583,0.058224,2361796250.614029,165130050579.10175,1.0,0.020844,0.637892,192
67,care,care reproduction,1715984312.064195,166485291750.80942,0.0,1.0,0.456389,0.054365,2227546879.701543,166485291750.80942,1.0,0.020844,0.637892,192
67,education,knowledge reproduction,1395547335.331692,130113308375.18106,0.0,1.0,0.418033,0.049518,2030039455.937502,130113308375.18106,1.0,0.020844,0.637892,192
67,mobility,logistics circulation,1731948043.274991,85484287979.20161,0.0,1.0,0.393759,0.045787,1869081886.149586,85484287979.20161,1.0,0.020844,0.637892,192
67,manufacturing,material transformation,769217113.345296,75532853056.84152,0.0,1.0,0.446376,0.052173,2138994961.998267,75532853056.84152,1.0,0.020844,0.637892,96
67,storage,resilience capacity,1141612122.045314,132333035002.50688,0.0,1.0,0.441835,0.050193,2058150825.16077,132333035002.50688,1.0,0.020844,0.637892,96
67,governance,institutional coordination,583299804.199319,122495094424.82161,0.0,1.0,0.458321,0.05233,2146869599.671245,122495094424.82161,1.0,0.020844,0.637892,192
67,knowledge,knowledge reproduction,520055222.000018,179505056342.90976,0.0,1.0,0.450884,0.051535,2114650804.40537,179505056342.90976,1.0,0.020844,0.637892,192
67,resilience,risk protection,922898077.364725,124728463435.52516,0.0,1.0,0.459628,0.052845,2166726085.636115,124728463435.52516,1.0,0.020844,0.637892,192
67,repair,circular industry,0.0,10531441957.012009,0.0,1.0,0.434025,0.051602,2113943451.542051,10531441957.012009,1.0,0.020844,0.637892,96
67,ecology,planetary regeneration,1659331967.885494,7754267020.46455,0.0,1.0,0.594076,0.070568,2878249119.062514,0.0,1.0,0.020844,0.637892,96
67,waste,material difference resolution,818447587.36656,635927756.020311,0.223007,0.776993,0.539248,0.062845,2569660651.05523,182519831.34625,1.0,0.020844,0.637892,96
68,water,primary reproduction,8185850233.726952,677677952.139341,0.917213,0.082787,0.862476,0.097312,3971494822.361593,677677952.139341,1.0,0.020657,0.637894,236
68,food,primary reproduction,8185850233.726952,605360321.999543,0.926048,0.073952,0.862196,0.101046,4135803199.811664,605360321.999543,1.0,0.020657,0.637894,256
68,energy,energy infrastructure,8185850233.726952,458655384.839197,0.94397,0.05603,0.826998,0.094657,3868569519.513371,458655384.839197,1.0,0.020657,0.637894,242
68,shelter,social infrastructure,8185850233.726952,219782808209.61026,0.0,1.0,0.46486,0.054897,2260002532.928732,219782808209.61026,1.0,0.020657,0.637894,192
68,health,care reproduction,1692549033.787066,168455660764.44324,0.0,1.0,0.485929,0.058236,2371853403.27351,168455660764.44324,1.0,0.020657,0.637894,192
68,care,care reproduction,1716268882.753142,169727305329.11624,0.0,1.0,0.456466,0.054374,2237142906.488332,169727305329.11624,1.0,0.020657,0.637894,192
68,education,knowledge reproduction,1391872842.351602,132616682329.35861,0.0,1.0,0.41811,0.049528,2038831730.528244,132616682329.35861,1.0,0.020657,0.637894,192
68,mobility,logistics circulation,1732234907.04173,87174694762.84224,0.0,1.0,0.394281,0.045843,1877978404.100786,87174694762.84224,1.0,0.020657,0.637894,192
68,manufacturing,material transformation,769696127.963671,76802736157.2677,0.0,1.0,0.44644,0.052181,2148164508.981207,76802736157.2677,1.0,0.020657,0.637894,96
68,storage,resilience capacity,1140885372.257459,134584171432.87318,0.0,1.0,0.441911,0.050203,2067049902.024156,134584171432.87318,1.0,0.020657,0.637894,96
68,governance,institutional coordination,583295530.127676,124682113849.6299,0.0,1.0,0.458397,0.052339,2156150896.331556,124682113849.6299,1.0,0.020657,0.637894,192
68,knowledge,knowledge reproduction,518871568.034339,182970227577.7653,0.0,1.0,0.45096,0.051545,2123777255.918648,182970227577.7653,1.0,0.020657,0.637894,192
68,resilience,risk protection,921180857.998055,127050916457.27864,0.0,1.0,0.459703,0.052854,2176071109.524845,127050916457.27864,1.0,0.020657,0.637894,192
68,repair,circular industry,0.0,10707235370.294975,0.0,1.0,0.434098,0.051611,2123062698.063298,10707235370.294975,1.0,0.020657,0.637894,96
68,ecology,planetary regeneration,1654275894.760473,7767178109.324169,0.0,1.0,0.593773,0.070538,2889018384.093086,0.0,1.0,0.020657,0.637894,96
68,waste,material difference resolution,818585023.372695,636404753.614852,0.222555,0.777445,0.539155,0.062837,2579891542.780405,182180269.757843,1.0,0.020657,0.637894,96
69,water,primary reproduction,8187235365.417502,699447100.507496,0.914569,0.085431,0.862073,0.09727,3986306652.800818,699447100.507496,1.0,0.020468,0.637897,238
69,food,primary reproduction,8187235365.417502,620470847.495368,0.924215,0.075785,0.862064,0.101032,4152516205.71207,620470847.495368,1.0,0.020468,0.637897,256
69,energy,energy infrastructure,8187235365.417502,469048912.679102,0.94271,0.05729,0.826622,0.094617,3882918712.873621,469048912.679102,1.0,0.020468,0.637897,246
69,shelter,social infrastructure,8187235365.417502,223346589033.92566,0.0,1.0,0.464944,0.054907,2269912247.654942,223346589033.92566,1.0,0.020468,0.637897,192
69,health,care reproduction,1688263691.900794,171815883028.8917,0.0,1.0,0.486037,0.058248,2382145298.495996,171815883028.8917,1.0,0.020468,0.637897,192
69,care,care reproduction,1716555756.588523,172996614627.5896,0.0,1.0,0.456552,0.054384,2246967640.61488,172996614627.5896,1.0,0.020468,0.637897,192
69,education,knowledge reproduction,1388244844.514492,135139039829.15807,0.0,1.0,0.418197,0.049538,2047833621.799438,135139039829.15807,1.0,0.020468,0.637897,192
69,mobility,logistics circulation,1732524074.35889,88880022567.80638,0.0,1.0,0.394605,0.045877,1886691533.262612,88880022567.80638,1.0,0.020468,0.637897,192
69,manufacturing,material transformation,770167271.43255,78077917828.79872,0.0,1.0,0.446514,0.05219,2157556013.015583,78077917828.79872,1.0,0.020468,0.637897,96
69,storage,resilience capacity,1140146827.968927,136845195540.4446,0.0,1.0,0.441996,0.050213,2076156030.623766,136845195540.4446,1.0,0.020468,0.637897,96
69,governance,institutional coordination,583295251.978214,126881237238.50017,0.0,1.0,0.458483,0.052349,2165652658.141636,126881237238.50017,1.0,0.020468,0.637897,192
69,knowledge,knowledge reproduction,517702123.113615,186461118024.73,0.0,1.0,0.451046,0.051555,2133122029.500588,186461118024.73,1.0,0.020468,0.637897,192
69,resilience,risk protection,919563695.153546,129388478390.31349,0.0,1.0,0.459788,0.052864,2185639764.851597,129388478390.31349,1.0,0.020468,0.637897,192
69,repair,circular industry,0.0,10884712220.360222,0.0,1.0,0.434181,0.05162,2132399906.890969,10884712220.360222,1.0,0.020468,0.637897,96
69,ecology,planetary regeneration,1649630214.912789,7779267941.901937,0.0,1.0,0.59349,0.070508,2900102146.183413,0.0,1.0,0.020468,0.637897,96
69,waste,material difference resolution,818723536.54175,636849996.224916,0.222143,0.777857,0.539059,0.062828,2590352716.606122,181873540.316834,1.0,0.020468,0.637897,96
70,water,primary reproduction,8188631590.97636,723219570.430559,0.91168,0.08832,0.861756,0.097235,4001915103.850247,723219570.430559,1.0,0.020319,0.637899,239
70,food,primary reproduction,8188631590.97636,636678699.293083,0.922248,0.077752,0.861914,0.101017,4169539456.429591,636678699.293083,1.0,0.020319,0.637899,261
70,energy,energy infrastructure,8188631590.97636,481450119.578617,0.941205,0.058795,0.826245,0.094576,3897635771.370439,481450119.578617,1.0,0.020319,0.637899,248
70,shelter,social infrastructure,8188631590.97636,226926453198.2087,0.0,1.0,0.465031,0.054916,2280033779.259026,226926453198.2087,1.0,0.020319,0.637899,192
70,health,care reproduction,1683960059.953373,175211428528.69907,0.0,1.0,0.486148,0.05826,2392655026.025913,175211428528.69907,1.0,0.020319,0.637899,192
70,care,care reproduction,1716844960.894422,176293811477.7522,0.0,1.0,0.456642,0.054394,2257002727.534695,176293811477.7522,1.0,0.020319,0.637899,192
70,education,knowledge reproduction,1384712153.600144,137680762630.31964,0.0,1.0,0.418288,0.049548,2057027986.276215,137680762630.31964,1.0,0.020319,0.637899,192
70,mobility,logistics circulation,1732815562.474992,90600319985.26695,0.0,1.0,0.39484,0.045903,1895408921.710482,90600319985.26695,1.0,0.020319,0.637899,192
70,manufacturing,material transformation,770627957.837299,79358538639.55443,0.0,1.0,0.446592,0.052198,2167150660.349199,79358538639.55443,1.0,0.020319,0.637899,96
70,storage,resilience capacity,1139296162.803807,139116378168.88226,0.0,1.0,0.442084,0.050222,2085457702.320274,139116378168.88226,1.0,0.020319,0.637899,96
70,governance,institutional coordination,583299163.767025,129092787997.57173,0.0,1.0,0.458572,0.052359,2175359155.640913,129092787997.57173,1.0,0.020319,0.637899,192
70,knowledge,knowledge reproduction,516561683.861323,189978109473.6445,0.0,1.0,0.451136,0.051565,2142669536.733645,189978109473.6445,1.0,0.020319,0.637899,192
70,resilience,risk protection,917789644.557328,131741664093.0573,0.0,1.0,0.459877,0.052874,2195417436.075292,131741664093.0573,1.0,0.020319,0.637899,192
70,repair,circular industry,0.0,11063916337.713953,0.0,1.0,0.434268,0.05163,2141937565.631962,11063916337.713953,1.0,0.020319,0.637899,96
70,ecology,planetary regeneration,1645031700.900287,7791250361.581594,0.0,1.0,0.593238,0.070482,2911552886.870663,0.0,1.0,0.020319,0.637899,96
70,waste,material difference resolution,818863159.097636,637298503.574793,0.221728,0.778272,0.538982,0.06282,2601100311.671379,181564655.522843,1.0,0.020319,0.637899,96
71,water,primary reproduction,8190040727.353778,748752437.796198,0.908578,0.091422,0.861386,0.097194,4017744201.836764,748752437.796198,1.0,0.020201,0.637902,244
71,food,primary reproduction,8190040727.353778,652903188.362212,0.920281,0.079719,0.861742,0.100999,4186870362.833921,652903188.362212,1.0,0.020201,0.637902,261
71,energy,energy infrastructure,8190040727.353778,493645609.363374,0.939726,0.060274,0.825803,0.09453,3912392953.720372,493645609.363374,1.0,0.020201,0.637902,251
71,shelter,social infrastructure,8190040727.353778,230522908394.91714,0.0,1.0,0.465131,0.054928,2290432465.835325,230522908394.91714,1.0,0.020201,0.637902,192
71,health,care reproduction,1679528851.747082,178642893303.35886,0.0,1.0,0.486268,0.058273,2403448492.606801,178642893303.35886,1.0,0.020201,0.637902,192
71,care,care reproduction,1717136860.281861,179619621157.57886,0.0,1.0,0.456745,0.054406,2267313835.140472,179619621157.57886,1.0,0.020201,0.637902,192
71,education,knowledge reproduction,1381213591.876438,140242308512.93405,0.0,1.0,0.418391,0.049559,2066478032.100208,140242308512.93405,1.0,0.020201,0.637902,192
71,mobility,logistics circulation,1733109767.881761,92335853794.3519,0.0,1.0,0.395044,0.045925,1904285097.09742,92335853794.3519,1.0,0.020201,0.637902,192
71,manufacturing,material transformation,771067303.513856,80644773346.41264,0.0,1.0,0.446683,0.052209,2177012471.865041,80644773346.41264,1.0,0.020201,0.637902,96
71,storage,resilience capacity,1138440558.425159,141398063157.50925,0.0,1.0,0.442185,0.050234,2095019841.202873,141398063157.50925,1.0,0.020201,0.637902,96
71,governance,institutional coordination,583306416.956013,131317094681.30472,0.0,1.0,0.458674,0.052371,2185328938.449653,131317094681.30472,1.0,0.020201,0.637902,192
71,knowledge,knowledge reproduction,515431723.827197,193521488166.7691,0.0,1.0,0.451238,0.051577,2152482659.591122,193521488166.7691,1.0,0.020201,0.637902,192
71,resilience,risk protection,915922152.410699,134111011921.1059,0.0,1.0,0.459979,0.052885,2205466651.757815,134111011921.1059,1.0,0.020201,0.637902,192
71,repair,circular industry,0.0,11244899440.439783,0.0,1.0,0.434367,0.051641,2151739634.078366,11244899440.439783,1.0,0.020201,0.637902,96
71,ecology,planetary regeneration,1640551819.745425,7803002263.17591,0.0,1.0,0.593001,0.070457,2923344492.984694,0.0,1.0,0.020201,0.637902,96
71,waste,material difference resolution,819004072.735378,637845417.484682,0.221194,0.778806,0.538916,0.062813,2612168764.899951,181158655.250696,1.0,0.020201,0.637902,96
72,water,primary reproduction,8191463321.920781,773006896.430463,0.905633,0.094367,0.860997,0.097151,4033922239.56032,773006896.430463,1.0,0.020171,0.637904,245
72,food,primary reproduction,8191463321.920781,673188942.147852,0.917818,0.082182,0.861612,0.100987,4204706195.734532,673188942.147852,1.0,0.020171,0.637904,261
72,energy,energy infrastructure,8191463321.920781,505772710.7574,0.938256,0.061744,0.825369,0.094485,3927529613.674158,505772710.7574,1.0,0.020171,0.637904,254
72,shelter,social infrastructure,8191463321.920781,234136129410.29318,0.0,1.0,0.465227,0.054939,2300965359.158497,234136129410.29318,1.0,0.020171,0.637904,192
72,health,care reproduction,1674951107.506828,182110702769.48495,0.0,1.0,0.486383,0.058286,2414415818.710551,182110702769.48495,1.0,0.020171,0.637904,192
72,care,care reproduction,1717431595.27124,182974423013.78775,0.0,1.0,0.456843,0.054417,2277762590.22496,182974423013.78775,1.0,0.020171,0.637904,192
72,education,knowledge reproduction,1377735171.152696,142823821170.14972,0.0,1.0,0.41849,0.049571,2076049957.539506,142823821170.14972,1.0,0.020171,0.637904,192
72,mobility,logistics circulation,1733406788.441458,94086730106.18738,0.0,1.0,0.395225,0.045944,1913241843.585167,94086730106.18738,1.0,0.020171,0.637904,192
72,manufacturing,material transformation,771502402.822219,81936673361.04854,0.0,1.0,0.446771,0.052219,2187003723.348801,81936673361.04854,1.0,0.020171,0.637904,96
72,storage,resilience capacity,1137578926.371884,143690385133.17578,0.0,1.0,0.442282,0.050245,2104704984.565659,143690385133.17578,1.0,0.020171,0.637904,96
72,governance,institutional coordination,583331675.230569,133554264091.64738,0.0,1.0,0.458771,0.052382,2195425181.621347,133554264091.64738,1.0,0.020171,0.637904,192
72,knowledge,knowledge reproduction,514308011.254739,197091431910.17944,0.0,1.0,0.451336,0.051588,2162417523.791233,197091431910.17944,1.0,0.020171,0.637904,192
72,resilience,risk protection,913388807.427686,136497148518.30753,0.0,1.0,0.460076,0.052897,2215647333.465956,136497148518.30753,1.0,0.020171,0.637904,192
72,repair,circular industry,0.0,11427585422.323639,0.0,1.0,0.434462,0.051652,2161671467.068916,11427585422.323639,1.0,0.020171,0.637904,96
72,ecology,planetary regeneration,1636333214.663298,7814185027.684311,0.0,1.0,0.592769,0.070434,2935357897.121646,0.0,1.0,0.020171,0.637904,96
72,waste,material difference resolution,819146332.192078,638384386.740479,0.220671,0.779329,0.538799,0.062802,2623257868.281411,180761945.451598,1.0,0.020171,0.637904,96
73,water,primary reproduction,8192899622.628803,802309884.924538,0.902073,0.097927,0.86066,0.097118,4050875950.122109,802309884.924538,1.0,0.020161,0.637907,246
73,food,primary reproduction,8192899622.628803,695643985.009072,0.915092,0.084908,0.861399,0.100967,4222605672.989748,695643985.009072,1.0,0.020161,0.637907,262
73,energy,energy infrastructure,8192899622.628803,518484252.560782,0.936715,0.063285,0.824942,0.094441,3943107074.349003,518484252.560782,1.0,0.020161,0.637907,256
73,shelter,social infrastructure,8192899622.628803,237766309951.8762,0.0,1.0,0.46532,0.05495,2311712849.494685,237766309951.8762,1.0,0.020161,0.637907,192
73,health,care reproduction,1670429437.017487,185615221208.7832,0.0,1.0,0.486489,0.058299,2425661394.250024,185615221208.7832,1.0,0.020161,0.637907,192
73,care,care reproduction,1717729404.684492,186358648805.64914,0.0,1.0,0.45694,0.054429,2288428931.45951,186358648805.64914,1.0,0.020161,0.637907,192
73,education,knowledge reproduction,1374291933.018281,145425517061.99936,0.0,1.0,0.418587,0.049582,2085818404.580863,145425517061.99936,1.0,0.020161,0.637907,192
73,mobility,logistics circulation,1733706489.610285,95853228117.88312,0.0,1.0,0.395379,0.045962,1922357815.271305,95853228117.88312,1.0,0.020161,0.637907,192
73,manufacturing,material transformation,771913065.954231,83234343068.51682,0.0,1.0,0.446857,0.052229,2197202005.243356,83234343068.51682,1.0,0.020161,0.637907,96
73,storage,resilience capacity,1136767944.476656,145993549860.25903,0.0,1.0,0.442377,0.050256,2114584561.557811,145993549860.25903,1.0,0.020161,0.637907,96
73,governance,institutional coordination,583357996.319763,135804411440.93907,0.0,1.0,0.458866,0.052393,2205722535.298518,135804411440.93907,1.0,0.020161,0.637907,192
73,knowledge,knowledge reproduction,513195522.763111,200688306608.66144,0.0,1.0,0.451432,0.051599,2172549295.53663,200688306608.66144,1.0,0.020161,0.637907,192
73,resilience,risk protection,910704144.389567,138900361904.4168,0.0,1.0,0.460171,0.052908,2226035528.613101,138900361904.4168,1.0,0.020161,0.637907,192
73,repair,circular industry,0.0,11612017393.207676,0.0,1.0,0.434555,0.051663,2171811393.117997,11612017393.207676,1.0,0.020161,0.637907,96
73,ecology,planetary regeneration,1632257470.3863,7825105684.925331,0.0,1.0,0.592552,0.070412,2947711657.532581,0.0,1.0,0.020161,0.637907,96
73,waste,material difference resolution,819289962.262879,638936392.4712,0.220134,0.779866,0.538684,0.062791,2634797926.427593,180353569.79168,1.0,0.020161,0.637907,96
74,water,primary reproduction,8194350997.937697,830635096.758109,0.898633,0.101367,0.860172,0.097068,4066907122.70277,830635096.758109,1.0,0.020151,0.637909,248
74,food,primary reproduction,8194350997.937697,717332257.687671,0.91246,0.08754,0.861159,0.100944,4240368778.430049,717332257.687671,1.0,0.020151,0.637909,264
74,energy,energy infrastructure,8194350997.937697,529565953.276066,0.935374,0.064626,0.824502,0.094397,3958614829.180788,529565953.276066,1.0,0.020151,0.637909,258
74,shelter,social infrastructure,8194350997.937697,241413810758.67667,0.0,1.0,0.465424,0.054963,2322507463.047025,241413810758.67667,1.0,0.020151,0.637909,192
74,health,care reproduction,1665749606.159178,189156445743.73364,0.0,1.0,0.486594,0.058312,2436964063.617138,189156445743.73364,1.0,0.020151,0.637909,192
74,care,care reproduction,1718030459.519712,189772506302.06027,0.0,1.0,0.457046,0.054442,2299140675.700226,189772506302.06027,1.0,0.020151,0.637909,192
74,education,knowledge reproduction,1370873972.195788,148047524199.57162,0.0,1.0,0.418693,0.049595,2095633379.037109,148047524199.57162,1.0,0.020151,0.637909,192
74,mobility,logistics circulation,1734009426.497814,97635384913.21452,0.0,1.0,0.395502,0.045977,1931467755.874931,97635384913.21452,1.0,0.020151,0.637909,192
74,manufacturing,material transformation,772304286.320255,84537828122.94421,0.0,1.0,0.446954,0.052241,2207447873.573225,84537828122.94421,1.0,0.020151,0.637909,96
74,storage,resilience capacity,1136174849.118394,148307675287.77493,0.0,1.0,0.442483,0.050269,2124511925.816574,148307675287.77493,1.0,0.020151,0.637909,96
74,governance,institutional coordination,583384811.680899,138067661692.5089,0.0,1.0,0.458972,0.052406,2216066323.96812,138067661692.5089,1.0,0.020151,0.637909,192
74,knowledge,knowledge reproduction,512090839.868587,204312266101.6695,0.0,1.0,0.451538,0.051612,2182727087.85816,204312266101.6695,1.0,0.020151,0.637909,192
74,resilience,risk protection,908576991.631337,141320381711.50458,0.0,1.0,0.460277,0.052921,2236468845.42587,141320381711.50458,1.0,0.020151,0.637909,192
74,repair,circular industry,0.0,11798206514.95761,0.0,1.0,0.434658,0.051676,2181996694.955517,11798206514.95761,1.0,0.020151,0.637909,96
74,ecology,planetary regeneration,1628383934.960439,7835722083.68249,0.0,1.0,0.592355,0.070394,2960142878.070371,0.0,1.0,0.020151,0.637909,96
74,waste,material difference resolution,819435099.79377,639564713.078888,0.219505,0.780495,0.538573,0.062782,2646655763.997184,179870386.714882,1.0,0.020151,0.637909,96
75,water,primary reproduction,8195816284.419748,859169790.342152,0.89517,0.10483,0.859747,0.097025,4083460176.445442,859169790.342152,1.0,0.020141,0.637911,250
75,food,primary reproduction,8195816284.419748,736202430.105982,0.910173,0.089827,0.860957,0.100926,4258704248.856044,736202430.105982,1.0,0.020141,0.637911,268
75,energy,energy infrastructure,8195816284.419748,541146461.805375,0.933973,0.066027,0.824121,0.094359,3974752321.625818,541146461.805375,1.0,0.020141,0.637911,260
75,shelter,social infrastructure,8195816284.419748,245078937334.0288,0.0,1.0,0.46552,0.054975,2333483339.294104,245078937334.0288,1.0,0.020141,0.637911,192
75,health,care reproduction,1660995384.944426,192735118582.86688,0.0,1.0,0.486688,0.058324,2448452872.178976,192735118582.86688,1.0,0.020141,0.637911,192
75,care,care reproduction,1718334432.737574,193216440576.767,0.0,1.0,0.457146,0.054454,2310032483.594758,193216440576.767,1.0,0.020141,0.637911,192
75,education,knowledge reproduction,1367501792.093017,150690094646.93042,0.0,1.0,0.418793,0.049608,2105607121.780531,150690094646.93042,1.0,0.020141,0.637911,192
75,mobility,logistics circulation,1734315356.156721,99433332999.48178,0.0,1.0,0.395579,0.045986,1940657458.710926,99433332999.48178,1.0,0.020141,0.637911,192
75,manufacturing,material transformation,772726991.238013,85847227635.60359,0.0,1.0,0.447045,0.052253,2217866457.955781,85847227635.60359,1.0,0.020141,0.637911,96
75,storage,resilience capacity,1135731138.880685,150632971145.68912,0.0,1.0,0.442581,0.050281,2134602629.572205,150632971145.68912,1.0,0.020141,0.637911,96
75,governance,institutional coordination,583413998.418828,140344238764.3562,0.0,1.0,0.45907,0.052419,2226577898.208232,140344238764.3562,1.0,0.020141,0.637911,192
75,knowledge,knowledge reproduction,511000184.94564,207963654637.17267,0.0,1.0,0.451636,0.051625,2193071729.902261,207963654637.17267,1.0,0.020141,0.637911,192
75,resilience,risk protection,906708214.414357,143757276468.7611,0.0,1.0,0.460375,0.052934,2247075318.496708,143757276468.7611,1.0,0.020141,0.637911,192
75,repair,circular industry,0.0,11986105899.459671,0.0,1.0,0.434754,0.051688,2192350314.04712,11986105899.459671,1.0,0.020141,0.637911,96
75,ecology,planetary regeneration,1624676430.521978,7845962298.091506,0.0,1.0,0.592165,0.070376,2972863211.05143,0.0,1.0,0.020141,0.637911,96
75,waste,material difference resolution,819581628.441975,640089795.505292,0.219004,0.780996,0.538418,0.062768,2658180664.915571,179491832.936683,1.0,0.020141,0.637911,96
76,water,primary reproduction,8197295288.434361,883849649.909422,0.892178,0.107822,0.859362,0.096985,4100081355.192836,883849649.909422,1.0,0.020131,0.637914,252
76,food,primary reproduction,8197295288.434361,753718936.777077,0.908053,0.091947,0.860808,0.100912,4277196209.57653,753718936.777077,1.0,0.020131,0.637914,269
76,energy,energy infrastructure,8197295288.434361,558232176.03169,0.9319,0.0681,0.82372,0.094318,3990725469.020216,558232176.03169,1.0,0.020131,0.637914,260
76,shelter,social infrastructure,8197295288.434361,248758894794.44885,0.0,1.0,0.465616,0.054986,2344416971.217829,248758894794.44885,1.0,0.020131,0.637914,192
76,health,care reproduction,1656084968.907681,196351381044.98563,0.0,1.0,0.486782,0.058335,2459914227.790912,196351381044.98563,1.0,0.020131,0.637914,192
76,care,care reproduction,1718641282.577906,196690441026.5274,0.0,1.0,0.457247,0.054466,2320894107.155152,196690441026.5274,1.0,0.020131,0.637914,192
76,education,knowledge reproduction,1364143779.327146,153353171869.53754,0.0,1.0,0.418895,0.04962,2115555555.644836,153353171869.53754,1.0,0.020131,0.637914,192
76,mobility,logistics circulation,1734624071.989425,101247038222.88608,0.0,1.0,0.395637,0.045994,1949788345.281462,101247038222.88608,1.0,0.020131,0.637914,192
76,manufacturing,material transformation,773010996.010858,87162972435.07011,0.0,1.0,0.447137,0.052264,2228252573.153061,87162972435.07011,1.0,0.020131,0.637914,96
76,storage,resilience capacity,1135278920.928849,152969459121.45908,0.0,1.0,0.442681,0.050293,2144666297.259551,152969459121.45908,1.0,0.020131,0.637914,96
76,governance,institutional coordination,583455294.140109,142634138494.3841,0.0,1.0,0.459171,0.052431,2237060132.675136,142634138494.3841,1.0,0.020131,0.637914,192
76,knowledge,knowledge reproduction,509914002.97449,211642430682.6326,0.0,1.0,0.451737,0.051636,2203387496.809409,211642430682.6326,1.0,0.020131,0.637914,192
76,resilience,risk protection,905726890.0541,146210360254.4854,0.0,1.0,0.460476,0.052945,2257647889.575289,146210360254.4854,1.0,0.020131,0.637914,192
76,repair,circular industry,0.0,12176166157.115578,0.0,1.0,0.434853,0.051699,2202678194.08525,12176166157.115578,1.0,0.020131,0.637914,96
76,ecology,planetary regeneration,1620959054.488585,7856249623.418093,0.0,1.0,0.591988,0.070358,2985588650.535645,0.0,1.0,0.020131,0.637914,96
76,waste,material difference resolution,819729528.843436,640597925.145684,0.218525,0.781475,0.538317,0.062758,2669718756.713581,179131603.697753,1.0,0.020131,0.637914,96
77,water,primary reproduction,8198787829.774856,907181769.215456,0.889352,0.110648,0.859228,0.096967,4118123186.533203,907181769.215456,1.0,0.02012,0.637916,254
77,food,primary reproduction,8198787829.774856,792778039.01333,0.903305,0.096695,0.860698,0.100897,4296046176.958938,792778039.01333,1.0,0.02012,0.637916,268
77,energy,energy infrastructure,8198787829.774856,602538194.807259,0.926509,0.073491,0.82312,0.09425,4005809843.152597,602538194.807259,1.0,0.02012,0.637916,257
77,shelter,social infrastructure,8198787829.774856,252456106840.74805,0.0,1.0,0.465746,0.054998,2355603425.237304,252456106840.74805,1.0,0.02012,0.637916,192
77,health,care reproduction,1651022649.607445,200006086601.9422,0.0,1.0,0.4869,0.058346,2471664060.32246,200006086601.9422,1.0,0.02012,0.637916,192
77,care,care reproduction,1718951044.358896,200195018493.23837,0.0,1.0,0.457376,0.054478,2331979506.665686,200195018493.23837,1.0,0.02012,0.637916,192
77,education,knowledge reproduction,1360809601.949919,156037178002.9239,0.0,1.0,0.419026,0.049632,2125719945.190514,156037178002.9239,1.0,0.02012,0.637916,192
77,mobility,logistics circulation,1734935721.514696,103076878383.41547,0.0,1.0,0.39571,0.046,1959146344.323053,103076878383.41547,1.0,0.02012,0.637916,192
77,manufacturing,material transformation,773217193.408952,88485281144.99991,0.0,1.0,0.447261,0.052275,2238879409.319997,88485281144.99991,1.0,0.02012,0.637916,96
77,storage,resilience capacity,1133927443.107794,155317438214.84805,0.0,1.0,0.442809,0.050305,2154950175.672172,155317438214.84805,1.0,0.02012,0.637916,96
77,governance,institutional coordination,583500788.971676,144937649241.55792,0.0,1.0,0.4593,0.052443,2247762812.317577,144937649241.55792,1.0,0.02012,0.637916,192
77,knowledge,knowledge reproduction,508835166.360762,215349126101.181,0.0,1.0,0.451866,0.051649,2213923666.024241,215349126101.181,1.0,0.02012,0.637916,192
77,resilience,risk protection,903949147.501287,148680566646.4353,0.0,1.0,0.460604,0.052957,2268443222.504027,148680566646.4353,1.0,0.02012,0.637916,192
77,repair,circular industry,0.0,12368275764.28467,0.0,1.0,0.43498,0.051711,2213226022.173147,12368275764.28467,1.0,0.02012,0.637916,96
77,ecology,planetary regeneration,1617361574.016384,7866261204.614636,0.0,1.0,0.591839,0.07034,2998572037.91192,0.0,1.0,0.02012,0.637916,96
77,waste,material difference resolution,819878782.977485,641064926.442244,0.218098,0.781902,0.538252,0.062749,2681567301.787342,178813856.535242,1.0,0.02012,0.637916,96
78,water,primary reproduction,8200292301.688789,934910667.220089,0.885991,0.114009,0.859345,0.096967,4137524601.868064,934910667.220089,1.0,0.02011,0.637918,255
78,food,primary reproduction,8200292301.688789,909225640.522391,0.889123,0.110877,0.860248,0.100837,4313149373.812148,909225640.522391,1.0,0.02011,0.637918,268
78,energy,energy infrastructure,8200292301.688789,655408248.545782,0.920075,0.079925,0.821533,0.094072,4014750319.297736,655408248.545782,1.0,0.02011,0.637918,257
78,shelter,social infrastructure,8200292301.688789,256173398035.63672,0.0,1.0,0.466028,0.055022,2367637429.669922,256173398035.63672,1.0,0.02011,0.637918,192
78,health,care reproduction,1645833733.213464,203701868359.9144,0.0,1.0,0.487161,0.058367,2484242189.52181,203701868359.9144,1.0,0.02011,0.637918,192
78,care,care reproduction,1719263368.803742,203732325878.53177,0.0,1.0,0.457655,0.054501,2343903667.840365,203732325878.53177,1.0,0.02011,0.637918,192
78,education,knowledge reproduction,1357485351.564028,158743694580.72864,0.0,1.0,0.419306,0.049656,2136734029.026491,158743694580.72864,1.0,0.02011,0.637918,192
78,mobility,logistics circulation,1735249950.063538,104924483652.39626,0.0,1.0,0.39589,0.046014,1969287465.123205,104924483652.39626,1.0,0.02011,0.637918,192
78,manufacturing,material transformation,773393047.512599,89814844532.16948,0.0,1.0,0.447537,0.052298,2250354651.235606,89814844532.16948,1.0,0.02011,0.637918,96
78,storage,resilience capacity,1131018789.916794,157678096885.98175,0.0,1.0,0.443088,0.050329,2166081647.890641,157678096885.98175,1.0,0.02011,0.637918,96
78,governance,institutional coordination,583559808.310475,147255919379.22534,0.0,1.0,0.459578,0.052466,2259311940.589485,147255919379.22534,1.0,0.02011,0.637918,192
78,knowledge,knowledge reproduction,507759434.046213,219085904949.98062,0.0,1.0,0.452145,0.051672,2225311797.448584,219085904949.98062,1.0,0.02011,0.637918,192
78,resilience,risk protection,900136231.206993,151170748873.03625,0.0,1.0,0.460882,0.052981,2280090481.812339,151170748873.03625,1.0,0.02011,0.637918,192
78,repair,circular industry,0.0,12562761670.54244,0.0,1.0,0.435256,0.051734,2224619678.551811,12562761670.54244,1.0,0.02011,0.637918,96
78,ecology,planetary regeneration,1613957702.052635,7875826565.287432,0.0,1.0,0.591849,0.070333,3012421075.641317,0.0,1.0,0.02011,0.637918,96
78,waste,material difference resolution,820029230.168879,641522981.193226,0.217683,0.782317,0.538358,0.062753,2694332893.135345,178506248.975653,1.0,0.02011,0.637918,96
79,water,primary reproduction,8201807352.878125,963787876.992167,0.882491,0.117509,0.859095,0.096951,4156366370.308482,963787876.992167,1.0,0.020099,0.63792,255
79,food,primary reproduction,8201807352.878125,1052046365.362141,0.87173,0.12827,0.857752,0.10058,4321470103.737407,1052046365.362141,1.0,0.020099,0.63792,270
79,energy,energy infrastructure,8201807352.878125,718754720.307008,0.912366,0.087634,0.819354,0.093856,4021347975.462377,718754720.307008,1.0,0.020099,0.63792,256
79,shelter,social infrastructure,8201807352.878125,259912972482.76337,0.0,1.0,0.466357,0.055064,2380726295.318529,259912972482.76337,1.0,0.020099,0.63792,192
79,health,care reproduction,1640549941.193465,207441889632.39917,0.0,1.0,0.487464,0.058407,2497899749.460098,207441889632.39917,1.0,0.020099,0.63792,192
79,care,care reproduction,1719577949.215231,207305088094.62308,0.0,1.0,0.457979,0.054543,2356878007.61607,207305088094.62308,1.0,0.020099,0.63792,192
79,education,knowledge reproduction,1354163386.935859,161474754283.1127,0.0,1.0,0.419632,0.049698,2148736313.271753,161474754283.1127,1.0,0.020099,0.63792,192
79,mobility,logistics circulation,1735566438.22653,106791680450.3463,0.0,1.0,0.396092,0.046043,1980316336.159737,106791680450.3463,1.0,0.020099,0.63792,192
79,manufacturing,material transformation,773533702.64834,91152496025.6835,0.0,1.0,0.44786,0.05234,2262855055.723367,91152496025.6835,1.0,0.020099,0.63792,96
79,storage,resilience capacity,1127269448.65281,160052879770.20178,0.0,1.0,0.443411,0.05037,2178209496.730452,160052879770.20178,1.0,0.020099,0.63792,96
79,governance,institutional coordination,583621021.075591,149590382645.9561,0.0,1.0,0.459902,0.052508,2271881972.799971,149590382645.9561,1.0,0.020099,0.63792,192
79,knowledge,knowledge reproduction,506684484.610367,222855298335.5795,0.0,1.0,0.452469,0.051714,2237712879.485918,222855298335.5795,1.0,0.020099,0.63792,192
79,resilience,risk protection,897236815.403237,153681989544.86163,0.0,1.0,0.461206,0.053023,2292765763.420468,153681989544.86163,1.0,0.020099,0.63792,192
79,repair,circular industry,0.0,12759936098.124657,0.0,1.0,0.435577,0.051776,2237022936.42562,12759936098.124657,1.0,0.020099,0.63792,96
79,ecology,planetary regeneration,1610670319.0299,7885091398.69967,0.0,1.0,0.591917,0.07035,3027578609.77334,0.0,1.0,0.020099,0.63792,96
79,waste,material difference resolution,820180735.287813,642003071.264028,0.217242,0.782758,0.538513,0.062778,2708403720.762513,178177664.023785,1.0,0.020099,0.63792,96
80,water,primary reproduction,8203332874.784819,990122579.244336,0.879302,0.120698,0.858302,0.096925,4175170174.583581,990122579.244336,1.0,0.020089,0.637922,256
80,food,primary reproduction,8203332874.784819,1227094261.1548,0.850415,0.149585,0.85375,0.100201,4324179938.043344,1227094261.1548,1.0,0.020089,0.637922,265
80,energy,energy infrastructure,8203332874.784819,788438624.841422,0.903888,0.096112,0.816493,0.093615,4026721396.746469,788438624.841422,1.0,0.020089,0.637922,253
80,shelter,social infrastructure,8203332874.784819,263676725933.66888,0.0,1.0,0.466497,0.055119,2394597571.720049,263676725933.66888,1.0,0.020089,0.637922,192
80,health,care reproduction,1635221530.795976,211228667877.61624,0.0,1.0,0.487579,0.058461,2512398257.440262,211228667877.61624,1.0,0.020089,0.637922,192
80,care,care reproduction,1719894743.337338,210915260844.7172,0.0,1.0,0.458115,0.054598,2370593327.392895,210915260844.7172,1.0,0.020089,0.637922,192
80,education,knowledge reproduction,1350846066.494339,164231773096.15118,0.0,1.0,0.419769,0.049749,2161323837.958238,164231773096.15118,1.0,0.020089,0.637922,192
80,mobility,logistics circulation,1735885139.550351,108679305830.6643,0.0,1.0,0.396098,0.046078,1991768485.025418,108679305830.6643,1.0,0.020089,0.637922,192
80,manufacturing,material transformation,773716923.092057,92497963953.85828,0.0,1.0,0.447996,0.052393,2276049110.408498,92497963953.85828,1.0,0.020089,0.637922,96
80,storage,resilience capacity,1122998055.440546,162442692566.63126,0.0,1.0,0.443546,0.050422,2190934564.236835,162442692566.63126,1.0,0.020089,0.637922,96
80,governance,institutional coordination,583686008.10904,151942121857.91132,0.0,1.0,0.460036,0.052561,2285119582.105946,151942121857.91132,1.0,0.020089,0.637922,192
80,knowledge,knowledge reproduction,505611036.652643,226658862870.52682,0.0,1.0,0.452605,0.051766,2250747421.199486,226658862870.52682,1.0,0.020089,0.637922,192
80,resilience,risk protection,891650640.390498,156217491306.37463,0.0,1.0,0.461341,0.053076,2306117679.227125,156217491306.37463,1.0,0.020089,0.637922,192
80,repair,circular industry,0.0,12959923387.100853,0.0,1.0,0.435709,0.051828,2250073782.706644,12959923387.100853,1.0,0.020089,0.637922,96
80,ecology,planetary regeneration,1607516687.552987,7894000404.726835,0.0,1.0,0.591804,0.070389,3044010078.652926,0.0,1.0,0.020089,0.637922,96
80,waste,material difference resolution,820333287.478482,642468924.801784,0.21682,0.78318,0.538469,0.062819,2723395678.666902,177864362.676697,1.0,0.020089,0.637922,96
81,water,primary reproduction,8204870851.196855,1035833027.323065,0.873754,0.126246,0.857346,0.096879,4193159244.214189,1035833027.323065,1.0,0.020078,0.637925,261
81,food,primary reproduction,8204870851.196855,1508877701.050208,0.8161,0.1839,0.848959,0.099738,4321077136.183804,1508877701.050208,1.0,0.020078,0.637925,264
81,energy,energy infrastructure,8204870851.196855,848306749.19684,0.896609,0.103391,0.813509,0.093352,4031701810.297173,848306749.19684,1.0,0.020078,0.637925,254
81,shelter,social infrastructure,8204870851.196855,267466115330.66934,0.0,1.0,0.466719,0.055185,2409152121.822568,267466115330.66934,1.0,0.020078,0.637925,192
81,health,care reproduction,1629874976.718456,215064184572.9966,0.0,1.0,0.487775,0.058525,2527576432.421547,215064184572.9966,1.0,0.020078,0.637925,192
81,care,care reproduction,1720214180.101489,214564717033.90048,0.0,1.0,0.458332,0.054662,2384983789.284448,214564717033.90048,1.0,0.020078,0.637925,192
81,education,knowledge reproduction,1347561047.940189,167016319070.6441,0.0,1.0,0.419989,0.04981,2174558758.15833,167016319070.6441,1.0,0.020078,0.637925,192
81,mobility,logistics circulation,1736206499.315526,110588420925.08566,0.0,1.0,0.396182,0.046122,2003843851.660873,110588420925.08566,1.0,0.020078,0.637925,192
81,manufacturing,material transformation,773897818.766069,93851373491.59521,0.0,1.0,0.448212,0.052456,2289900211.633581,93851373491.59521,1.0,0.020078,0.637925,96
81,storage,resilience capacity,1115609214.388893,164848504916.20447,0.0,1.0,0.443763,0.050483,2204315827.445722,164848504916.20447,1.0,0.020078,0.637925,96
81,governance,institutional coordination,583756420.749257,154312514022.9529,0.0,1.0,0.460252,0.052623,2299033468.488304,154312514022.9529,1.0,0.020078,0.637925,192
81,knowledge,knowledge reproduction,504547512.728991,230498158876.6156,0.0,1.0,0.452823,0.051828,2264447459.557857,230498158876.6156,1.0,0.020078,0.637925,192
81,resilience,risk protection,879578612.665916,158783393431.91492,0.0,1.0,0.461559,0.053139,2320146156.797548,158783393431.91492,1.0,0.020078,0.637925,192
81,repair,circular industry,0.0,13162909499.03335,0.0,1.0,0.435924,0.05189,2263782709.938261,13162909499.03335,1.0,0.020078,0.637925,96
81,ecology,planetary regeneration,1604440331.998719,7902707034.979651,0.0,1.0,0.591782,0.070438,3061209632.194734,0.0,1.0,0.020078,0.637925,96
81,waste,material difference resolution,820487085.119686,643087174.254353,0.216213,0.783787,0.538515,0.06287,2739100393.52204,177399910.865332,1.0,0.020078,0.637925,96
82,water,primary reproduction,8206420310.919887,1069374436.332646,0.869691,0.130309,0.855854,0.096826,4210420313.686654,1069374436.332646,1.0,0.020067,0.637927,264
82,food,primary reproduction,8206420310.919887,1771885397.897738,0.784085,0.215915,0.839227,0.098797,4293344422.762134,1771885397.897738,1.0,0.020067,0.637927,261
82,energy,energy infrastructure,8206420310.919887,926333302.110634,0.887121,0.112879,0.811091,0.093193,4042847562.696618,926333302.110634,1.0,0.020067,0.637927,251
82,shelter,social infrastructure,8206420310.919887,271284470540.43134,0.0,1.0,0.466983,0.05528,2425212111.816806,271284470540.43134,1.0,0.020067,0.637927,192
82,health,care reproduction,1624548525.624984,218952166957.56946,0.0,1.0,0.488011,0.05862,2544314308.817152,218952166957.56946,1.0,0.020067,0.637927,192
82,care,care reproduction,1720536051.139426,218257653682.19788,0.0,1.0,0.45859,0.054756,2400890511.962318,218257653682.19788,1.0,0.020067,0.637927,192
82,education,knowledge reproduction,1344297138.069604,169831106654.20065,0.0,1.0,0.42025,0.049899,2189177187.041394,169831106654.20065,1.0,0.020067,0.637927,192
82,mobility,logistics circulation,1736530328.843077,112521500848.81306,0.0,1.0,0.396305,0.046192,2017216506.311733,112521500848.81306,1.0,0.020067,0.637927,192
82,manufacturing,material transformation,774170866.527026,95213890061.38414,0.0,1.0,0.44847,0.052548,2305221051.746128,95213890061.38414,1.0,0.020067,0.637927,96
82,storage,resilience capacity,1108317126.449714,167272410384.57986,0.0,1.0,0.444022,0.050572,2219104019.916278,167272410384.57986,1.0,0.020067,0.637927,96
82,governance,institutional coordination,583835299.122216,156703645841.68607,0.0,1.0,0.460508,0.052715,2314376848.067585,156703645841.68607,1.0,0.020067,0.637927,192
82,knowledge,knowledge reproduction,503490887.62579,234376474097.09787,0.0,1.0,0.45308,0.051919,2279561950.966272,234376474097.09787,1.0,0.020067,0.637927,192
82,resilience,risk protection,870695908.701596,161379672297.7603,0.0,1.0,0.461817,0.053231,2335629325.901622,161379672297.7603,1.0,0.020067,0.637927,192
82,repair,circular industry,0.0,13368785840.161966,0.0,1.0,0.436179,0.05198,2278916250.809034,13368785840.161966,1.0,0.020067,0.637927,96
82,ecology,planetary regeneration,1601402371.649127,7911312376.372414,0.0,1.0,0.591806,0.070525,3080286124.088199,0.0,1.0,0.020067,0.637927,96
82,waste,material difference resolution,820642031.091989,643627914.206322,0.215702,0.784298,0.538528,0.062947,2756274565.689077,177014116.885667,1.0,0.020067,0.637927,96
83,water,primary reproduction,8207977043.551508,1157576319.192403,0.858969,0.141031,0.854927,0.096792,4228392435.775966,1157576319.192403,1.0,0.020056,0.637929,263
83,food,primary reproduction,8207977043.551508,2107176389.673738,0.743277,0.256723,0.832156,0.098097,4278693434.454082,2107176389.673738,1.0,0.020056,0.637929,259
83,energy,energy infrastructure,8207977043.551508,1000743259.425759,0.878077,0.121923,0.807906,0.09292,4048515889.408412,1000743259.425759,1.0,0.020056,0.637929,251
83,shelter,social infrastructure,8207977043.551508,275129724470.04486,0.0,1.0,0.467362,0.055363,2440533129.866207,275129724470.04486,1.0,0.020056,0.637929,192
83,health,care reproduction,1619412609.209435,222890523018.6049,0.0,1.0,0.488364,0.058703,2560269065.306695,222890523018.6049,1.0,0.020056,0.637929,192
83,care,care reproduction,1720859473.804531,221991813199.33072,0.0,1.0,0.458965,0.054839,2416055143.70598,221991813199.33072,1.0,0.020056,0.637929,192
83,education,knowledge reproduction,1341061424.196111,172674852637.4357,0.0,1.0,0.420627,0.049978,2203193106.346547,172674852637.4357,1.0,0.020056,0.637929,192
83,mobility,logistics circulation,1736855719.779103,114477233199.5112,0.0,1.0,0.396546,0.046254,2030047720.81309,114477233199.5112,1.0,0.020056,0.637929,192
83,manufacturing,material transformation,774408916.738985,96584974649.46257,0.0,1.0,0.448842,0.052628,2319832375.849516,96584974649.46257,1.0,0.020056,0.637929,96
83,storage,resilience capacity,1098574247.618297,169713473291.49374,0.0,1.0,0.444397,0.050651,2233268391.517382,169713473291.49374,1.0,0.020056,0.637929,96
83,governance,institutional coordination,583924268.520503,159114344734.5754,0.0,1.0,0.460882,0.052795,2329038181.464003,159114344734.5754,1.0,0.020056,0.637929,192
83,knowledge,knowledge reproduction,502442943.261885,238292051043.23776,0.0,1.0,0.453454,0.051999,2294028157.893465,238292051043.23776,1.0,0.020056,0.637929,192
83,resilience,risk protection,859605692.83001,164006687962.83447,0.0,1.0,0.462192,0.053312,2350422128.124671,164006687962.83447,1.0,0.020056,0.637929,192
83,repair,circular industry,0.0,13577764516.34157,0.0,1.0,0.436551,0.052059,2293394374.279271,13577764516.34157,1.0,0.020056,0.637929,96
83,ecology,planetary regeneration,1598366371.807294,7919906623.938432,0.0,1.0,0.591949,0.070594,3098291201.788956,0.0,1.0,0.020056,0.637929,96
83,waste,material difference resolution,820797704.35515,643859271.794829,0.215569,0.784431,0.538696,0.063013,2772734130.194371,176938432.560322,1.0,0.020056,0.637929,96
84,water,primary reproduction,8209540120.14558,1306968168.396955,0.840799,0.159201,0.852526,0.096643,4240168264.160347,1306968168.396955,1.0,0.020045,0.637931,260
84,food,primary reproduction,8209540120.14558,2467927022.156596,0.699383,0.300617,0.822183,0.097121,4249964827.679936,2467927022.156596,1.0,0.020045,0.637931,257
84,energy,energy infrastructure,8209540120.14558,1080912380.586743,0.868335,0.131665,0.804942,0.092718,4056633685.238114,1080912380.586743,1.0,0.020045,0.637931,247
84,shelter,social infrastructure,8209540120.14558,279003290624.76215,0.0,1.0,0.467678,0.055469,2456536053.319656,279003290624.76215,1.0,0.020045,0.637931,192
84,health,care reproduction,1614391602.994499,226881019669.84445,0.0,1.0,0.488666,0.05881,2577028709.582562,226881019669.84445,1.0,0.020045,0.637931,192
84,care,care reproduction,1721184258.605858,225768571639.45126,0.0,1.0,0.459289,0.054944,2431934812.729995,225768571639.45126,1.0,0.020045,0.637931,192
84,education,knowledge reproduction,1337851007.957139,175549098872.91434,0.0,1.0,0.420954,0.050079,2217898255.219393,175549098872.91434,1.0,0.020045,0.637931,192
84,mobility,logistics circulation,1737182460.549085,116456492503.61722,0.0,1.0,0.39674,0.046335,2043462992.895246,116456492503.61722,1.0,0.020045,0.637931,192
84,manufacturing,material transformation,774630022.33543,97965163381.3916,0.0,1.0,0.449164,0.052731,2335145866.636774,97965163381.3916,1.0,0.020045,0.637931,96
84,storage,resilience capacity,1086597957.564976,172172768971.06787,0.0,1.0,0.444721,0.050753,2248129411.338644,172172768971.06787,1.0,0.020045,0.637931,96
84,governance,institutional coordination,584016203.286579,161545738052.32254,0.0,1.0,0.461205,0.052899,2344427705.042531,161545738052.32254,1.0,0.020045,0.637931,192
84,knowledge,knowledge reproduction,501402715.171916,242246433955.58765,0.0,1.0,0.453778,0.052102,2309220980.972208,242246433955.58765,1.0,0.020045,0.637931,192
84,resilience,risk protection,853520898.143914,166661991450.3135,0.0,1.0,0.462517,0.053416,2365931083.296134,166661991450.3135,1.0,0.020045,0.637931,192
84,repair,circular industry,0.0,13789977988.206772,0.0,1.0,0.436872,0.052161,2308566063.405413,13789977988.206772,1.0,0.020045,0.637931,96
84,ecology,planetary regeneration,1595550098.304647,7927920139.358587,0.0,1.0,0.592042,0.070695,3117285067.329354,0.0,1.0,0.020045,0.637931,96
84,waste,material difference resolution,820954012.014558,644033642.053796,0.215506,0.784494,0.538964,0.063123,2790495979.563378,176920369.960762,1.0,0.020045,0.637931,96
85,water,primary reproduction,8211109597.529498,1502749070.693984,0.816986,0.183014,0.847402,0.096227,4238736044.196329,1502749070.693984,1.0,0.020033,0.637933,260
85,food,primary reproduction,8211109597.529498,2751276058.975816,0.664932,0.335068,0.811564,0.096084,4215171961.905401,2751276058.975816,1.0,0.020033,0.637933,257
85,energy,energy infrastructure,8211109597.529498,1176846579.63125,0.856676,0.143324,0.801724,0.092515,4064205522.648743,1176846579.63125,1.0,0.020033,0.637933,248
85,shelter,social infrastructure,8211109597.529498,282907455816.7665,0.0,1.0,0.468043,0.055601,2473508526.155349,282907455816.7665,1.0,0.020033,0.637933,192
85,health,care reproduction,1609390496.542449,230926064029.14703,0.0,1.0,0.489015,0.058944,2594776904.201544,230926064029.14703,1.0,0.020033,0.637933,192
85,care,care reproduction,1721510417.491978,229590191757.3866,0.0,1.0,0.459662,0.055075,2448764771.037066,229590191757.3866,1.0,0.020033,0.637933,192
85,education,knowledge reproduction,1334702477.357086,178455450823.31195,0.0,1.0,0.421329,0.050203,2233502539.779002,178455450823.31195,1.0,0.020033,0.637933,192
85,mobility,logistics circulation,1737510564.586457,118461088447.85176,0.0,1.0,0.396984,0.046438,2057729948.918491,118461088447.85176,1.0,0.020033,0.637933,192
85,manufacturing,material transformation,774813683.013898,99355383250.28873,0.0,1.0,0.449535,0.052858,2351395655.101336,99355383250.28873,1.0,0.020033,0.637933,96
85,storage,resilience capacity,1075026694.191856,174651676183.04898,0.0,1.0,0.445094,0.050877,2263879703.135765,174651676183.04898,1.0,0.020033,0.637933,96
85,governance,institutional coordination,584109979.151828,163998815637.02423,0.0,1.0,0.461577,0.053026,2360723368.959052,163998815637.02423,1.0,0.020033,0.637933,192
85,knowledge,knowledge reproduction,500381301.816269,246242178342.77972,0.0,1.0,0.45415,0.052229,2325318617.69998,246242178342.77972,1.0,0.020033,0.637933,192
85,resilience,risk protection,848614899.565569,169345940377.08322,0.0,1.0,0.462889,0.053544,2382346205.778193,169345940377.08322,1.0,0.020033,0.637933,192
85,repair,circular industry,0.0,14005706322.97295,0.0,1.0,0.437242,0.052287,2324659160.882652,14005706322.97295,1.0,0.020033,0.637933,96
85,ecology,planetary regeneration,1592953880.102382,7935381293.625527,0.0,1.0,0.592199,0.070828,3137459890.541813,0.0,1.0,0.020033,0.637933,96
85,waste,material difference resolution,821110959.75295,644209269.520873,0.215442,0.784558,0.539309,0.063264,2809445856.457598,176901690.232077,1.0,0.020033,0.637933,96
86,water,primary reproduction,8212685812.135412,1712010736.628299,0.791541,0.208459,0.840145,0.095524,4219939013.761499,1712010736.628299,1.0,0.020022,0.637935,258
86,food,primary reproduction,8212685812.135412,3028737352.420785,0.631212,0.368788,0.807065,0.095687,4211233378.586863,3028737352.420785,1.0,0.020022,0.637935,257
86,energy,energy infrastructure,8212685812.135412,1274917625.218377,0.844762,0.155238,0.797735,0.092184,4065512877.02735,1274917625.218377,1.0,0.020022,0.637935,248
86,shelter,social infrastructure,8212685812.135412,286841203910.725,0.0,1.0,0.468436,0.055715,2489786250.891259,286841203910.725,1.0,0.020022,0.637935,192
86,health,care reproduction,1604391050.021789,235023845161.2542,0.0,1.0,0.489391,0.059059,2611788315.641956,235023845161.2542,1.0,0.020022,0.637935,192
86,care,care reproduction,1721838030.705403,233456313542.4109,0.0,1.0,0.460062,0.055189,2464958425.919703,233456313542.4109,1.0,0.020022,0.637935,192
86,education,knowledge reproduction,1331598813.301357,181392563954.01614,0.0,1.0,0.421733,0.050311,2248472711.804824,181392563954.01614,1.0,0.020022,0.637935,192
86,mobility,logistics circulation,1737840109.585789,120490690804.21205,0.0,1.0,0.397257,0.046527,2071472491.20421,120490690804.21205,1.0,0.020022,0.637935,192
86,manufacturing,material transformation,774962809.062997,100755510675.15773,0.0,1.0,0.449936,0.05297,2367054482.613947,100755510675.15773,1.0,0.020022,0.637935,96
86,storage,resilience capacity,1064259734.371304,177149370184.94275,0.0,1.0,0.445495,0.050985,2278994117.060671,177149370184.94275,1.0,0.020022,0.637935,96
86,governance,institutional coordination,584204160.464119,166472908153.5385,0.0,1.0,0.461977,0.053137,2376354635.449633,166472908153.5385,1.0,0.020022,0.637935,192
86,knowledge,knowledge reproduction,499373541.475207,250278411129.2121,0.0,1.0,0.45455,0.052338,2340757837.931508,250278411129.2121,1.0,0.020022,0.637935,192
86,resilience,risk protection,843213900.21918,172058146890.8897,0.0,1.0,0.46329,0.053655,2398131409.634663,172058146890.8897,1.0,0.020022,0.637935,192
86,repair,circular industry,0.0,14225392265.378828,0.0,1.0,0.43764,0.052396,2340115389.306366,14225392265.378828,1.0,0.020022,0.637935,96
86,ecology,planetary regeneration,1590537367.421826,7942472812.567478,0.0,1.0,0.592398,0.070939,3156780318.234223,0.0,1.0,0.020022,0.637935,96
86,waste,material difference resolution,821268581.213542,644405870.06606,0.215353,0.784647,0.539682,0.063384,2827583879.241845,176862711.147481,1.0,0.020022,0.637935,96
87,water,primary reproduction,8214268359.668875,1956297398.467916,0.761842,0.238158,0.833829,0.094927,4208278657.59782,1956297398.467916,1.0,0.02001,0.637937,257
87,food,primary reproduction,8214268359.668875,3362871989.030127,0.590606,0.409394,0.80344,0.095377,4211763155.752123,3362871989.030127,1.0,0.02001,0.637937,258
87,energy,energy infrastructure,8214268359.668875,1365848970.969284,0.833722,0.166278,0.79371,0.091838,4065575979.627852,1365848970.969284,1.0,0.02001,0.637937,246
87,shelter,social infrastructure,8214268359.668875,290802803044.0132,0.0,1.0,0.468779,0.055815,2505245805.944122,290802803044.0132,1.0,0.02001,0.637937,192
87,health,care reproduction,1599618499.313273,239172579016.12234,0.0,1.0,0.489713,0.059159,2627954805.179612,239172579016.12234,1.0,0.02001,0.637937,192
87,care,care reproduction,1722167011.69346,237364179857.7275,0.0,1.0,0.460411,0.055288,2480296415.060802,237364179857.7275,1.0,0.02001,0.637937,192
87,education,knowledge reproduction,1328599660.473769,184358880230.28305,0.0,1.0,0.422084,0.050406,2262665583.89684,184358880230.28305,1.0,0.02001,0.637937,192
87,mobility,logistics circulation,1738171004.053728,122543566047.99239,0.0,1.0,0.397478,0.046604,2084450970.675663,122543566047.99239,1.0,0.02001,0.637937,192
87,manufacturing,material transformation,775068187.151625,102164848834.4913,0.0,1.0,0.450286,0.053068,2381882336.854408,102164848834.4913,1.0,0.02001,0.637937,96
87,storage,resilience capacity,1052867421.912295,179664644892.9257,0.0,1.0,0.445844,0.05108,2293316838.5664,179664644892.9257,1.0,0.02001,0.637937,96
87,governance,institutional coordination,584298717.195544,168966712145.29947,0.0,1.0,0.462324,0.053234,2391181390.690813,168966712145.29947,1.0,0.02001,0.637937,192
87,knowledge,knowledge reproduction,498397521.904977,254352956007.67325,0.0,1.0,0.454898,0.052435,2355403856.878705,254352956007.67325,1.0,0.02001,0.637937,192
87,resilience,risk protection,840297711.758964,174795475105.9264,0.0,1.0,0.463639,0.053753,2413088921.166935,174795475105.9264,1.0,0.02001,0.637937,192
87,repair,circular industry,0.0,14448849520.254997,0.0,1.0,0.437986,0.052493,2354780522.627518,14448849520.254997,1.0,0.02001,0.637937,96
87,ecology,planetary regeneration,1588146617.36707,7949533933.136859,0.0,1.0,0.592559,0.071035,3175171765.919864,0.0,1.0,0.02001,0.637937,96
87,waste,material difference resolution,821426835.966887,644593435.103973,0.215276,0.784724,0.539992,0.063488,2844814317.093344,176833400.862915,1.0,0.02001,0.637937,96
88,water,primary reproduction,8215857013.829062,2206966331.288341,0.731377,0.268623,0.825639,0.094139,4186347984.98329,2206966331.288341,1.0,0.02,0.637939,256
88,food,primary reproduction,8215857013.829062,3751107455.312289,0.543431,0.456569,0.798548,0.09494,4204367184.684166,3751107455.312289,1.0,0.02,0.637939,257
88,energy,energy infrastructure,8215857013.829062,1452802017.674063,0.823171,0.176829,0.789977,0.091545,4067025485.27267,1452802017.674063,1.0,0.02,0.637939,245
88,shelter,social infrastructure,8215857013.829062,294794935916.5295,0.0,1.0,0.469165,0.055936,2521399754.11078,294794935916.5295,1.0,0.02,0.637939,192
88,health,care reproduction,1594945204.563067,243373728832.0645,0.0,1.0,0.490076,0.059281,2644830458.245312,243373728832.0645,1.0,0.02,0.637939,192
88,care,care reproduction,1722497307.597501,241315455911.90665,0.0,1.0,0.460801,0.055408,2496302403.038151,241315455911.90665,1.0,0.02,0.637939,192
88,education,knowledge reproduction,1325647988.831699,187355644106.99692,0.0,1.0,0.422476,0.05052,2277522975.87518,187355644106.99692,1.0,0.02,0.637939,192
88,mobility,logistics circulation,1738503197.80468,124620790121.45769,0.0,1.0,0.397742,0.046699,2098049305.232327,124620790121.45769,1.0,0.02,0.637939,192
88,manufacturing,material transformation,775091326.730873,103584043656.26445,0.0,1.0,0.450678,0.053186,2397386213.603789,103584043656.26445,1.0,0.02,0.637939,96
88,storage,resilience capacity,1040534639.940068,182198568970.10504,0.0,1.0,0.446234,0.051195,2308308432.190752,182198568970.10504,1.0,0.02,0.637939,96
88,governance,institutional coordination,584393668.346977,171481251887.6793,0.0,1.0,0.462713,0.053351,2406680495.307712,171481251887.6793,1.0,0.02,0.637939,192
88,knowledge,knowledge reproduction,497435941.288387,258467388228.0804,0.0,1.0,0.455287,0.052551,2370726741.000715,258467388228.0804,1.0,0.02,0.637939,192
88,resilience,risk protection,834282251.952639,177561263324.478,0.0,1.0,0.464029,0.05387,2428705462.254132,177561263324.478,1.0,0.02,0.637939,192
88,repair,circular industry,0.0,14676004448.44747,0.0,1.0,0.438373,0.052608,2370106573.971303,14676004448.44747,1.0,0.02,0.637939,96
88,ecology,planetary regeneration,1585797237.241143,7956634136.182398,0.0,1.0,0.592762,0.071156,3194335206.767976,0.0,1.0,0.02,0.637939,96
88,waste,material difference resolution,821585701.382907,644773927.042507,0.215208,0.784792,0.540349,0.063615,2862783364.84979,176811774.3404,1.0,0.02,0.637939,96
89,water,primary reproduction,8217451978.290948,2444895409.752699,0.702475,0.297525,0.81724,0.093316,4159589505.508945,2444895409.752699,1.0,0.02,0.637941,256
89,food,primary reproduction,8217451978.290948,4196817961.231751,0.48928,0.51072,0.794339,0.094584,4202867712.56207,4196817961.231751,1.0,0.02,0.637941,257
89,energy,energy infrastructure,8217451978.290948,1537603650.337505,0.812886,0.187114,0.786303,0.091258,4068368996.768249,1537603650.337505,1.0,0.02,0.637941,244
89,shelter,social infrastructure,8217451978.290948,298813982920.678,0.0,1.0,0.469527,0.056053,2537259390.504011,298813982920.678,1.0,0.02,0.637941,192
89,health,care reproduction,1590264668.444124,247626015456.34216,0.0,1.0,0.490407,0.059398,2661390346.221588,247626015456.34216,1.0,0.02,0.637941,192
89,care,care reproduction,1722828957.439943,245309740922.1089,0.0,1.0,0.461165,0.055524,2512022813.657444,245309740922.1089,1.0,0.02,0.637941,192
89,education,knowledge reproduction,1322853215.170434,190382194145.2922,0.0,1.0,0.422842,0.05063,2292089994.029911,190382194145.2922,1.0,0.02,0.637941,192
89,mobility,logistics circulation,1738836734.374071,126721804305.6605,0.0,1.0,0.39798,0.04679,2111380795.625095,126721804305.6605,1.0,0.02,0.637941,192
89,manufacturing,material transformation,774915747.447649,105013160022.00674,0.0,1.0,0.451047,0.0533,2412604081.38014,105013160022.00674,1.0,0.02,0.637941,96
89,storage,resilience capacity,1027424556.519711,184750721906.07098,0.0,1.0,0.446598,0.051305,2323026804.468087,184750721906.07098,1.0,0.02,0.637941,96
89,governance,institutional coordination,584493390.078371,174016199880.53055,0.0,1.0,0.463076,0.053463,2421907169.699582,174016199880.53055,1.0,0.02,0.637941,192
89,knowledge,knowledge reproduction,496521992.064963,262620751619.44855,0.0,1.0,0.45565,0.052664,2385761798.92092,262620751619.44855,1.0,0.02,0.637941,192
89,resilience,risk protection,826737272.790946,180356211989.62317,0.0,1.0,0.464393,0.053984,2444055158.816953,180356211989.62317,1.0,0.02,0.637941,192
89,repair,circular industry,0.0,14907232420.187809,0.0,1.0,0.438734,0.05272,2385158681.538734,14907232420.187809,1.0,0.02,0.637941,96
89,ecology,planetary regeneration,1583446440.864147,7963773892.991727,0.0,1.0,0.592941,0.071273,3213166497.173979,0.0,1.0,0.02,0.637941,96
89,waste,material difference resolution,821745197.829095,644946678.363452,0.21515,0.78485,0.540682,0.063739,2880463272.676732,176798519.465643,1.0,0.02,0.637941,96
90,water,primary reproduction,8219053494.702655,2639526164.120024,0.678853,0.321147,0.809539,0.092574,4135313690.954475,2639526164.120024,1.0,0.02,0.637942,256
90,food,primary reproduction,8219053494.702655,4644104105.900384,0.434959,0.565041,0.787864,0.093985,4187890509.487212,4644104105.900384,1.0,0.02,0.637942,257
90,energy,energy infrastructure,8219053494.702655,1629778488.225102,0.801707,0.198293,0.782852,0.091002,4071354349.405762,1629778488.225102,1.0,0.02,0.637942,241
90,shelter,social infrastructure,8219053494.702655,302857817631.5251,0.0,1.0,0.469911,0.05618,2553869594.325595,302857817631.5251,1.0,0.02,0.637942,192
90,health,care reproduction,1585634509.647479,251931335279.93375,0.0,1.0,0.490751,0.059525,2678670277.239761,251931335279.93375,1.0,0.02,0.637942,192
90,care,care reproduction,1723162008.329847,249349123833.48178,0.0,1.0,0.461541,0.055649,2528453589.289318,249349123833.48178,1.0,0.02,0.637942,192
90,education,knowledge reproduction,1320203704.672802,193439664287.94946,0.0,1.0,0.423222,0.050749,2307306065.285866,193439664287.94946,1.0,0.02,0.637942,192
90,mobility,logistics circulation,1739171668.128521,128847965251.1259,0.0,1.0,0.398232,0.04689,2125324968.505849,128847965251.1259,1.0,0.02,0.637942,192
90,manufacturing,material transformation,774331296.983157,106453622340.33008,0.0,1.0,0.451435,0.053424,2428549292.888281,106453622340.33008,1.0,0.02,0.637942,96
90,storage,resilience capacity,1016536185.423818,187322055164.267,0.0,1.0,0.446975,0.051425,2338408376.281875,187322055164.267,1.0,0.02,0.637942,96
90,governance,institutional coordination,584594139.055005,176572718826.58093,0.0,1.0,0.463452,0.053586,2437823810.537114,176572718826.58093,1.0,0.02,0.637942,192
90,knowledge,knowledge reproduction,495652148.700711,266814348805.91986,0.0,1.0,0.456027,0.052785,2401456873.415317,266814348805.91986,1.0,0.02,0.637942,192
90,resilience,risk protection,823121074.10926,183178606478.91428,0.0,1.0,0.46477,0.054107,2460091811.099417,183178606478.91428,1.0,0.02,0.637942,192
90,repair,circular industry,0.0,15143144693.733719,0.0,1.0,0.439108,0.052842,2400896482.126035,15143144693.733719,1.0,0.02,0.637942,96
90,ecology,planetary regeneration,1581199150.903145,7970797691.431949,0.0,1.0,0.593134,0.071401,3232837914.169758,0.0,1.0,0.02,0.637942,96
90,waste,material difference resolution,821905349.470265,645113466.205313,0.2151,0.7849,0.541034,0.063875,2898952368.502687,176791883.264952,1.0,0.02,0.637942,96
91,water,primary reproduction,8220661679.707357,2847485608.414306,0.653618,0.346382,0.805101,0.092164,4129222368.823214,2847485608.414306,1.0,0.02,0.637944,253
91,food,primary reproduction,8220661679.707357,5088973439.868536,0.380953,0.619047,0.782014,0.093435,4174975819.63093,5088973439.868536,1.0,0.02,0.637944,256
91,energy,energy infrastructure,8220661679.707357,1717051206.068762,0.79113,0.20887,0.778872,0.090658,4069277872.932297,1717051206.068762,1.0,0.02,0.637944,238
91,shelter,social infrastructure,8220661679.707357,306931963975.46497,0.0,1.0,0.470278,0.056287,2569234969.257345,306931963975.46497,1.0,0.02,0.637944,192
91,health,care reproduction,1581073719.541371,256286444336.86154,0.0,1.0,0.49106,0.059628,2694551480.127925,256286444336.86154,1.0,0.02,0.637944,192
91,care,care reproduction,1723496487.518742,253430511634.10245,0.0,1.0,0.461884,0.055752,2543538315.056979,253430511634.10245,1.0,0.02,0.637944,192
91,education,knowledge reproduction,1317616036.808268,196525864242.7797,0.0,1.0,0.423567,0.050846,2321272927.518236,196525864242.7797,1.0,0.02,0.637944,192
91,mobility,logistics circulation,1739508031.088837,130997364610.95245,0.0,1.0,0.398452,0.04697,2138102237.999478,130997364610.95245,1.0,0.02,0.637944,192
91,manufacturing,material transformation,773707938.148051,107904838894.04218,0.0,1.0,0.451803,0.053527,2443258128.853301,107904838894.04218,1.0,0.02,0.637944,96
91,storage,resilience capacity,1009223717.382473,189911078020.2295,0.0,1.0,0.447319,0.051523,2352525420.893978,189911078020.2295,1.0,0.02,0.637944,96
91,governance,institutional coordination,584695465.483324,179149300906.96906,0.0,1.0,0.463793,0.053687,2452438280.590988,179149300906.96906,1.0,0.02,0.637944,192
91,knowledge,knowledge reproduction,494801106.851746,271045245771.38812,0.0,1.0,0.45637,0.052885,2415876123.811967,271045245771.38812,1.0,0.02,0.637944,192
91,resilience,risk protection,817135838.5138,186028407668.02972,0.0,1.0,0.465113,0.054208,2474825786.683708,186028407668.02972,1.0,0.02,0.637944,192
91,repair,circular industry,0.0,15382883644.516497,0.0,1.0,0.439449,0.052942,2415351180.030999,15382883644.516497,1.0,0.02,0.637944,96
91,ecology,planetary regeneration,1579112537.945946,7977742416.820827,0.0,1.0,0.5933,0.071503,3250888581.191432,0.0,1.0,0.02,0.637944,96
91,waste,material difference resolution,822066167.970736,645291165.761055,0.215037,0.784963,0.541354,0.063985,2915940277.813328,176775002.209681,1.0,0.02,0.637944,96
92,water,primary reproduction,8222276634.172722,3129264023.316665,0.619416,0.380584,0.803614,0.092053,4140107429.163823,3129264023.316665,1.0,0.02,0.637946,253
92,food,primary reproduction,8222276634.172722,5523988306.201998,0.328168,0.671832,0.777053,0.092946,4166537850.501437,5523988306.201998,1.0,0.02,0.637946,256
92,energy,energy infrastructure,8222276634.172722,1798187985.057398,0.781303,0.218697,0.775224,0.090306,4067083669.360265,1798187985.057398,1.0,0.02,0.637946,239
92,shelter,social infrastructure,8222276634.172722,311032117299.754,0.0,1.0,0.470647,0.056362,2582648095.091258,311032117299.754,1.0,0.02,0.637946,192
92,health,care reproduction,1576496848.220679,260686624594.3996,0.0,1.0,0.491811,0.059746,2709303056.959506,260686624594.3996,1.0,0.02,0.637946,192
92,care,care reproduction,1723832419.747755,257548972912.44662,0.0,1.0,0.462227,0.055824,2556707365.223259,257548972912.44662,1.0,0.02,0.637946,192
92,education,knowledge reproduction,1315038375.52891,199637484586.4904,0.0,1.0,0.423913,0.050916,2333494650.619429,199637484586.4904,1.0,0.02,0.637946,192
92,mobility,logistics circulation,1739845845.983072,133166744594.2559,0.0,1.0,0.398672,0.047024,2149266928.823678,133166744594.2559,1.0,0.02,0.637946,192
92,manufacturing,material transformation,773036566.485796,109365567685.04057,0.0,1.0,0.452171,0.053601,2456128771.29887,109365567685.04057,1.0,0.02,0.637946,96
92,storage,resilience capacity,1000563172.017796,192515300945.2394,0.0,1.0,0.447662,0.051593,2364874618.469052,192515300945.2394,1.0,0.02,0.637946,96
92,governance,institutional coordination,584797373.669998,181743446681.93292,0.0,1.0,0.464136,0.053758,2465236660.625362,181743446681.93292,1.0,0.02,0.637946,192
92,knowledge,knowledge reproduction,493953143.149505,275308980150.9137,0.0,1.0,0.456713,0.052956,2428494720.103729,275308980150.9137,1.0,0.02,0.637946,192
92,resilience,risk protection,815365377.471837,188899668026.75577,0.0,1.0,0.465456,0.05428,2487718269.837184,188899668026.75577,1.0,0.02,0.637946,192
92,repair,circular industry,0.0,15626210632.052113,0.0,1.0,0.439789,0.053012,2427986365.51112,15626210632.052113,1.0,0.02,0.637946,96
92,ecology,planetary regeneration,1577054217.337809,7984726234.003848,0.0,1.0,0.593477,0.071566,3266559963.430442,0.0,1.0,0.02,0.637946,96
92,waste,material difference resolution,822227663.417272,645479901.627782,0.214962,0.785038,0.54167,0.064059,2930737922.243116,176747761.78949,1.0,0.02,0.637946,96
93,water,primary reproduction,8223898310.971988,3439538368.645737,0.581763,0.418237,0.798744,0.091591,4131020948.896215,3439538368.645737,1.0,0.02,0.637948,252
93,food,primary reproduction,8223898310.971988,5960547959.584473,0.275216,0.724784,0.773064,0.092573,4164783708.125587,5960547959.584473,1.0,0.02,0.637948,254
93,energy,energy infrastructure,8223898310.971988,1876654345.985258,0.771805,0.228195,0.771735,0.089998,4066837135.209816,1876654345.985258,1.0,0.02,0.637948,239
93,shelter,social infrastructure,8223898310.971988,315157485292.4201,0.0,1.0,0.471018,0.056452,2596992587.52635,315157485292.4201,1.0,0.02,0.637948,192
93,health,care reproduction,1571958827.093486,265133943376.96408,0.0,1.0,0.492485,0.05987,2724854864.454568,265133943376.96408,1.0,0.02,0.637948,192
93,care,care reproduction,1724169781.793873,261707093491.2862,0.0,1.0,0.462574,0.055911,2570833056.481974,261707093491.2862,1.0,0.02,0.637948,192
93,education,knowledge reproduction,1312548480.816546,202776381502.6679,0.0,1.0,0.424263,0.051,2346604942.806566,202776381502.6679,1.0,0.02,0.637948,192
93,mobility,logistics circulation,1740185105.820029,135357330021.42963,0.0,1.0,0.398896,0.047092,2161253656.859272,135357330021.42963,1.0,0.02,0.637948,192
93,manufacturing,material transformation,772183496.926563,110836544442.18588,0.0,1.0,0.452545,0.053689,2469920511.902639,110836544442.18588,1.0,0.02,0.637948,96
93,storage,resilience capacity,992642588.131624,195135943692.3298,0.0,1.0,0.448009,0.051677,2378140069.965836,195135943692.3298,1.0,0.02,0.637948,96
93,governance,institutional coordination,584900084.733315,184356713938.94,0.0,1.0,0.464482,0.053844,2478987368.149654,184356713938.94,1.0,0.02,0.637948,192
93,knowledge,knowledge reproduction,493131846.981086,279607545372.93365,0.0,1.0,0.45706,0.053042,2442037090.768072,279607545372.93365,1.0,0.02,0.637948,192
93,resilience,risk protection,811485087.772961,191795479399.11124,0.0,1.0,0.465803,0.054366,2501558579.24474,191795479399.11124,1.0,0.02,0.637948,192
93,repair,circular industry,0.0,15873469951.392828,0.0,1.0,0.440134,0.053097,2441550279.824018,15873469951.392828,1.0,0.02,0.637948,96
93,ecology,planetary regeneration,1575076271.552042,7991598317.575496,0.0,1.0,0.59366,0.071648,3283407430.91031,0.0,1.0,0.02,0.637948,96
93,waste,material difference resolution,822389831.097199,645662539.339895,0.214895,0.785105,0.541984,0.06415,2946614838.459316,176727291.757303,1.0,0.02,0.637948,96
94,water,primary reproduction,8225526046.430623,3748737051.680046,0.544256,0.455744,0.792528,0.091006,4115661868.275377,3748737051.680046,1.0,0.02,0.63795,253
94,food,primary reproduction,8225526046.430623,6402798955.633798,0.221594,0.778406,0.769384,0.092267,4166581461.098972,6402798955.633798,1.0,0.02,0.63795,255
94,energy,energy infrastructure,8225526046.430623,1956902071.543027,0.762094,0.237906,0.768157,0.089711,4067453439.067223,1956902071.543027,1.0,0.02,0.63795,239
94,shelter,social infrastructure,8225526046.430623,319311373120.8312,0.0,1.0,0.471197,0.056545,2611524988.904914,319311373120.8312,1.0,0.02,0.63795,192
94,health,care reproduction,1567659002.767046,269630074674.77734,0.0,1.0,0.492877,0.059988,2740475788.134255,269630074674.77734,1.0,0.02,0.63795,192
94,care,care reproduction,1724508442.6709,265905690847.01346,0.0,1.0,0.462737,0.056002,2585149641.598695,265905690847.01346,1.0,0.02,0.63795,192
94,education,knowledge reproduction,1310140192.307275,205942808179.92108,0.0,1.0,0.424428,0.051085,2359787054.926032,205942808179.92108,1.0,0.02,0.63795,192
94,mobility,logistics circulation,1740525668.399574,137569447720.9863,0.0,1.0,0.398936,0.047159,2173216563.984764,137569447720.9863,1.0,0.02,0.63795,192
94,manufacturing,material transformation,771235981.716027,112318469675.81352,0.0,1.0,0.452739,0.053781,2483882404.841307,112318469675.81352,1.0,0.02,0.63795,96
94,storage,resilience capacity,985397445.635544,197773380495.95673,0.0,1.0,0.448172,0.051763,2391483123.383134,197773380495.95673,1.0,0.02,0.63795,96
94,governance,institutional coordination,585006544.647456,186989372490.9103,0.0,1.0,0.464643,0.053933,2492852902.918634,186989372490.9103,1.0,0.02,0.63795,192
94,knowledge,knowledge reproduction,492335341.503469,283941678798.2138,0.0,1.0,0.457223,0.053129,2455700979.160512,283941678798.2138,1.0,0.02,0.63795,192
94,resilience,risk protection,807142448.006916,194716667815.04874,0.0,1.0,0.465965,0.054456,2515545888.809549,194716667815.04874,1.0,0.02,0.63795,192
94,repair,circular industry,0.0,16124463851.739367,0.0,1.0,0.440294,0.053185,2455234681.950944,16124463851.739367,1.0,0.02,0.63795,96
94,ecology,planetary regeneration,1573197700.742842,7998207507.016358,0.0,1.0,0.593664,0.071741,3300802967.642724,0.0,1.0,0.02,0.63795,96
94,waste,material difference resolution,822552604.643062,645839362.401371,0.214835,0.785165,0.542118,0.064249,2962857541.30746,176713242.241691,1.0,0.02,0.63795,96
95,water,primary reproduction,8227159762.078761,4080397727.940935,0.504033,0.495967,0.787075,0.090501,4106170667.921776,4080397727.940935,1.0,0.02,0.637952,253
95,food,primary reproduction,8227159762.078761,6855824488.246205,0.166684,0.833316,0.76639,0.092031,4170371538.895794,6855824488.246205,1.0,0.02,0.637952,256
95,energy,energy infrastructure,8227159762.078761,2033557315.252577,0.752824,0.247176,0.764483,0.0894,4066044030.034756,2033557315.252577,1.0,0.02,0.637952,240
95,shelter,social infrastructure,8227159762.078761,323492002969.2268,0.0,1.0,0.471354,0.05663,2625149750.845466,323492002969.2268,1.0,0.02,0.637952,192
95,health,care reproduction,1563522996.351434,274171169069.1211,0.0,1.0,0.493061,0.060079,2754787414.929453,274171169069.1211,1.0,0.02,0.637952,192
95,care,care reproduction,1724848398.294258,270142602799.53836,0.0,1.0,0.462877,0.056084,2598566262.335485,270142602799.53836,1.0,0.02,0.637952,192
95,education,knowledge reproduction,1307782814.580046,209135267324.03827,0.0,1.0,0.424571,0.051163,2372132215.813656,209135267324.03827,1.0,0.02,0.637952,192
95,mobility,logistics circulation,1740867523.428632,139801867280.00568,0.0,1.0,0.398954,0.047219,2184393778.297822,139801867280.00568,1.0,0.02,0.637952,192
95,manufacturing,material transformation,770224505.110734,113809770665.76854,0.0,1.0,0.452914,0.053865,2497006214.680749,113809770665.76854,1.0,0.02,0.637952,96
95,storage,resilience capacity,977898306.551571,200426490293.04755,0.0,1.0,0.448312,0.051841,2403972939.59234,200426490293.04755,1.0,0.02,0.637952,96
95,governance,institutional coordination,585118350.529451,189640107201.428,0.0,1.0,0.464781,0.054014,2505846035.842701,189640107201.428,1.0,0.02,0.637952,192
95,knowledge,knowledge reproduction,491554315.142659,288309502478.5055,0.0,1.0,0.457363,0.053209,2468501338.312187,288309502478.5055,1.0,0.02,0.637952,192
95,resilience,risk protection,800763952.239527,197663345200.15875,0.0,1.0,0.466105,0.054537,2528641706.250593,197663345200.15875,1.0,0.02,0.637952,192
95,repair,circular industry,0.0,16379175621.841637,0.0,1.0,0.440432,0.053264,2468041053.98309,16379175621.841637,1.0,0.02,0.637952,96
95,ecology,planetary regeneration,1571342556.673363,8004755913.18659,0.0,1.0,0.593652,0.071824,3317126075.909126,0.0,1.0,0.02,0.637952,96
95,waste,material difference resolution,822715976.207876,646022425.697273,0.214769,0.785231,0.542232,0.064339,2978096238.31361,176693550.510603,1.0,0.02,0.637952,96
96,water,primary reproduction,8228799411.394818,4415629472.625546,0.463393,0.536607,0.780848,0.089919,4092751241.456892,4415629472.625546,1.0,0.02,0.637954,254
96,food,primary reproduction,8228799411.394818,7323843417.236535,0.109974,0.890026,0.763592,0.091826,4175356727.538327,7323843417.236535,1.0,0.02,0.637954,256
96,energy,energy infrastructure,8228799411.394818,2108620720.066088,0.743751,0.256249,0.760978,0.08911,4065369218.624476,2108620720.066088,1.0,0.02,0.637954,240
96,shelter,social infrastructure,8228799411.394818,327696930410.7389,0.0,1.0,0.4715,0.056717,2638600499.201961,327696930410.7389,1.0,0.02,0.637954,192
96,health,care reproduction,1559422994.795449,278755911058.41876,0.0,1.0,0.49317,0.060166,2768787360.452357,278755911058.41876,1.0,0.02,0.637954,192
96,care,care reproduction,1725189636.008444,274417430592.67026,0.0,1.0,0.463006,0.056169,2611800976.898264,274417430592.67026,1.0,0.02,0.637954,192
96,education,knowledge reproduction,1305427726.343233,212353463648.36536,0.0,1.0,0.424703,0.051242,2384287114.581788,212353463648.36536,1.0,0.02,0.637954,192
96,mobility,logistics circulation,1741210663.47196,142054585899.5605,0.0,1.0,0.398965,0.047281,2195396515.88549,142054585899.5605,1.0,0.02,0.637954,192
96,manufacturing,material transformation,769005117.162138,115311071811.33687,0.0,1.0,0.45308,0.053952,2509957253.152133,115311071811.33687,1.0,0.02,0.637954,96
96,storage,resilience capacity,970696206.110134,203095155040.406,0.0,1.0,0.448441,0.051921,2416270900.950261,203095155040.406,1.0,0.02,0.637954,96
96,governance,institutional coordination,585231562.522269,192308423045.27094,0.0,1.0,0.464908,0.054097,2518629348.945241,192308423045.27094,1.0,0.02,0.637954,192
96,knowledge,knowledge reproduction,490774017.5083,292710709341.83655,0.0,1.0,0.457492,0.053291,2481104463.480865,292710709341.83655,1.0,0.02,0.637954,192
96,resilience,risk protection,799661655.520854,200631205076.8628,0.0,1.0,0.466233,0.05462,2541528283.175304,200631205076.8628,1.0,0.02,0.637954,192
96,repair,circular industry,0.0,16637977822.709435,0.0,1.0,0.440559,0.053345,2480651829.205885,16637977822.709435,1.0,0.02,0.637954,96
96,ecology,planetary regeneration,1569475464.015305,8011337672.542941,0.0,1.0,0.593632,0.071912,3333236634.050358,0.0,1.0,0.02,0.637954,96
96,waste,material difference resolution,822879941.139481,646200388.265703,0.214709,0.785291,0.542332,0.064431,2993114571.117351,176679552.873779,1.0,0.02,0.637954,96
97,water,primary reproduction,8230444897.678699,4738204058.794777,0.424308,0.575692,0.774293,0.089306,4076451890.024241,4738204058.794777,1.0,0.02,0.637955,255
97,food,primary reproduction,8230444897.678699,7806938006.807048,0.051456,0.948544,0.760602,0.091605,4179234722.099151,7806938006.807048,1.0,0.02,0.637955,255
97,energy,energy infrastructure,8230444897.678699,2183462103.534034,0.734709,0.265291,0.757558,0.088832,4065239125.427335,2183462103.534034,1.0,0.02,0.637955,240
97,shelter,social infrastructure,8230444897.678699,331926646037.2077,0.0,1.0,0.471646,0.056808,2652191698.934212,331926646037.2077,1.0,0.02,0.637955,192
97,health,care reproduction,1555366381.893869,283384267033.03613,0.0,1.0,0.493256,0.060254,2782856188.080775,283384267033.03613,1.0,0.02,0.637955,192
97,care,care reproduction,1725532132.687629,278730390869.514,0.0,1.0,0.463128,0.056257,2625127056.182737,278730390869.514,1.0,0.02,0.637955,192
97,education,knowledge reproduction,1303093609.776413,215597594789.11148,0.0,1.0,0.424828,0.051324,2396499236.218134,215597594789.11148,1.0,0.02,0.637955,192
97,mobility,logistics circulation,1741555070.339623,144327934637.5737,0.0,1.0,0.398972,0.047346,2206461756.74944,144327934637.5737,1.0,0.02,0.637955,192
97,manufacturing,material transformation,767574367.89315,116823062619.15425,0.0,1.0,0.453245,0.054042,2523017617.356594,116823062619.15425,1.0,0.02,0.637955,96
97,storage,resilience capacity,963608539.255595,205779533700.5319,0.0,1.0,0.448563,0.052004,2428635522.038854,205779533700.5319,1.0,0.02,0.637955,96
97,governance,institutional coordination,585345190.591565,194994237431.7173,0.0,1.0,0.465027,0.054182,2531479520.237443,194994237431.7173,1.0,0.02,0.637955,192
97,knowledge,knowledge reproduction,490000114.022869,297145518731.9961,0.0,1.0,0.457614,0.053376,2493776288.588869,297145518731.9961,1.0,0.02,0.637955,192
97,resilience,risk protection,798551172.263544,203620141885.78973,0.0,1.0,0.466353,0.054705,2554480406.759776,203620141885.78973,1.0,0.02,0.637955,192
97,repair,circular industry,0.0,16900948679.060059,0.0,1.0,0.440678,0.053429,2493326225.340804,16900948679.060059,1.0,0.02,0.637955,96
97,ecology,planetary regeneration,1567625749.001716,8017874371.450106,0.0,1.0,0.593602,0.072003,3349457713.016279,0.0,1.0,0.02,0.637955,96
97,waste,material difference resolution,823044489.76787,646370357.812568,0.214659,0.785341,0.542427,0.064527,3008219251.9541,176674131.955302,1.0,0.02,0.637955,96
98,water,primary reproduction,8232096317.207425,5055943936.19523,0.385825,0.614175,0.768511,0.088754,4062540343.010293,5055943936.19523,1.0,0.02,0.637957,252
98,food,primary reproduction,8232096317.207425,8297485323.436123,0.0,1.0,0.757323,0.091333,4180067075.643433,8297485323.436123,1.0,0.02,0.637957,255
98,energy,energy infrastructure,8232096317.207425,2263892542.504855,0.724992,0.275008,0.754486,0.088584,4066804692.30737,2263892542.504855,1.0,0.02,0.637957,237
98,shelter,social infrastructure,8232096317.207425,336180674189.1682,0.0,1.0,0.471811,0.056897,2665470975.918091,336180674189.1682,1.0,0.02,0.637957,192
98,health,care reproduction,1551335697.030258,288055182542.1208,0.0,1.0,0.493354,0.060338,2796563327.703311,288055182542.1208,1.0,0.02,0.637957,192
98,care,care reproduction,1725875911.349054,283080537508.5911,0.0,1.0,0.463268,0.056342,2638132235.608992,283080537508.5911,1.0,0.02,0.637957,192
98,education,knowledge reproduction,1300863298.858951,218867127858.18274,0.0,1.0,0.424971,0.051402,2408421807.18216,218867127858.18274,1.0,0.02,0.637957,192
98,mobility,logistics circulation,1741900766.573799,146621574468.52814,0.0,1.0,0.399001,0.047409,2217270938.223694,146621574468.52814,1.0,0.02,0.637957,192
98,manufacturing,material transformation,765919741.160909,118346118712.78468,0.0,1.0,0.453435,0.054129,2535804505.592923,118346118712.78468,1.0,0.02,0.637957,96
98,storage,resilience capacity,956500694.907376,208479241505.4382,0.0,1.0,0.448703,0.052084,2440705548.615166,208479241505.4382,1.0,0.02,0.637957,96
98,governance,institutional coordination,585459242.881331,197697067634.28665,0.0,1.0,0.465164,0.054264,2544015898.952951,197697067634.28665,1.0,0.02,0.637957,192
98,knowledge,knowledge reproduction,489257730.866813,301613241541.87256,0.0,1.0,0.457754,0.053457,2506141080.579574,301613241541.87256,1.0,0.02,0.637957,192
98,resilience,risk protection,795402784.641861,206630996954.18835,0.0,1.0,0.466491,0.054788,2567111895.36484,206630996954.18835,1.0,0.02,0.637957,192
98,repair,circular industry,0.0,17168031181.812983,0.0,1.0,0.440816,0.05351,2505695984.233141,17168031181.812983,1.0,0.02,0.637957,96
98,ecology,planetary regeneration,1565796437.411649,8024357934.192656,0.0,1.0,0.593592,0.07209,3365243725.742517,0.0,1.0,0.02,0.637957,96
98,waste,material difference resolution,823209631.720743,646536354.152669,0.214615,0.785385,0.542545,0.064619,3022904958.990011,176673277.568074,1.0,0.02,0.637957,96
99,water,primary reproduction,8233753724.322142,5378855780.738229,0.346731,0.653269,0.763362,0.088254,4051333396.482566,5378855780.738229,0.999962,0.02,0.637959,250
99,food,primary reproduction,8233753724.322142,8802589921.171995,0.0,1.0,0.754122,0.091049,4180077951.654819,8802589921.171995,0.999962,0.02,0.637959,255
99,energy,energy infrastructure,8233753724.322142,2344752647.255194,0.715227,0.284773,0.751296,0.088312,4067414527.087952,2344752647.255194,0.999962,0.02,0.637959,236
99,shelter,social infrastructure,8233753724.322142,340458932474.29266,0.0,1.0,0.47203,0.056984,2678619687.510476,340458932474.29266,0.999962,0.02,0.637959,192
99,health,care reproduction,1547353299.797848,292768245966.747,0.0,1.0,0.493499,0.06042,2810096165.987608,292768245966.747,0.999962,0.02,0.637959,192
99,care,care reproduction,1726220981.453778,287467496242.69977,0.0,1.0,0.463457,0.056426,2650991771.200379,287467496242.69977,0.999962,0.02,0.637959,192
99,education,knowledge reproduction,1298680091.123066,222161723827.69482,0.0,1.0,0.425162,0.05148,2420227173.666154,222161723827.69482,0.999962,0.02,0.637959,192
99,mobility,logistics circulation,1742247764.010561,148935350964.23343,0.0,1.0,0.39908,0.047471,2227992885.428107,148935350964.23343,0.999962,0.02,0.637959,192
99,manufacturing,material transformation,764280691.104831,119880731613.0347,0.0,1.0,0.453681,0.054216,2548500628.842436,119880731613.0347,0.999962,0.02,0.637959,96
99,storage,resilience capacity,949078653.522412,211194138409.83356,0.0,1.0,0.448891,0.052162,2452660972.123836,211194138409.83356,0.999962,0.02,0.637959,96
99,governance,institutional coordination,585573723.317319,200416783658.87598,0.0,1.0,0.46535,0.054345,2556420702.532331,200416783658.87598,0.999962,0.02,0.637959,192
99,knowledge,knowledge reproduction,488529668.43413,306113492072.42334,0.0,1.0,0.457943,0.053538,2518382212.940513,306113492072.42334,0.999962,0.02,0.637959,192
99,resilience,risk protection,789411174.7961,209665744115.88144,0.0,1.0,0.466678,0.054869,2579608251.534924,209665744115.88144,0.999962,0.02,0.637959,192
99,repair,circular industry,0.0,17439311563.224842,0.0,1.0,0.441003,0.05359,2517937146.830627,17439311563.224842,0.999962,0.02,0.637959,96
99,ecology,planetary regeneration,1564034513.903726,8030796273.189247,0.0,1.0,0.593632,0.072174,3380778080.644495,0.0,0.999962,0.02,0.637959,96
99,waste,material difference resolution,823375372.432214,646697859.261253,0.214577,0.785423,0.542714,0.064708,3037416255.502194,176677513.170962,0.999962,0.02,0.637959,96
100,water,primary reproduction,8235417070.878204,5725674453.43874,0.30475,0.69525,0.758892,0.087834,4044754398.325318,5725674453.43874,0.999525,0.02,0.63796,249
100,food,primary reproduction,8235417070.878204,9342739142.426733,0.0,1.0,0.752805,0.09097,4190618956.252423,9342739142.426733,0.999525,0.02,0.63796,254
100,energy,energy infrastructure,8235417070.878204,2417758122.179674,0.706419,0.293581,0.747994,0.088013,4066062194.031779,2417758122.179674,0.999525,0.02,0.63796,236
100,shelter,social infrastructure,8235417070.878204,344758505073.6007,0.0,1.0,0.472178,0.057048,2690368344.679465,344758505073.6007,0.999525,0.02,0.63796,192
100,health,care reproduction,1543457642.103822,297520446532.3666,0.0,1.0,0.493594,0.060481,2822336617.380945,297520446532.3666,0.999525,0.02,0.63796,192
100,care,care reproduction,1726567334.143022,291888302036.9384,0.0,1.0,0.463597,0.056489,2662606409.659549,291888302036.9384,0.999525,0.02,0.63796,192
100,education,knowledge reproduction,1296661010.442589,225479004634.48895,0.0,1.0,0.425303,0.051539,2430886434.537477,225479004634.48895,0.999525,0.02,0.63796,192
100,mobility,logistics circulation,1742596049.552469,151267101429.691,0.0,1.0,0.399111,0.047515,2237622429.364722,151267101429.691,0.999525,0.02,0.63796,192
100,manufacturing,material transformation,762397942.214079,121426602553.33504,0.0,1.0,0.453877,0.054283,2560015636.446989,121426602553.33504,0.999525,0.02,0.63796,96
100,storage,resilience capacity,940578012.229602,213922685534.1449,0.0,1.0,0.449031,0.052224,2463554191.904996,213922685534.1449,0.999525,0.02,0.63796,96
100,governance,institutional coordination,585689211.500222,203151889967.06915,0.0,1.0,0.465487,0.054407,2567620513.060796,203151889967.06915,0.999525,0.02,0.63796,192
100,knowledge,knowledge reproduction,487851424.375035,310643622574.9039,0.0,1.0,0.458083,0.053599,2529442615.920744,310643622574.9039,0.999525,0.02,0.63796,192
100,resilience,risk protection,784082200.584407,212722501964.0301,0.0,1.0,0.466817,0.054933,2591015780.692079,212722501964.0301,0.999525,0.02,0.63796,192
100,repair,circular industry,0.0,17714678061.09526,0.0,1.0,0.441141,0.053652,2529093051.883616,17714678061.09526,0.999525,0.02,0.63796,96
100,ecology,planetary regeneration,1562331868.711387,8037206896.194987,0.0,1.0,0.593629,0.072236,3394944995.911597,0.0,0.999525,0.02,0.63796,96
100,waste,material difference resolution,823541707.087821,646855330.811113,0.214545,0.785455,0.542838,0.064778,3050664030.422641,176686376.276707,0.999525,0.02,0.63796,96
101,water,primary reproduction,8237085913.824466,6076865988.855917,0.262255,0.737745,0.753807,0.087335,4031326349.518975,6076865988.855917,0.999088,0.02,0.637962,247
101,food,primary reproduction,8237085913.824466,9924671932.0282,0.0,1.0,0.751732,0.090918,4201197043.344111,9924671932.0282,0.999088,0.02,0.637962,253
101,energy,energy infrastructure,8237085913.824466,2492495323.992745,0.697406,0.302594,0.745463,0.087788,4067040027.443633,2492495323.992745,0.999088,0.02,0.637962,232
101,shelter,social infrastructure,8237085913.824466,349076312407.3313,0.0,1.0,0.472304,0.057101,2700470193.889297,349076312407.3313,0.999088,0.02,0.637962,192
101,health,care reproduction,1539729626.255761,302308251790.77216,0.0,1.0,0.493669,0.06053,2832877446.274767,302308251790.77216,0.999088,0.02,0.637962,192
101,care,care reproduction,1726914872.589068,296339203422.5835,0.0,1.0,0.463718,0.056541,2672606260.714906,296339203422.5835,0.999088,0.02,0.637962,192
101,education,knowledge reproduction,1294719247.829176,228815897123.11563,0.0,1.0,0.425417,0.051587,2440026168.835319,228815897123.11563,0.999088,0.02,0.637962,192
101,mobility,logistics circulation,1742945521.483752,153614196814.96567,0.0,1.0,0.399124,0.047551,2245870529.647617,153614196814.96567,0.999088,0.02,0.637962,192
101,manufacturing,material transformation,760664469.854,122983155785.22833,0.0,1.0,0.454062,0.054341,2570006119.685797,122983155785.22833,0.999088,0.02,0.637962,96
101,storage,resilience capacity,931609094.556596,216664202777.5541,0.0,1.0,0.449153,0.052297,2473946782.76224,216664202777.5541,0.999088,0.02,0.637962,96
101,governance,institutional coordination,585807039.399996,205900302082.52005,0.0,1.0,0.465605,0.054457,2577261009.401692,205900302082.52005,0.999088,0.02,0.637962,192
101,knowledge,knowledge reproduction,487196655.018591,315200008702.9427,0.0,1.0,0.458204,0.05365,2538963943.275648,315200008702.9427,0.999088,0.02,0.637962,192
101,resilience,risk protection,779041268.163485,215800395081.88214,0.0,1.0,0.466947,0.055009,2601912448.490938,215800395081.88214,0.999088,0.02,0.637962,192
101,repair,circular industry,0.0,17993669386.045937,0.0,1.0,0.441276,0.053727,2539796639.942178,17993669386.045937,0.999088,0.02,0.637962,96
101,ecology,planetary regeneration,1560745239.144863,8043465497.341974,0.0,1.0,0.593628,0.072309,3408192350.511027,0.0,0.999088,0.02,0.637962,96
101,waste,material difference resolution,823708591.382446,647003764.716691,0.214523,0.785477,0.54296,0.064859,3063175118.395136,176704826.665756,0.999088,0.02,0.637962,96
102,water,primary reproduction,8238760392.82167,6449660556.545943,0.217156,0.782844,0.748807,0.086841,4017462392.346048,6449660556.545943,0.998651,0.02,0.637964,246
102,food,primary reproduction,8238760392.82167,10553060555.918062,0.0,1.0,0.748956,0.090679,4201823738.300901,10553060555.918062,0.998651,0.02,0.637964,250
102,energy,energy infrastructure,8238760392.82167,2570385678.370801,0.688013,0.311987,0.743165,0.087596,4069624862.786199,2570385678.370801,0.998651,0.02,0.637964,231
102,shelter,social infrastructure,8238760392.82167,353412865595.3722,0.0,1.0,0.472513,0.057166,2710803142.322427,353412865595.3722,0.998651,0.02,0.637964,192
102,health,care reproduction,1536100089.300334,307131575689.3495,0.0,1.0,0.493745,0.060584,2843474989.480262,307131575689.3495,0.998651,0.02,0.637964,192
102,care,care reproduction,1727263627.647117,300820839875.813,0.0,1.0,0.463927,0.056605,2682856913.668037,300820839875.813,0.998651,0.02,0.637964,192
102,education,knowledge reproduction,1292805723.473971,232173044136.8302,0.0,1.0,0.425619,0.051647,2449435627.683331,232173044136.8302,0.998651,0.02,0.637964,192
102,mobility,logistics circulation,1743296227.705812,155977112059.47488,0.0,1.0,0.399229,0.047598,2254403175.238128,155977112059.47488,0.998651,0.02,0.637964,192
102,manufacturing,material transformation,758914403.613744,124551259366.53893,0.0,1.0,0.454328,0.05441,2580239226.395341,124551259366.53893,0.998651,0.02,0.637964,96
102,storage,resilience capacity,923355943.614928,219419021881.0098,0.0,1.0,0.44936,0.052382,2484610064.366207,219419021881.0098,0.998651,0.02,0.637964,96
102,governance,institutional coordination,585925282.642551,208662487943.81345,0.0,1.0,0.46581,0.05452,2587157542.862049,208662487943.81345,0.998651,0.02,0.637964,192
102,knowledge,knowledge reproduction,486550481.041086,319783206013.9291,0.0,1.0,0.458413,0.053712,2548741959.983849,319783206013.9291,0.998651,0.02,0.637964,192
102,resilience,risk protection,773437533.876333,218900382054.5957,0.0,1.0,0.467164,0.055097,2613077835.735642,218900382054.5957,0.998651,0.02,0.637964,192
102,repair,circular industry,0.0,18276356776.571194,0.0,1.0,0.441498,0.053814,2550763555.933148,18276356776.571194,0.998651,0.02,0.637964,96
102,ecology,planetary regeneration,1559172062.546226,8049741656.067212,0.0,1.0,0.593721,0.072395,3421674316.47481,0.0,0.998651,0.02,0.637964,96
102,waste,material difference resolution,823876039.282167,647157209.109062,0.214497,0.785503,0.543173,0.064953,3075923333.278414,176718830.173105,0.998651,0.02,0.637964,96
103,water,primary reproduction,8240440207.530671,6797555945.834439,0.175098,0.824902,0.742881,0.086263,3998759863.904302,6797555945.834439,0.998215,0.02,0.637965,244
103,food,primary reproduction,8240440207.530671,11184889740.16222,0.0,1.0,0.744382,0.090259,4192119947.020776,11184889740.16222,0.998215,0.02,0.637965,249
103,energy,energy infrastructure,8240440207.530671,2657836371.162031,0.677464,0.322536,0.740769,0.087419,4072365042.426996,2657836371.162031,0.998215,0.02,0.637965,232
103,shelter,social infrastructure,8240440207.530671,357770223232.0201,0.0,1.0,0.472734,0.05725,2722048191.861176,357770223232.0201,0.998215,0.02,0.637965,192
103,health,care reproduction,1532546522.264872,311992603267.6431,0.0,1.0,0.493756,0.06065,2854837596.447993,311992603267.6431,0.998215,0.02,0.637965,192
103,care,care reproduction,1727613535.80566,305335754794.38934,0.0,1.0,0.464147,0.05669,2694015285.403812,305335754794.38934,0.998215,0.02,0.637965,192
103,education,knowledge reproduction,1290921808.382176,235552378246.59558,0.0,1.0,0.425832,0.051726,2459686425.606304,235552378246.59558,0.998215,0.02,0.637965,192
103,mobility,logistics circulation,1743648094.184411,158357404566.70004,0.0,1.0,0.399346,0.047662,2263708759.298279,158357404566.70004,0.998215,0.02,0.637965,192
103,manufacturing,material transformation,756871182.130299,126131328883.39554,0.0,1.0,0.454607,0.054499,2591368248.842639,126131328883.39554,0.998215,0.02,0.637965,96
103,storage,resilience capacity,916066988.442833,222188433328.2968,0.0,1.0,0.44958,0.052485,2496131110.992438,222188433328.2968,0.998215,0.02,0.637965,96
103,governance,institutional coordination,586043915.626086,211439964394.4572,0.0,1.0,0.466026,0.054603,2597943065.236807,211439964394.4572,0.998215,0.02,0.637965,192
103,knowledge,knowledge reproduction,485913318.072639,324395385333.88745,0.0,1.0,0.458633,0.053794,2559394105.051951,324395385333.88745,0.998215,0.02,0.637965,192
103,resilience,risk protection,768998487.370666,222023505703.01938,0.0,1.0,0.467393,0.055204,2625151399.061715,222023505703.01938,0.998215,0.02,0.637965,192
103,repair,circular industry,0.0,18562837816.420723,0.0,1.0,0.441732,0.05392,2562604918.679978,18562837816.420723,0.998215,0.02,0.637965,96
103,ecology,planetary regeneration,1557660145.398295,8055878486.666448,0.0,1.0,0.593826,0.072507,3436282696.897786,0.0,0.998215,0.02,0.637965,96
103,waste,material difference resolution,824044020.753067,647311172.554703,0.21447,0.78553,0.543397,0.06507,3089671861.840666,176732848.198364,0.998215,0.02,0.637965,96
104,water,primary reproduction,8242125230.587007,7135051556.277752,0.134319,0.865681,0.738527,0.085838,3988028801.981307,7135051556.277752,0.997779,0.02,0.637967,243
104,food,primary reproduction,8242125230.587007,11821072038.293362,0.0,1.0,0.740304,0.08987,4182969164.829489,11821072038.293362,0.997779,0.02,0.637967,248
104,energy,energy infrastructure,8242125230.587007,2744482968.149242,0.667018,0.332982,0.737901,0.087171,4071121866.131559,2744482968.149242,0.997779,0.02,0.637967,233
104,shelter,social infrastructure,8242125230.587007,362147609536.13837,0.0,1.0,0.472996,0.057326,2732893027.436416,362147609536.13837,0.997779,0.02,0.637967,192
104,health,care reproduction,1528998435.268061,316890029542.15967,0.0,1.0,0.49376,0.060702,2865684469.691229,316890029542.15967,0.997779,0.02,0.637967,192
104,care,care reproduction,1727964575.468772,309883038254.60767,0.0,1.0,0.464408,0.056765,2704781744.797957,309883038254.60767,0.997779,0.02,0.637967,192
104,education,knowledge reproduction,1289056939.440544,238952891517.5494,0.0,1.0,0.426086,0.051797,2469593231.299326,238952891517.5494,0.997779,0.02,0.637967,192
104,mobility,logistics circulation,1744001090.664768,160754406132.58047,0.0,1.0,0.399505,0.04772,2272715181.684026,160754406132.58047,0.997779,0.02,0.637967,192
104,manufacturing,material transformation,754637717.269024,127718992869.9274,0.0,1.0,0.454936,0.05458,2602185058.000131,127718992869.9274,0.997779,0.02,0.637967,96
104,storage,resilience capacity,909144572.8907,224972005967.85574,0.0,1.0,0.44984,0.052581,2507308099.34751,224972005967.85574,0.997779,0.02,0.637967,96
104,governance,institutional coordination,586162928.533497,214232022440.54575,0.0,1.0,0.466283,0.054677,2608346676.897614,214232022440.54575,0.997779,0.02,0.637967,192
104,knowledge,knowledge reproduction,485281956.009305,329035591462.78735,0.0,1.0,0.458894,0.053868,2569669676.887285,329035591462.78735,0.997779,0.02,0.637967,192
104,resilience,risk protection,766303857.227066,225167683856.62073,0.0,1.0,0.467663,0.055304,2636851349.388458,225167683856.62073,0.997779,0.02,0.637967,192
104,repair,circular industry,0.0,18852920358.084217,0.0,1.0,0.442006,0.054018,2574094695.379083,18852920358.084217,0.997779,0.02,0.637967,96
104,ecology,planetary regeneration,1556423484.462452,8061342734.036759,0.0,1.0,0.593976,0.072607,3450348864.531086,0.0,0.997779,0.02,0.637967,96
104,waste,material difference resolution,824212523.058701,647462077.410768,0.214448,0.785552,0.54366,0.065176,3102996662.592697,176750445.647933,0.997779,0.02,0.637967,96
105,water,primary reproduction,8243815643.709315,7477896887.887674,0.092908,0.907092,0.735222,0.085529,3983195959.638112,7477896887.887674,0.997344,0.02,0.637968,244
105,food,primary reproduction,8243815643.709315,12459130114.751234,0.0,1.0,0.736764,0.089537,4176851592.061507,12459130114.751234,0.997344,0.02,0.637968,247
105,energy,energy infrastructure,8243815643.709315,2830398773.053794,0.656664,0.343336,0.735002,0.086912,4069197396.639021,2830398773.053794,0.997344,0.02,0.637968,233
105,shelter,social infrastructure,8243815643.709315,366543921144.56866,0.0,1.0,0.473181,0.05739,2743122712.931761,366543921144.56866,0.997344,0.02,0.637968,192
105,health,care reproduction,1525441938.32915,321822343972.14484,0.0,1.0,0.493652,0.060737,2875805497.021947,321822343972.14484,0.997344,0.02,0.637968,192
105,care,care reproduction,1728316770.194608,314461315932.05396,0.0,1.0,0.464592,0.056828,2714928416.017481,314461315932.05396,0.997344,0.02,0.637968,192
105,education,knowledge reproduction,1287305774.896719,242373099197.1903,0.0,1.0,0.426263,0.051855,2478883955.335238,242373099197.1903,0.997344,0.02,0.637968,192
105,mobility,logistics circulation,1744355263.953388,163167274937.8856,0.0,1.0,0.399682,0.047775,2281319434.189629,163167274937.8856,0.997344,0.02,0.637968,192
105,manufacturing,material transformation,752610215.953756,129313666513.45145,0.0,1.0,0.455192,0.054649,2612421135.129329,129313666513.45145,0.997344,0.02,0.637968,96
105,storage,resilience capacity,902263381.163754,227768955910.74213,0.0,1.0,0.450024,0.052664,2517872525.430339,227768955910.74213,0.997344,0.02,0.637968,96
105,governance,institutional coordination,586282334.803516,217037563106.2942,0.0,1.0,0.466463,0.054738,2618111844.085477,217037563106.2942,0.997344,0.02,0.637968,192
105,knowledge,knowledge reproduction,484685110.55001,333702329093.9147,0.0,1.0,0.459079,0.053928,2579322535.961464,333702329093.9147,0.997344,0.02,0.637968,192
105,resilience,risk protection,763874220.713621,228331488755.77197,0.0,1.0,0.467856,0.05539,2647915538.515567,228331488755.77197,0.997344,0.02,0.637968,192
105,repair,circular industry,0.0,19146551198.05905,0.0,1.0,0.442204,0.054103,2584971465.084743,19146551198.05905,0.997344,0.02,0.637968,96
105,ecology,planetary regeneration,1555188811.205517,8066806172.609426,0.0,1.0,0.594069,0.072694,3463836148.062108,0.0,0.997344,0.02,0.637968,96
105,waste,material difference resolution,824381564.370932,647613600.980203,0.214425,0.785575,0.543849,0.065269,3115647372.760381,176767963.390729,0.997344,0.02,0.637968,96
106,water,primary reproduction,8245511554.960197,7830723911.569519,0.050305,0.949695,0.732338,0.085263,3980067697.839928,7830723911.569519,0.996909,0.02,0.63797,242
106,food,primary reproduction,8245511554.960197,13104479472.200119,0.0,1.0,0.733567,0.089239,4172806022.793302,13104479472.200119,0.996909,0.02,0.63797,245
106,energy,energy infrastructure,8245511554.960197,2915074637.602993,0.646465,0.353535,0.732163,0.086652,4067203570.363113,2915074637.602993,0.996909,0.02,0.63797,233
106,shelter,social infrastructure,8245511554.960197,370958755752.8203,0.0,1.0,0.47336,0.057447,2753111520.895895,370958755752.8203,0.996909,0.02,0.63797,192
106,health,care reproduction,1521894824.450853,326789143177.79626,0.0,1.0,0.493524,0.060765,2885622120.249461,326789143177.79626,0.996909,0.02,0.63797,192
106,care,care reproduction,1728670157.02502,319069971817.7978,0.0,1.0,0.464771,0.056886,2724828322.141161,319069971817.7978,0.996909,0.02,0.63797,192
106,education,knowledge reproduction,1285633239.627811,245812449585.35156,0.0,1.0,0.426434,0.051908,2487939981.449891,245812449585.35156,0.996909,0.02,0.63797,192
106,mobility,logistics circulation,1744710628.644559,165595526334.90942,0.0,1.0,0.399853,0.047826,2289706970.997045,165595526334.90942,0.996909,0.02,0.63797,192
106,manufacturing,material transformation,750615916.626368,130915113023.93578,0.0,1.0,0.455436,0.054712,2622372491.646255,130915113023.93578,0.996909,0.02,0.63797,96
106,storage,resilience capacity,895284062.767983,230579043688.17703,0.0,1.0,0.450202,0.052742,2528219553.866371,230579043688.17703,0.996909,0.02,0.63797,96
106,governance,institutional coordination,586402141.268547,219856223265.04367,0.0,1.0,0.466637,0.054793,2627632419.249625,219856223265.04367,0.996909,0.02,0.63797,192
106,knowledge,knowledge reproduction,484112142.080614,338394898599.97675,0.0,1.0,0.459258,0.053984,2588745154.211304,338394898599.97675,0.996909,0.02,0.63797,192
106,resilience,risk protection,758379289.057091,231516691972.23273,0.0,1.0,0.468044,0.055471,2658739899.584958,231516691972.23273,0.996909,0.02,0.63797,192
106,repair,circular industry,0.0,19443674981.927708,0.0,1.0,0.442396,0.054183,2595621891.397935,19443674981.927708,0.996909,0.02,0.63797,96
106,ecology,planetary regeneration,1553944560.449939,8072299444.699154,0.0,1.0,0.594156,0.072775,3477028341.162391,0.0,0.996909,0.02,0.63797,96
106,waste,material difference resolution,824551155.49602,647765290.084633,0.214403,0.785597,0.544032,0.065355,3128009667.242984,176785865.411388,0.996909,0.02,0.63797,96
107,water,primary reproduction,8247212961.043418,8208487297.161647,0.004696,0.995304,0.729942,0.085051,3980672553.435196,8208487297.161647,0.996474,0.02,0.637971,242
107,food,primary reproduction,8247212961.043418,13762885056.311703,0.0,1.0,0.730681,0.088976,4170393553.924249,13762885056.311703,0.996474,0.02,0.637971,245
107,energy,energy infrastructure,8247212961.043418,2997939174.215723,0.636491,0.363509,0.729382,0.086391,4064974912.649868,2997939174.215723,0.996474,0.02,0.637971,233
107,shelter,social infrastructure,8247212961.043418,375391189305.6628,0.0,1.0,0.473514,0.057498,2762648649.632425,375391189305.6628,0.996474,0.02,0.637971,192
107,health,care reproduction,1518408720.152447,331789246710.78674,0.0,1.0,0.493364,0.060786,2894944117.537145,331789246710.78674,0.996474,0.02,0.637971,192
107,care,care reproduction,1729024707.293746,323707843758.1906,0.0,1.0,0.464925,0.056936,2734279175.963756,323707843758.1906,0.996474,0.02,0.637971,192
107,education,knowledge reproduction,1284026475.828254,249270092540.37137,0.0,1.0,0.426579,0.051955,2496575577.286911,249270092540.37137,0.996474,0.02,0.637971,192
107,mobility,logistics circulation,1745067188.325948,168038357804.13382,0.0,1.0,0.399996,0.047869,2297690765.141184,168038357804.13382,0.996474,0.02,0.637971,192
107,manufacturing,material transformation,749731647.5926,132523009301.5964,0.0,1.0,0.455653,0.054768,2631871139.695723,132523009301.5964,0.996474,0.02,0.637971,96
107,storage,resilience capacity,887985096.99649,233401733482.7633,0.0,1.0,0.450354,0.052813,2538152811.759258,233401733482.7633,0.996474,0.02,0.637971,96
107,governance,institutional coordination,586522352.973452,222687499931.3995,0.0,1.0,0.466785,0.054842,2636724877.161199,222687499931.3995,0.996474,0.02,0.637971,192
107,knowledge,knowledge reproduction,483559156.066861,343111949148.782,0.0,1.0,0.45941,0.054032,2597728519.117321,343111949148.782,0.996474,0.02,0.637971,192
107,resilience,risk protection,752714607.887757,234722723691.25793,0.0,1.0,0.468206,0.055544,2669132187.786507,234722723691.25793,0.996474,0.02,0.637971,192
107,repair,circular industry,0.0,19744263369.936913,0.0,1.0,0.442562,0.054257,2605850900.748277,19744263369.936913,0.996474,0.02,0.637971,96
107,ecology,planetary regeneration,1552745554.084979,8077695704.391833,0.0,1.0,0.594216,0.072848,3489694838.776019,0.0,0.996474,0.02,0.637971,96
107,waste,material difference resolution,824721296.104342,647916198.868207,0.214382,0.785618,0.544189,0.065434,3139907539.095586,176805097.236135,0.996474,0.02,0.637971,96
108,water,primary reproduction,8248919592.843514,8594241852.829266,0.0,1.0,0.726679,0.084757,3976567717.151625,8594241852.829266,0.99604,0.02,0.637973,241
108,food,primary reproduction,8248919592.843514,14436295982.33056,0.0,1.0,0.727488,0.088693,4166479485.441094,14436295982.33056,0.99604,0.02,0.637973,243
108,energy,energy infrastructure,8248919592.843514,3081622249.853631,0.626421,0.373579,0.726704,0.08615,4063731234.842777,3081622249.853631,0.99604,0.02,0.637973,233
108,shelter,social infrastructure,8248919592.843514,379842069277.3743,0.0,1.0,0.473647,0.057556,2772513398.325099,379842069277.3743,0.99604,0.02,0.637973,192
108,health,care reproduction,1515051533.161653,336823684681.6353,0.0,1.0,0.493184,0.060813,2904599056.955928,336823684681.6353,0.99604,0.02,0.637973,192
108,care,care reproduction,1729380386.901105,328376029581.7834,0.0,1.0,0.465057,0.056993,2744054777.85556,328376029581.7834,0.99604,0.02,0.637973,192
108,education,knowledge reproduction,1282444841.593731,252746845597.48047,0.0,1.0,0.426704,0.052007,2505490956.961844,252746845597.48047,0.99604,0.02,0.637973,192
108,mobility,logistics circulation,1745424879.441246,170496351148.7068,0.0,1.0,0.400119,0.047918,2305922910.924208,170496351148.7068,0.99604,0.02,0.637973,192
108,manufacturing,material transformation,749615265.774791,134137554340.93834,0.0,1.0,0.455814,0.054827,2641452005.041061,134137554340.93834,0.99604,0.02,0.637973,96
108,storage,resilience capacity,880482727.861843,236237412845.2609,0.0,1.0,0.450484,0.052891,2548374033.674819,236237412845.2609,0.99604,0.02,0.637973,96
108,governance,institutional coordination,586642946.293875,225532175933.1513,0.0,1.0,0.466913,0.054897,2646127174.914592,225532175933.1513,0.99604,0.02,0.637973,192
108,knowledge,knowledge reproduction,483013816.301123,347854222542.80914,0.0,1.0,0.459541,0.054087,2607011697.161437,347854222542.80914,0.99604,0.02,0.637973,192
108,resilience,risk protection,747484812.834802,237950038167.61697,0.0,1.0,0.468347,0.055625,2679849249.691092,237950038167.61697,0.99604,0.02,0.637973,192
108,repair,circular industry,0.0,20048290155.404003,0.0,1.0,0.442707,0.054336,2616389182.644726,20048290155.404003,0.99604,0.02,0.637973,96
108,ecology,planetary regeneration,1551601983.714293,8082954354.67555,0.0,1.0,0.59426,0.07293,3502829364.691003,0.0,0.99604,0.02,0.637973,96
108,waste,material difference resolution,824891959.284351,648061320.067907,0.214368,0.785632,0.544325,0.065521,3152146489.741227,176830639.216444,0.99604,0.02,0.637973,96
109,water,primary reproduction,8250631154.469874,8986727118.57762,0.0,1.0,0.723568,0.084483,3973868184.333686,8986727118.57762,0.995605,0.02,0.637974,240
109,food,primary reproduction,8250631154.469874,15114088588.920073,0.0,1.0,0.723875,0.088365,4159468326.188537,15114088588.920073,0.995605,0.02,0.637974,241
109,energy,energy infrastructure,8250631154.469874,3167388778.417003,0.616103,0.383897,0.724074,0.085914,4062345692.330772,3167388778.417003,0.995605,0.02,0.637974,231
109,shelter,social infrastructure,8250631154.469874,384311133710.68713,0.0,1.0,0.473777,0.057615,2782186109.442513,384311133710.68713,0.995605,0.02,0.637974,192
109,health,care reproduction,1511857272.064431,341891604987.2636,0.0,1.0,0.493005,0.060842,2914053533.356036,341891604987.2636,0.995605,0.02,0.637974,192
109,care,care reproduction,1729737132.136833,333074262229.39923,0.0,1.0,0.465186,0.057052,2753643584.103505,333074262229.39923,0.995605,0.02,0.637974,192
109,education,knowledge reproduction,1280874250.085421,256242291494.0427,0.0,1.0,0.426824,0.052061,2514229929.945787,256242291494.0427,0.995605,0.02,0.637974,192
109,mobility,logistics circulation,1745783640.10356,172969283684.3997,0.0,1.0,0.400237,0.047969,2313991084.581101,172969283684.3997,0.995605,0.02,0.637974,192
109,manufacturing,material transformation,749476111.332668,135758603816.71373,0.0,1.0,0.455948,0.054884,2650700077.824251,135758603816.71373,0.995605,0.02,0.637974,96
109,storage,resilience capacity,873025731.371997,239085987743.70828,0.0,1.0,0.450611,0.052969,2558423575.09974,239085987743.70828,0.995605,0.02,0.637974,96
109,governance,institutional coordination,586763900.389386,228389944003.40024,0.0,1.0,0.467038,0.054953,2655339686.417889,228389944003.40024,0.995605,0.02,0.637974,192
109,knowledge,knowledge reproduction,482471846.588491,352621483083.1974,0.0,1.0,0.459669,0.054143,2616111707.280682,352621483083.1974,0.995605,0.02,0.637974,192
109,resilience,risk protection,741570437.467497,241198774364.1031,0.0,1.0,0.468485,0.055707,2690383139.897671,241198774364.1031,0.995605,0.02,0.637974,192
109,repair,circular industry,0.0,20355727742.416973,0.0,1.0,0.442848,0.054418,2626753640.447169,20355727742.416973,0.995605,0.02,0.637974,96
109,ecology,planetary regeneration,1550481465.46464,8088155282.831942,0.0,1.0,0.594303,0.073015,3515756891.800106,0.0,0.995605,0.02,0.637974,96
109,waste,material difference resolution,825063115.446987,648209837.577644,0.214351,0.785649,0.544462,0.06561,3164246214.485066,176853277.869343,0.995605,0.02,0.637974,96
110,water,primary reproduction,8252347437.00585,9385819449.579262,0.0,1.0,0.720601,0.084215,3971499012.200035,9385819449.579262,0.995171,0.02,0.637975,240
110,food,primary reproduction,8252347437.00585,15797048717.266174,0.0,1.0,0.720556,0.088057,4153573365.890399,15797048717.266174,0.995171,0.02,0.637975,237
110,energy,energy infrastructure,8252347437.00585,3256627418.736032,0.60537,0.39463,0.721615,0.085687,4061053177.528668,3256627418.736032,0.995171,0.02,0.637975,231
110,shelter,social infrastructure,8252347437.00585,388797508619.62134,0.0,1.0,0.473949,0.057671,2791398769.791223,388797508619.62134,0.995171,0.02,0.637975,192
110,health,care reproduction,1508772608.877031,346991261850.965,0.0,1.0,0.492875,0.060869,2923020426.039333,346991261850.965,0.995171,0.02,0.637975,192
110,care,care reproduction,1730094897.209235,337801425884.48175,0.0,1.0,0.465357,0.057108,2762776622.50863,337801425884.48175,0.995171,0.02,0.637975,192
110,education,knowledge reproduction,1279311297.341976,259755505150.11847,0.0,1.0,0.426988,0.052112,2522574920.196586,259755505150.11847,0.995171,0.02,0.637975,192
110,mobility,logistics circulation,1746143425.129534,175456464587.22076,0.0,1.0,0.400397,0.048017,2321708925.370584,175456464587.22076,0.995171,0.02,0.637975,192
110,manufacturing,material transformation,749306044.145076,137385906315.60913,0.0,1.0,0.456126,0.054939,2659528429.080048,137385906315.60913,0.995171,0.02,0.637975,96
110,storage,resilience capacity,865906857.343535,241947005561.7038,0.0,1.0,0.45078,0.053046,2568075970.779502,241947005561.7038,0.995171,0.02,0.637975,96
110,governance,institutional coordination,586885199.764992,231260051698.3291,0.0,1.0,0.467205,0.055007,2664119928.556466,231260051698.3291,0.995171,0.02,0.637975,192
110,knowledge,knowledge reproduction,481932211.869289,357412861201.28314,0.0,1.0,0.45984,0.054197,2624793967.399855,357412861201.28314,0.995171,0.02,0.637975,192
110,resilience,risk protection,736779057.41833,244467353147.4858,0.0,1.0,0.468666,0.055786,2700480377.495277,244467353147.4858,0.995171,0.02,0.637975,192
110,repair,circular industry,0.0,20666561597.170437,0.0,1.0,0.443033,0.054497,2636704222.025877,20666561597.170437,0.995171,0.02,0.637975,96
110,ecology,planetary regeneration,1549400620.115882,8093264659.887046,0.0,1.0,0.594391,0.073096,3528067038.125258,0.0,0.995171,0.02,0.637975,96
110,waste,material difference resolution,825234743.700585,648360821.923,0.214332,0.785668,0.544639,0.065695,3175791179.014437,176873921.777585,0.995171,0.02,0.637975,96
111,water,primary reproduction,8254068434.101406,9786485519.256197,0.0,1.0,0.717756,0.083949,3967847821.270481,9786485519.256197,0.994737,0.02,0.637977,239
111,food,primary reproduction,8254068434.101406,16485914420.325052,0.0,1.0,0.717402,0.08776,4148536484.861564,16485914420.325052,0.994737,0.02,0.637977,234
111,energy,energy infrastructure,8254068434.101406,3349936234.038986,0.594147,0.405853,0.719182,0.08546,4059773982.028849,3349936234.038986,0.994737,0.02,0.637977,230
111,shelter,social infrastructure,8254068434.101406,393300907226.6881,0.0,1.0,0.474145,0.057726,2800440438.930408,393300907226.6881,0.994737,0.02,0.637977,192
111,health,care reproduction,1505722470.389825,352121826018.378,0.0,1.0,0.492777,0.060896,2931802908.530149,352121826018.378,0.994737,0.02,0.637977,192
111,care,care reproduction,1730453690.341513,342557249511.5371,0.0,1.0,0.465551,0.057162,2771739169.831667,342557249511.5371,0.994737,0.02,0.637977,192
111,education,knowledge reproduction,1277808423.335902,263286289354.10986,0.0,1.0,0.427175,0.052163,2530778812.974396,263286289354.10986,0.994737,0.02,0.637977,192
111,mobility,logistics circulation,1746504215.049378,177957751733.69153,0.0,1.0,0.40058,0.048065,2329311255.254075,177957751733.69153,0.994737,0.02,0.637977,192
111,manufacturing,material transformation,749102028.981092,139019451968.75018,0.0,1.0,0.456328,0.054994,2668210859.758638,139019451968.75018,0.994737,0.02,0.637977,96
111,storage,resilience capacity,858627260.322861,244820334962.0828,0.0,1.0,0.450973,0.053121,2577584254.140443,244820334962.0828,0.994737,0.02,0.637977,96
111,governance,institutional coordination,587006839.221821,234142432404.0921,0.0,1.0,0.467396,0.05506,2672748789.202789,234142432404.0921,0.994737,0.02,0.637977,192
111,knowledge,knowledge reproduction,481410817.031932,362228210988.1157,0.0,1.0,0.460034,0.05425,2633329490.026213,362228210988.1157,0.994737,0.02,0.637977,192
111,resilience,risk protection,732695588.194774,247755207409.51474,0.0,1.0,0.468871,0.055865,2710429868.077219,247755207409.51474,0.994737,0.02,0.637977,192
111,repair,circular industry,0.0,20980816632.15344,0.0,1.0,0.443241,0.054575,2646507395.197416,20980816632.15344,0.994737,0.02,0.637977,96
111,ecology,planetary regeneration,1548389772.152104,8098196754.278511,0.0,1.0,0.594505,0.073175,3540140626.008113,0.0,0.994737,0.02,0.637977,96
111,waste,material difference resolution,825406843.410141,648510867.389528,0.214314,0.785686,0.544839,0.065779,3187126578.62124,176895976.020613,0.994737,0.02,0.637977,96
112,water,primary reproduction,8255794192.777155,10196193951.736433,0.0,1.0,0.715133,0.08371,3965069295.96804,10196193951.736433,0.994303,0.02,0.637978,239
112,food,primary reproduction,8255794192.777155,17180728229.912624,0.0,1.0,0.714315,0.087476,4144030903.53116,17180728229.912624,0.994303,0.02,0.637978,233
112,energy,energy infrastructure,8255794192.777155,3447728189.174667,0.582387,0.417613,0.716759,0.085239,4058562771.516073,3447728189.174667,0.994303,0.02,0.637978,229
112,shelter,social infrastructure,8255794192.777155,397820707676.7652,0.0,1.0,0.474281,0.057778,2809191349.198257,397820707676.7652,0.994303,0.02,0.637978,192
112,health,care reproduction,1502686207.259654,357282405047.8522,0.0,1.0,0.492628,0.060919,2940293746.686698,357282405047.8522,0.994303,0.02,0.637978,192
112,care,care reproduction,1730813516.049961,347340976616.4973,0.0,1.0,0.465686,0.057214,2780412699.355456,347340976616.4973,0.994303,0.02,0.637978,192
112,education,knowledge reproduction,1276316747.667312,266833887933.17142,0.0,1.0,0.427302,0.05221,2538688929.203082,266833887933.17142,0.994303,0.02,0.637978,192
112,mobility,logistics circulation,1746866036.671601,180472678452.6324,0.0,1.0,0.400704,0.048109,2336623447.801056,180472678452.6324,0.994303,0.02,0.637978,192
112,manufacturing,material transformation,748858384.873271,140659054005.81927,0.0,1.0,0.456472,0.055044,2676608021.982204,140659054005.81927,0.994303,0.02,0.637978,96
112,storage,resilience capacity,852194046.423338,247705544421.51706,0.0,1.0,0.451107,0.053193,2586802252.587847,247705544421.51706,0.994303,0.02,0.637978,96
112,governance,institutional coordination,587128826.29799,237036657728.2155,0.0,1.0,0.467529,0.05511,2681087091.632136,237036657728.2155,0.994303,0.02,0.637978,192
112,knowledge,knowledge reproduction,480892836.356412,367066776285.5821,0.0,1.0,0.46017,0.0543,2641570420.302291,367066776285.5821,0.994303,0.02,0.637978,192
112,resilience,risk protection,729284040.739949,251061403090.27155,0.0,1.0,0.469017,0.05594,2720103805.016817,251061403090.27155,0.994303,0.02,0.637978,192
112,repair,circular industry,0.0,21298453350.238083,0.0,1.0,0.44339,0.054649,2656030649.874872,21298453350.238083,0.994303,0.02,0.637978,96
112,ecology,planetary regeneration,1547404283.910105,8103093081.836726,0.0,1.0,0.594566,0.073251,3551959995.753014,0.0,0.994303,0.02,0.637978,96
112,waste,material difference resolution,825579419.277715,648667462.610994,0.214288,0.785712,0.544982,0.065859,3198194948.640761,176911956.666722,0.994303,0.02,0.637978,96
113,water,primary reproduction,8257524825.209784,10628075857.482296,0.0,1.0,0.712419,0.083455,3960951058.287463,10628075857.482296,0.99387,0.02,0.637979,237
113,food,primary reproduction,8257524825.209784,17873609873.11486,0.0,1.0,0.711233,0.087191,4139380604.721722,17873609873.11486,0.99387,0.02,0.637979,234
113,energy,energy infrastructure,8257524825.209784,3549701033.597893,0.570125,0.429875,0.714394,0.085021,4057345558.80029,3549701033.597893,0.99387,0.02,0.637979,227
113,shelter,social infrastructure,8257524825.209784,402356848049.7506,0.0,1.0,0.474424,0.05783,2817850425.977077,402356848049.7506,0.99387,0.02,0.637979,192
113,health,care reproduction,1499701301.262633,362472931989.5108,0.0,1.0,0.492493,0.060945,2948691438.213796,362472931989.5108,0.99387,0.02,0.637979,192
113,care,care reproduction,1731174404.123656,352152368854.3799,0.0,1.0,0.465828,0.057266,2788992326.750259,352152368854.3799,0.99387,0.02,0.637979,192
113,education,knowledge reproduction,1274833798.954927,270398135635.44406,0.0,1.0,0.427434,0.052257,2546516981.65258,270398135635.44406,0.99387,0.02,0.637979,192
113,mobility,logistics circulation,1747228917.632298,183001217711.89578,0.0,1.0,0.400833,0.048154,2343863783.675041,183001217711.89578,0.99387,0.02,0.637979,192
113,manufacturing,material transformation,748563313.119546,142304755219.28497,0.0,1.0,0.456624,0.055096,2684928359.438578,142304755219.28497,0.99387,0.02,0.637979,96
113,storage,resilience capacity,847676998.793121,250602570350.27676,0.0,1.0,0.451246,0.053266,2595939180.334445,250602570350.27676,0.99387,0.02,0.637979,96
113,governance,institutional coordination,587251169.126916,239942683763.68814,0.0,1.0,0.467667,0.05516,2689337566.994007,239942683763.68814,0.99387,0.02,0.637979,192
113,knowledge,knowledge reproduction,480377520.290339,371928514724.05316,0.0,1.0,0.460312,0.05435,2649721549.629473,371928514724.05316,0.99387,0.02,0.637979,192
113,resilience,risk protection,727112672.839425,254384961555.7642,0.0,1.0,0.469169,0.056016,2729696888.192923,254384961555.7642,0.99387,0.02,0.637979,192
113,repair,circular industry,0.0,21619501883.884106,0.0,1.0,0.443546,0.054724,2665477432.507061,21619501883.884106,0.99387,0.02,0.637979,96
113,ecology,planetary regeneration,1546410889.838736,8108014812.906137,0.0,1.0,0.594634,0.073329,3563664803.482892,0.0,0.99387,0.02,0.637979,96
113,waste,material difference resolution,825752482.520978,648844801.372997,0.214238,0.785762,0.545127,0.065941,3209147351.223828,176907681.147982,0.99387,0.02,0.637979,96
114,water,primary reproduction,8259260264.398786,11100465363.639282,0.0,1.0,0.710807,0.083307,3962972097.388566,11100465363.639282,0.993437,0.02,0.63798,235
114,food,primary reproduction,8259260264.398786,18572430820.808865,0.0,1.0,0.708618,0.086935,4136150739.833654,18572430820.808865,0.993437,0.02,0.63798,235
114,energy,energy infrastructure,8259260264.398786,3654269321.089817,0.557555,0.442445,0.712158,0.0848,4055878760.099419,3654269321.089817,0.993437,0.02,0.63798,226
114,shelter,social infrastructure,8259260264.398786,406907812973.70917,0.0,1.0,0.474592,0.057872,2825850203.748507,406907812973.70917,0.993437,0.02,0.63798,192
114,health,care reproduction,1496774289.068714,367691354092.1453,0.0,1.0,0.492394,0.06096,2956406367.784779,367691354092.1453,0.993437,0.02,0.63798,192
114,care,care reproduction,1731536340.306994,356989433611.939,0.0,1.0,0.465994,0.057307,2796925109.597857,356989433611.939,0.993437,0.02,0.63798,192
114,education,knowledge reproduction,1273389749.210429,273977654019.52023,0.0,1.0,0.427592,0.052296,2553768101.936948,273977654019.52023,0.993437,0.02,0.63798,192
114,mobility,logistics circulation,1747592845.379285,185542303266.77185,0.0,1.0,0.400987,0.048191,2350581874.166456,185542303266.77185,0.993437,0.02,0.63798,192
114,manufacturing,material transformation,748215429.855981,143956063228.77643,0.0,1.0,0.456802,0.055138,2692638709.219773,143956063228.77643,0.993437,0.02,0.63798,96
114,storage,resilience capacity,842607778.808124,253510475070.39023,0.0,1.0,0.45141,0.053329,2604491810.68268,253510475070.39023,0.993437,0.02,0.63798,96
114,governance,institutional coordination,587373863.309355,242859466028.06845,0.0,1.0,0.467831,0.055201,2696971532.68998,242859466028.06845,0.993437,0.02,0.63798,192
114,knowledge,knowledge reproduction,479874019.975677,376811771542.74414,0.0,1.0,0.460479,0.054391,2657266836.500242,376811771542.74414,0.993437,0.02,0.63798,192
114,resilience,risk protection,724984663.371573,257724653508.18167,0.0,1.0,0.469345,0.056081,2738663740.369373,257724653508.18167,0.993437,0.02,0.63798,192
114,repair,circular industry,0.0,21943851389.69289,0.0,1.0,0.443727,0.05479,2674324597.180601,21943851389.69289,0.993437,0.02,0.63798,96
114,ecology,planetary regeneration,1545409773.424463,8112961412.196055,0.0,1.0,0.594727,0.073392,3574514395.621552,0.0,0.993437,0.02,0.63798,96
114,waste,material difference resolution,825926026.439879,649021721.083598,0.214189,0.785811,0.545288,0.066009,3219316731.135306,176904305.356281,0.993437,0.02,0.63798,96
115,water,primary reproduction,8261000568.385818,11597692466.363354,0.0,1.0,0.707927,0.083022,3957754683.598138,11597692466.363354,0.993004,0.02,0.637981,233
115,food,primary reproduction,8261000568.385818,19279791670.65193,0.0,1.0,0.706656,0.08675,4136554409.244182,19279791670.65193,0.993004,0.02,0.637981,233
115,energy,energy infrastructure,8261000568.385818,3764372138.458626,0.54432,0.45568,0.710022,0.084591,4054935738.844256,3764372138.458626,0.993004,0.02,0.637981,226
115,shelter,social infrastructure,8261000568.385818,411473901958.246,0.0,1.0,0.474789,0.057918,2833934028.353797,411473901958.246,0.993004,0.02,0.637981,192
115,health,care reproduction,1493876779.992652,372937878371.74664,0.0,1.0,0.492333,0.06098,2964214135.400448,372937878371.74664,0.993004,0.02,0.637981,192
115,care,care reproduction,1731899337.731277,361852377658.7348,0.0,1.0,0.466191,0.057353,2804949851.607904,361852377658.7348,0.993004,0.02,0.637981,192
115,education,knowledge reproduction,1271983756.981938,277572778696.3473,0.0,1.0,0.427778,0.052338,2561111740.618793,277572778696.3473,0.993004,0.02,0.637981,192
115,mobility,logistics circulation,1747957834.561323,188096165925.76862,0.0,1.0,0.40117,0.048231,2357396086.412679,188096165925.76862,0.993004,0.02,0.637981,192
115,manufacturing,material transformation,747947666.622236,145613104500.85074,0.0,1.0,0.457012,0.055185,2700449453.667956,145613104500.85074,0.993004,0.02,0.637981,96
115,storage,resilience capacity,837537178.824358,256429405861.76898,0.0,1.0,0.451604,0.053397,2613147522.44721,256429405861.76898,0.993004,0.02,0.637981,96
115,governance,institutional coordination,587496913.431353,245787287439.1479,0.0,1.0,0.468024,0.055245,2704704613.207908,245787287439.1479,0.993004,0.02,0.637981,192
115,knowledge,knowledge reproduction,479382080.137454,381716807253.1759,0.0,1.0,0.460676,0.054435,2664918715.688427,381716807253.1759,0.993004,0.02,0.637981,192
115,resilience,risk protection,722748809.063371,261080861576.27118,0.0,1.0,0.469552,0.056151,2747725192.516508,261080861576.27118,0.993004,0.02,0.637981,192
115,repair,circular industry,0.0,22271496922.54008,0.0,1.0,0.443937,0.05486,2683268808.310382,22271496922.54008,0.993004,0.02,0.637981,96
115,ecology,planetary regeneration,1544397963.518487,8117940881.722534,0.0,1.0,0.594848,0.073461,3585454892.933479,0.0,0.993004,0.02,0.637981,96
115,waste,material difference resolution,826100056.838582,649203925.333727,0.214134,0.785866,0.545479,0.066081,3229570825.194126,176896131.504854,0.993004,0.02,0.637981,96
116,water,primary reproduction,8262745848.665794,12105316898.955433,0.0,1.0,0.704335,0.082649,3947796946.290136,12105316898.955433,0.992573,0.02,0.637982,234
116,food,primary reproduction,8262745848.665794,20010667700.43879,0.0,1.0,0.705557,0.08666,4142046367.290833,20010667700.43879,0.992573,0.02,0.637982,232
116,energy,energy infrastructure,8262745848.665794,3877496982.5963,0.530725,0.469275,0.707713,0.084365,4053040025.744805,3877496982.5963,0.992573,0.02,0.637982,225
116,shelter,social infrastructure,8262745848.665794,416055030083.6309,0.0,1.0,0.474997,0.057965,2842001571.095666,416055030083.6309,0.992573,0.02,0.637982,192
116,health,care reproduction,1490985974.77883,378212201531.604,0.0,1.0,0.492292,0.061002,2972009405.314279,378212201531.604,0.992573,0.02,0.637982,192
116,care,care reproduction,1732263416.155577,366740997936.1274,0.0,1.0,0.466398,0.0574,2812960362.345283,366740997936.1274,0.992573,0.02,0.637982,192
116,education,knowledge reproduction,1270648456.217281,281183351225.3348,0.0,1.0,0.427976,0.052382,2568439617.254958,281183351225.3348,0.992573,0.02,0.637982,192
116,mobility,logistics circulation,1748323908.784208,190662782841.82797,0.0,1.0,0.401364,0.048272,2364205375.727167,190662782841.82797,0.992573,0.02,0.637982,192
116,manufacturing,material transformation,747911635.664892,147275889603.92474,0.0,1.0,0.45723,0.055232,2708231574.190499,147275889603.92474,0.992573,0.02,0.637982,96
116,storage,resilience capacity,831505093.737166,259359335826.52573,0.0,1.0,0.451808,0.053465,2621797981.670316,259359335826.52573,0.992573,0.02,0.637982,96
116,governance,institutional coordination,587620327.950217,248726074503.35672,0.0,1.0,0.468228,0.055291,2712424023.452242,248726074503.35672,0.992573,0.02,0.637982,192
116,knowledge,knowledge reproduction,478911601.249726,386643339011.97876,0.0,1.0,0.460883,0.054481,2672563219.790348,386643339011.97876,0.992573,0.02,0.637982,192
116,resilience,risk protection,716398129.547993,264456580685.16595,0.0,1.0,0.469769,0.056222,2756779361.720819,264456580685.16595,0.992573,0.02,0.637982,192
116,repair,circular industry,0.0,22602467228.044334,0.0,1.0,0.444159,0.054931,2692207194.87498,22602467228.044334,0.992573,0.02,0.637982,96
116,ecology,planetary regeneration,1543375741.107355,8122952702.992867,0.0,1.0,0.594979,0.07353,3596338887.679843,0.0,0.992573,0.02,0.637982,96
116,waste,material difference resolution,826274584.866579,649385659.011296,0.21408,0.78592,0.545678,0.066154,3239795579.328799,176888925.855283,0.992573,0.02,0.637982,96
117,water,primary reproduction,8264496091.294806,12629809474.35166,0.0,1.0,0.700816,0.082315,3940839048.997398,12629809474.35166,0.992142,0.02,0.637984,232
117,food,primary reproduction,8264496091.294806,20760343636.349,0.0,1.0,0.703975,0.08654,4145974594.60907,20760343636.349,0.992142,0.02,0.637984,232
117,energy,energy infrastructure,8264496091.294806,3994816138.151813,0.516629,0.483371,0.705386,0.084156,4051839209.506799,3994816138.151813,0.992142,0.02,0.637984,226
117,shelter,social infrastructure,8264496091.294806,420650730984.6151,0.0,1.0,0.475114,0.05801,2849901689.024218,420650730984.6151,0.992142,0.02,0.637984,192
117,health,care reproduction,1488184426.000286,383513855805.7987,0.0,1.0,0.492169,0.061023,2979662272.021109,383513855805.7987,0.992142,0.02,0.637984,192
117,care,care reproduction,1732628572.627527,371654494828.006,0.0,1.0,0.466515,0.057444,2820783366.841105,371654494828.006,0.992142,0.02,0.637984,192
117,education,knowledge reproduction,1269405803.101671,284808653030.5412,0.0,1.0,0.428083,0.052422,2575574465.135698,284808653030.5412,0.992142,0.02,0.637984,192
117,mobility,logistics circulation,1748691065.34183,193241621621.57193,0.0,1.0,0.401468,0.04831,2370791544.999386,193241621621.57193,0.992142,0.02,0.637984,192
117,manufacturing,material transformation,747845269.307478,148944336752.21744,0.0,1.0,0.457351,0.055275,2715785858.370041,148944336752.21744,0.992142,0.02,0.637984,96
117,storage,resilience capacity,825236747.184256,262299875592.83405,0.0,1.0,0.451922,0.05353,2630252785.081939,262299875592.83405,0.992142,0.02,0.637984,96
117,governance,institutional coordination,587744105.964969,251675266808.50757,0.0,1.0,0.468341,0.055334,2719949884.919289,251675266808.50757,0.992142,0.02,0.637984,192
117,knowledge,knowledge reproduction,478469243.342413,391590616888.4715,0.0,1.0,0.461,0.054524,2680002854.947845,391590616888.4715,0.992142,0.02,0.637984,192
117,resilience,risk protection,711378292.505481,267850226181.66266,0.0,1.0,0.469896,0.056291,2765649908.059785,267850226181.66266,0.992142,0.02,0.637984,192
117,repair,circular industry,0.0,22936696378.246143,0.0,1.0,0.44429,0.054999,2700965038.697561,22936696378.246143,0.992142,0.02,0.637984,96
117,ecology,planetary regeneration,1542345149.387177,8127991383.671121,0.0,1.0,0.59502,0.073599,3607131350.442088,0.0,0.992142,0.02,0.637984,96
117,waste,material difference resolution,826449609.12948,649566842.582075,0.214027,0.785973,0.545788,0.066226,3249899108.64612,176882766.547405,0.992142,0.02,0.637984,96
118,water,primary reproduction,8266251043.223659,13163261229.302279,0.0,1.0,0.696848,0.081935,3930970447.368663,13163261229.302279,0.991711,0.02,0.637985,232
118,food,primary reproduction,8266251043.223659,21520577328.136486,0.0,1.0,0.701781,0.086365,4147290593.078014,21520577328.136486,0.991711,0.02,0.637985,232
118,energy,energy infrastructure,8266251043.223659,4116284418.508398,0.502037,0.497963,0.702934,0.083939,4050292794.605447,4116284418.508398,0.991711,0.02,0.637985,225
118,shelter,social infrastructure,8266251043.223659,425262015547.36176,0.0,1.0,0.475236,0.058063,2858226062.986276,425262015547.36176,0.991711,0.02,0.637985,192
118,health,care reproduction,1485435807.8515,388844260752.6008,0.0,1.0,0.492172,0.061065,2988047597.938646,388844260752.6008,0.991711,0.02,0.637985,192
118,care,care reproduction,1732994737.187291,376594127378.38544,0.0,1.0,0.466636,0.057496,2829022097.673229,376594127378.38544,0.991711,0.02,0.637985,192
118,education,knowledge reproduction,1268221171.996159,288449495866.3411,0.0,1.0,0.428193,0.05247,2583091099.20445,288449495866.3411,0.991711,0.02,0.637985,192
118,mobility,logistics circulation,1749059249.500814,195833491237.46774,0.0,1.0,0.401575,0.048354,2377730715.497775,195833491237.46774,0.991711,0.02,0.637985,192
118,manufacturing,material transformation,747742258.121079,150618875826.98074,0.0,1.0,0.457477,0.055326,2723739804.574321,150618875826.98074,0.991711,0.02,0.637985,96
118,storage,resilience capacity,819313434.525927,265251471440.2743,0.0,1.0,0.452038,0.053603,2639090363.262776,265251471440.2743,0.991711,0.02,0.637985,96
118,governance,institutional coordination,587868230.371032,254635622629.82468,0.0,1.0,0.468459,0.055384,2727879400.62777,254635622629.82468,0.991711,0.02,0.637985,192
118,knowledge,knowledge reproduction,478044501.314236,396559463509.0454,0.0,1.0,0.461121,0.054574,2687836405.097459,396559463509.0454,0.991711,0.02,0.637985,192
118,resilience,risk protection,706975592.362113,271262188716.79538,0.0,1.0,0.470026,0.056366,2774933818.409346,271262188716.79538,0.991711,0.02,0.637985,192
118,repair,circular industry,0.0,23274283935.486584,0.0,1.0,0.444425,0.055074,2710126633.815358,23274283935.486584,0.991711,0.02,0.637985,96
118,ecology,planetary regeneration,1541313726.162274,8133036779.725841,0.0,1.0,0.595063,0.073677,3618444810.878171,0.0,0.991711,0.02,0.637985,96
118,waste,material difference resolution,826625104.322366,649728688.543823,0.213998,0.786002,0.545902,0.066307,3260483520.785437,176896415.778543,0.991711,0.02,0.637985,96
119,water,primary reproduction,8268010646.765865,13710680105.67892,0.0,1.0,0.692943,0.081555,3920670574.588948,13710680105.67892,0.99128,0.02,0.637986,231
119,food,primary reproduction,8268010646.765865,22333468764.511833,0.0,1.0,0.699491,0.086171,4147593748.1493,22333468764.511833,0.99128,0.02,0.637986,231
119,energy,energy infrastructure,8268010646.765865,4236788121.596947,0.487569,0.512431,0.700501,0.083716,4048290017.896157,4236788121.596947,0.99128,0.02,0.637986,225
119,shelter,social infrastructure,8268010646.765865,429889037516.8505,0.0,1.0,0.475395,0.058116,2866608682.877652,429889037516.8505,0.99128,0.02,0.637986,192
119,health,care reproduction,1482708196.331835,394203539011.30615,0.0,1.0,0.49232,0.061119,2996743158.656584,394203539011.30615,0.99128,0.02,0.637986,192
119,care,care reproduction,1733361910.036843,381560181292.68567,0.0,1.0,0.466795,0.057549,2837325947.946244,381560181292.68567,0.99128,0.02,0.637986,192
119,education,knowledge reproduction,1267107467.708798,292106000227.9469,0.0,1.0,0.428341,0.052519,2590672071.370697,292106000227.9469,0.99128,0.02,0.637986,192
119,mobility,logistics circulation,1749428446.016811,198438532724.23154,0.0,1.0,0.40172,0.0484,2384747411.434004,198438532724.23154,0.99128,0.02,0.637986,192
119,manufacturing,material transformation,747601613.923751,152299529393.94208,0.0,1.0,0.457641,0.055378,2731757831.306023,152299529393.94208,0.99128,0.02,0.637986,96
119,storage,resilience capacity,812389592.67546,268214193875.86118,0.0,1.0,0.452191,0.053676,2648003694.467744,268214193875.86118,0.99128,0.02,0.637986,96
119,governance,institutional coordination,587992695.237409,257607293814.9065,0.0,1.0,0.468614,0.055436,2735873536.354488,257607293814.9065,0.99128,0.02,0.637986,192
119,knowledge,knowledge reproduction,477641288.005798,401549837909.215,0.0,1.0,0.46128,0.054625,2695730879.605698,401549837909.215,0.99128,0.02,0.637986,192
119,resilience,risk protection,700574592.941734,274694064182.30392,0.0,1.0,0.470195,0.056443,2784285940.204914,274694064182.30392,0.99128,0.02,0.637986,192
119,repair,circular industry,0.0,23615283742.693035,0.0,1.0,0.444598,0.055151,2719354950.649743,23615283742.693035,0.99128,0.02,0.637986,96
119,ecology,planetary regeneration,1540285130.32712,8138078867.785348,0.0,1.0,0.595144,0.073755,3629772256.174989,0.0,0.99128,0.02,0.637986,96
119,waste,material difference resolution,826801064.676586,649879435.690821,0.213983,0.786017,0.546064,0.06639,3271133316.752365,176921628.985765,0.99128,0.02,0.637986,96
120,water,primary reproduction,8269775213.896272,14252083231.730305,0.0,1.0,0.688976,0.081193,3911327881.542512,14252083231.730305,0.990849,0.02,0.637987,230
120,food,primary reproduction,8269775213.896272,23136573348.180798,0.0,1.0,0.695103,0.085761,4136657133.331677,23136573348.180798,0.990849,0.02,0.637987,232
120,energy,energy infrastructure,8269775213.896272,4365620527.737732,0.472099,0.527901,0.698289,0.083535,4048105785.698215,4365620527.737732,0.990849,0.02,0.637987,224
120,shelter,social infrastructure,8269775213.896272,434532450286.131,0.0,1.0,0.475549,0.058182,2875336161.391881,434532450286.131,0.990849,0.02,0.637987,192
120,health,care reproduction,1479977288.096946,399592571109.0219,0.0,1.0,0.492454,0.061184,3005780037.008767,399592571109.0219,0.990849,0.02,0.637987,192
120,care,care reproduction,1733730101.758623,386552977412.751,0.0,1.0,0.466948,0.057614,2845965303.159903,386552977412.751,0.990849,0.02,0.637987,192
120,education,knowledge reproduction,1266023003.099971,295778875738.4843,0.0,1.0,0.428484,0.052578,2598570870.101014,295778875738.4843,0.990849,0.02,0.637987,192
120,mobility,logistics circulation,1749798741.172347,201057223569.96426,0.0,1.0,0.401859,0.048456,2392046910.354653,201057223569.96426,0.990849,0.02,0.637987,192
120,manufacturing,material transformation,747443861.810411,153986014385.32373,0.0,1.0,0.457801,0.055442,2740104802.638862,153986014385.32373,0.990849,0.02,0.637987,96
120,storage,resilience capacity,806219158.75944,271188470754.42474,0.0,1.0,0.452339,0.053761,2657241559.588144,271188470754.42474,0.990849,0.02,0.637987,96
120,governance,institutional coordination,588117532.1941,260590935594.1636,0.0,1.0,0.468764,0.055499,2744211013.409341,260590935594.1636,0.990849,0.02,0.637987,192
120,knowledge,knowledge reproduction,477246971.917095,406562225375.971,0.0,1.0,0.461433,0.054688,2703939396.963069,406562225375.971,0.990849,0.02,0.637987,192
120,resilience,risk protection,694479004.236801,278146288743.94653,0.0,1.0,0.470357,0.056532,2793992124.346224,278146288743.94653,0.990849,0.02,0.637987,192
120,repair,circular industry,0.0,23959553709.469826,0.0,1.0,0.444766,0.055239,2728923988.886012,23959553709.469826,0.990849,0.02,0.637987,96
120,ecology,planetary regeneration,1539248789.104548,8143146686.435697,0.0,1.0,0.595219,0.073849,3641552128.312733,0.0,0.990849,0.02,0.637987,96
120,waste,material difference resolution,826977521.389627,650032968.175472,0.213965,0.786035,0.546225,0.066486,3282218624.087476,176944553.214155,0.990849,0.02,0.637987,96
