step,region,commune,domain,priority,explanation,causality,time,intensity,existence,potencies,effects,substance,matter,difference,determination,phenomena,angle direction
120,Mountain Water Towers,MountainCommune913,water,0.899673,need gap=1.000 potencies=0.636 trust=1.000 boundary penalty=0.991,3.52,3.405232,3.843857,4.0,2.543229,3.88,2.907162,3.72547,4.0,3.638782,4.0,3.273308
120,Forest Equator Belt,ForestEqCommune655,water,0.896718,need gap=1.000 potencies=0.871 trust=1.000 boundary penalty=0.991,3.52,3.405232,3.60041,4.0,3.482868,3.88,3.001762,2.494686,4.0,3.838946,4.0,3.321347
120,Mountain Water Towers,MountainCommune065,water,0.89579,need gap=1.000 potencies=0.630 trust=1.000 boundary penalty=0.991,3.52,3.405232,3.669717,4.0,2.520833,3.88,3.0,3.73232,4.0,3.622228,4.0,3.269335
120,Mountain Water Towers,MountainCommune004,water,0.894475,need gap=1.000 potencies=0.576 trust=1.000 boundary penalty=0.991,3.52,3.405232,3.6,4.0,2.305013,3.88,3.0,3.760825,4.0,3.796845,4.0,3.311243
120,Coastal Wind Belt,CoastalWCommune003,water,0.893592,need gap=1.000 potencies=0.694 trust=1.000 boundary penalty=0.991,3.52,3.405232,3.6,4.0,2.774102,3.88,3.0,3.522485,4.0,3.552793,4.0,3.25267
120,Aqua North Basin,AquaNortCommune504,water,0.890668,need gap=1.000 potencies=0.659 trust=1.000 boundary penalty=0.991,3.52,3.405232,3.60098,4.0,2.634041,3.88,2.946613,3.516965,4.0,3.573578,4.0,3.257659
120,Aqua North Basin,AquaNortCommune368,water,0.890196,need gap=1.000 potencies=0.632 trust=1.000 boundary penalty=0.991,3.52,3.405232,3.643221,4.0,2.527259,3.88,3.095156,3.489334,4.0,3.503644,4.0,3.240875
120,Mountain Water Towers,MountainCommune712,water,0.888349,need gap=1.000 potencies=0.570 trust=1.000 boundary penalty=0.991,3.52,3.405232,3.609144,4.0,2.279332,3.88,3.0,3.707263,4.0,3.573053,4.0,3.257533
120,Urban Repair Web,UrbanRepCommune817,water,0.886631,need gap=1.000 potencies=0.617 trust=1.000 boundary penalty=0.991,3.52,3.405232,3.686011,4.0,2.469561,3.88,3.0,3.395861,4.0,3.471295,4.0,3.233111
120,Mountain Water Towers,MountainCommune004,food,0.886382,need gap=1.000 potencies=0.628 trust=1.000 boundary penalty=0.991,3.28,3.325232,3.56,3.94,2.511854,3.76,3.0,3.760825,4.0,3.796845,4.0,3.311243
120,Mountain Water Towers,MountainCommune817,food,0.885998,need gap=1.000 potencies=0.596 trust=1.000 boundary penalty=0.991,3.28,3.325232,3.56,3.94,2.382016,3.76,3.104548,3.774556,4.0,3.800647,4.0,3.312155
120,Mountain Water Towers,MountainCommune913,food,0.883429,need gap=1.000 potencies=0.573 trust=1.000 boundary penalty=0.991,3.28,3.325232,3.803857,3.94,2.293568,3.76,2.907162,3.72547,4.0,3.638782,4.0,3.273308
120,Steppe Grain Commons,SteppeGrCommune404,food,0.883252,need gap=1.000 potencies=0.789 trust=1.000 boundary penalty=0.991,3.28,3.325232,3.575341,3.94,3.155789,3.76,3.0,2.818036,4.0,3.783198,4.0,3.307967
120,Mountain Water Towers,MountainCommune712,food,0.882198,need gap=1.000 potencies=0.649 trust=1.000 boundary penalty=0.991,3.28,3.325232,3.569144,3.94,2.594875,3.76,3.0,3.707263,4.0,3.573053,4.0,3.257533
120,Steppe Grain Commons,SteppeGrCommune404,water,0.880181,need gap=1.000 potencies=0.581 trust=1.000 boundary penalty=0.991,3.52,3.405232,3.615341,4.0,2.323823,3.88,3.0,2.818036,4.0,3.783198,4.0,3.307967
120,Subpolar Storage Rim,SubpolarCommune390,food,0.880022,need gap=1.000 potencies=0.721 trust=1.000 boundary penalty=0.991,3.28,3.325232,3.619581,3.94,2.882228,3.76,3.665127,2.303253,4.0,3.70036,4.0,3.288086
120,Delta Commons,DeltaComCommune831,water,0.878412,need gap=1.000 potencies=0.555 trust=1.000 boundary penalty=0.991,3.52,3.405232,3.752482,4.0,2.218847,3.88,2.839101,3.139007,4.0,3.515584,4.0,3.24374
120,Forest Equator Belt,ForestEqCommune262,food,0.877956,need gap=1.000 potencies=0.812 trust=1.000 boundary penalty=0.991,3.28,3.325232,3.561076,3.94,3.24804,3.76,3.005152,2.462205,4.0,3.735487,4.0,3.296517
120,Island Commons,IslandCoCommune874,water,0.877534,need gap=1.000 potencies=0.616 trust=1.000 boundary penalty=0.991,3.52,3.405232,3.75901,4.0,2.465419,3.88,2.350993,3.020863,4.0,3.692695,4.0,3.286247
120,Mountain Water Towers,MountainCommune065,food,0.877497,need gap=1.000 potencies=0.539 trust=1.000 boundary penalty=0.991,3.28,3.325232,3.629717,3.94,2.156418,3.76,3.0,3.73232,4.0,3.622228,4.0,3.269335
120,Temperate Ring,TemperateCommune536,water,0.877158,need gap=1.000 potencies=0.639 trust=1.000 boundary penalty=0.991,3.52,3.405232,3.719832,4.0,2.556615,3.88,3.142986,2.418881,4.0,3.519672,4.0,3.244721
120,Delta Commons,DeltaComCommune831,food,0.876932,need gap=1.000 potencies=0.699 trust=1.000 boundary penalty=0.991,3.28,3.325232,3.712482,3.94,2.795994,3.76,2.839101,3.139007,4.0,3.515584,4.0,3.24374
120,Temperate Ring,TemperateCommune414,food,0.876851,need gap=1.000 potencies=0.610 trust=1.000 boundary penalty=0.991,3.28,3.325232,3.59551,3.94,2.438164,3.76,4.0,2.399922,4.0,3.641275,4.0,3.273906
120,Forest Equator Belt,ForestEqCommune659,food,0.876633,need gap=1.000 potencies=0.765 trust=1.000 boundary penalty=0.991,3.28,3.325232,3.586636,3.94,3.06119,3.76,3.094862,2.598251,4.0,3.638568,4.0,3.273256
120,Highland Care Ring,HighlandCommune617,water,0.875344,need gap=0.999 potencies=0.651 trust=1.000 boundary penalty=0.991,3.52,3.403974,3.685024,3.998042,2.605508,3.88,2.838045,2.463371,3.997203,3.62833,4.0,3.271168
120,Highland Care Ring,HighlandCommune634,water,0.874848,need gap=1.000 potencies=0.621 trust=1.000 boundary penalty=0.991,3.52,3.405232,3.849585,4.0,2.483899,3.88,2.890989,2.304818,4.0,3.574061,4.0,3.257775
120,Temperate Ring,TemperateCommune066,water,0.874465,need gap=1.000 potencies=0.666 trust=1.000 boundary penalty=0.991,3.52,3.405232,3.784269,4.0,2.66539,3.88,2.62622,2.242979,4.0,3.716437,4.0,3.291945
120,Forest Equator Belt,ForestEqCommune469,food,0.874338,need gap=1.000 potencies=0.750 trust=1.000 boundary penalty=0.991,3.28,3.325232,3.56,3.94,2.999268,3.76,3.099033,2.344115,4.0,3.789802,4.0,3.309552
120,Forest Equator Belt,ForestEqCommune022,water,0.874247,need gap=1.000 potencies=0.706 trust=1.000 boundary penalty=0.991,3.52,3.405232,3.756027,4.0,2.824435,3.88,2.682548,2.386167,4.0,3.477453,4.0,3.234589
120,Highland Care Ring,HighlandCommune824,water,0.8742,need gap=1.000 potencies=0.642 trust=1.000 boundary penalty=0.991,3.52,3.405232,3.774193,4.0,2.568854,3.88,2.78,2.165031,4.0,3.740419,4.0,3.2977
120,Temperate Ring,TemperateCommune917,water,0.874179,need gap=1.000 potencies=0.589 trust=1.000 boundary penalty=0.991,3.52,3.405232,3.93828,4.0,2.356772,3.88,2.458342,2.530883,4.0,3.682232,4.0,3.283736
120,Urban Repair Web,UrbanRepCommune817,food,0.873703,need gap=1.000 potencies=0.601 trust=1.000 boundary penalty=0.991,3.28,3.325232,3.646011,3.94,2.405582,3.76,3.0,3.395861,4.0,3.471295,4.0,3.233111
120,Highland Care Ring,HighlandCommune291,water,0.873385,need gap=1.000 potencies=0.551 trust=1.000 boundary penalty=0.991,3.52,3.405232,3.832524,4.0,2.204193,3.88,2.812716,2.641593,4.0,3.571836,4.0,3.257241
120,Subpolar Storage Rim,SubpolarCommune790,water,0.873271,need gap=1.000 potencies=0.583 trust=1.000 boundary penalty=0.991,3.52,3.405232,3.904798,4.0,2.334,3.88,2.941943,2.327907,4.0,3.506326,4.0,3.241518
120,Subpolar Storage Rim,SubpolarCommune669,water,0.873202,need gap=1.000 potencies=0.514 trust=1.000 boundary penalty=0.991,3.52,3.405232,3.785899,4.0,2.057176,3.88,3.0,2.548742,4.0,3.669526,4.0,3.280686
120,Highland Care Ring,HighlandCommune128,food,0.872542,need gap=1.000 potencies=0.499 trust=1.000 boundary penalty=0.991,3.28,3.325232,3.655772,3.94,1.996919,3.76,4.0,2.442212,4.0,3.698439,4.0,3.287625
120,Island Commons,IslandCoCommune874,food,0.87243,need gap=1.000 potencies=0.710 trust=1.000 boundary penalty=0.991,3.28,3.325232,3.71901,3.94,2.839628,3.76,2.350993,3.020863,4.0,3.692695,4.0,3.286247
120,Forest Equator Belt,ForestEqCommune655,food,0.872146,need gap=1.000 potencies=0.692 trust=1.000 boundary penalty=0.991,3.28,3.325232,3.56041,3.94,2.766877,3.76,3.001762,2.494686,4.0,3.838946,4.0,3.321347
120,Subpolar Storage Rim,SubpolarCommune669,food,0.87163,need gap=1.000 potencies=0.657 trust=1.000 boundary penalty=0.991,3.28,3.325232,3.745899,3.94,2.629159,3.76,3.0,2.548742,4.0,3.669526,4.0,3.280686
120,Dryland Solar Arc,DrylandSCommune020,food,0.869814,need gap=0.942 potencies=0.754 trust=1.000 boundary penalty=0.991,3.28,3.220647,3.445634,3.777311,3.014627,3.76,3.439304,2.834801,3.767588,3.6855,4.0,3.315198
120,Temperate Ring,TemperateCommune021,water,0.869656,need gap=1.000 potencies=0.589 trust=1.000 boundary penalty=0.991,3.52,3.405232,3.752727,4.0,2.354076,3.88,3.0,2.217276,4.0,3.546915,4.0,3.251259
120,Dryland Solar Arc,DrylandSCommune847,water,0.869333,need gap=1.000 potencies=0.569 trust=1.000 boundary penalty=0.991,3.52,3.405232,3.98,4.0,2.275463,3.88,2.714823,2.172905,4.0,3.553211,4.0,3.252771
120,Aqua North Basin,AquaNortCommune708,water,0.868175,need gap=0.877 potencies=0.800 trust=1.000 boundary penalty=0.991,3.52,3.183847,3.255624,3.655624,3.201769,3.88,3.179507,3.539149,3.508034,3.519881,4.0,3.309711
120,Forest Equator Belt,ForestEqCommune469,water,0.867948,need gap=0.941 potencies=0.775 trust=1.000 boundary penalty=0.991,3.52,3.298848,3.434513,3.834513,3.098471,3.88,3.099033,2.344115,3.76359,3.659776,4.0,3.309552
120,Steppe Grain Commons,SteppeGrCommune706,food,0.867869,need gap=1.000 potencies=0.553 trust=1.000 boundary penalty=0.991,3.28,3.325232,3.596345,3.94,2.211721,3.76,3.169329,2.985452,4.0,3.591472,4.0,3.261953
120,Aqua North Basin,AquaNortCommune504,food,0.867501,need gap=0.950 potencies=0.737 trust=1.000 boundary penalty=0.991,3.28,3.234645,3.420066,3.799087,2.947808,3.76,2.946613,3.516965,3.798695,3.46286,4.0,3.257659
120,Aqua North Basin,AquaNortCommune454,water,0.867416,need gap=0.890 potencies=0.737 trust=1.000 boundary penalty=0.991,3.52,3.206753,3.291255,3.691255,2.946302,3.88,3.268553,3.520106,3.558936,3.477957,4.0,3.29293
120,Delta Commons,DeltaComCommune953,water,0.866714,need gap=0.874 potencies=0.680 trust=1.000 boundary penalty=0.991,3.52,3.179127,3.24828,3.64828,2.720236,3.88,4.0,3.225557,3.497543,3.518639,4.0,3.310798
120,Forest Equator Belt,ForestEqCommune139,food,0.866628,need gap=1.000 potencies=0.676 trust=1.000 boundary penalty=0.991,3.28,3.325232,3.570384,3.94,2.703858,3.76,2.900934,2.710739,4.0,3.554059,4.0,3.252974
120,Aqua North Basin,AquaNortCommune641,food,0.866105,need gap=0.960 potencies=0.637 trust=1.000 boundary penalty=0.991,3.28,3.252658,3.453093,3.827107,2.54813,3.76,3.177827,3.519174,3.838724,3.422398,4.0,3.242664
120,Highland Care Ring,HighlandCommune541,food,0.865606,need gap=1.000 potencies=0.665 trust=1.000 boundary penalty=0.991,3.28,3.325232,3.677951,3.94,2.661369,3.76,2.865142,2.507343,4.0,3.58022,4.0,3.259253
120,Temperate Ring,TemperateCommune872,water,0.865366,need gap=1.000 potencies=0.479 trust=1.000 boundary penalty=0.991,3.52,3.405232,3.844545,4.0,1.91726,3.88,2.728001,2.379669,4.0,3.668779,4.0,3.280507
120,Aqua North Basin,AquaNortCommune641,water,0.864637,need gap=0.920 potencies=0.637 trust=1.000 boundary penalty=0.991,3.52,3.261804,3.382876,3.776889,2.54989,3.88,3.177827,3.519174,3.68127,3.335798,4.0,3.242664
120,Aqua North Basin,AquaNortCommune368,food,0.864066,need gap=0.964 potencies=0.599 trust=1.000 boundary penalty=0.991,3.28,3.261259,3.503707,3.840486,2.395706,3.76,3.095156,3.489334,3.857837,3.425455,4.0,3.240875
120,Highland Care Ring,HighlandCommune824,food,0.864049,need gap=1.000 potencies=0.665 trust=1.000 boundary penalty=0.991,3.28,3.325232,3.734193,3.94,2.660358,3.76,2.78,2.165031,4.0,3.740419,4.0,3.2977
120,Mountain Water Towers,MountainCommune004,energy,0.863881,need gap=1.000 potencies=0.796 trust=1.000 boundary penalty=0.991,3.12,3.053232,3.424,3.736,3.183948,3.2,3.0,3.760825,4.0,3.796845,4.0,3.208
120,Highland Care Ring,HighlandCommune291,food,0.862693,need gap=1.000 potencies=0.566 trust=1.000 boundary penalty=0.991,3.28,3.325232,3.792524,3.94,2.265407,3.76,2.812716,2.641593,4.0,3.571836,4.0,3.257241
120,Forest Equator Belt,ForestEqCommune022,food,0.862663,need gap=1.000 potencies=0.709 trust=1.000 boundary penalty=0.991,3.28,3.325232,3.716027,3.94,2.835756,3.76,2.682548,2.386167,4.0,3.477453,4.0,3.234589
120,Temperate Ring,TemperateCommune872,food,0.861896,need gap=1.000 potencies=0.596 trust=1.000 boundary penalty=0.991,3.28,3.325232,3.804545,3.94,2.38297,3.76,2.728001,2.379669,4.0,3.668779,4.0,3.280507
120,Aqua North Basin,AquaNortCommune900,food,0.86165,need gap=0.925 potencies=0.762 trust=1.000 boundary penalty=0.991,3.28,3.190852,3.350964,3.730964,3.049872,3.76,3.132871,3.491119,3.701377,3.323712,4.0,3.237109
120,Dryland Solar Arc,DrylandSCommune847,food,0.861472,need gap=1.000 potencies=0.624 trust=1.000 boundary penalty=0.991,3.28,3.325232,3.94,3.94,2.495224,3.76,2.714823,2.172905,4.0,3.553211,4.0,3.252771
120,Aqua North Basin,AquaNortCommune454,food,0.861296,need gap=0.898 potencies=0.778 trust=1.000 boundary penalty=0.991,3.28,3.141263,3.273825,3.653825,3.111243,3.76,3.268553,3.520106,3.591179,3.495691,4.0,3.29293
120,Forest Equator Belt,ForestEqCommune973,food,0.861165,need gap=1.000 potencies=0.607 trust=1.000 boundary penalty=0.991,3.28,3.325232,3.572745,3.94,2.428777,3.76,2.951181,2.453332,4.0,3.669711,4.0,3.280731
120,Subpolar Storage Rim,SubpolarCommune790,food,0.861151,need gap=1.000 potencies=0.579 trust=1.000 boundary penalty=0.991,3.28,3.325232,3.864798,3.94,2.315271,3.76,2.941943,2.327907,4.0,3.506326,4.0,3.241518
120,Highland Care Ring,HighlandCommune617,food,0.860693,need gap=1.000 potencies=0.608 trust=1.000 boundary penalty=0.991,3.28,3.325232,3.646981,3.94,2.431804,3.76,2.838045,2.463371,4.0,3.629869,4.0,3.271168
120,Aqua North Basin,AquaNortCommune900,water,0.860532,need gap=0.926 potencies=0.578 trust=1.000 boundary penalty=0.991,3.52,3.272368,3.393323,3.793323,2.311334,3.88,3.132871,3.491119,3.704747,3.325565,4.0,3.237109
120,Temperate Ring,TemperateCommune536,food,0.860507,need gap=1.000 potencies=0.571 trust=1.000 boundary penalty=0.991,3.28,3.325232,3.679832,3.94,2.284191,3.76,3.142986,2.418881,4.0,3.519672,4.0,3.244721
120,Highland Care Ring,HighlandCommune634,food,0.859169,need gap=1.000 potencies=0.566 trust=1.000 boundary penalty=0.991,3.28,3.325232,3.809585,3.94,2.265848,3.76,2.890989,2.304818,4.0,3.574061,4.0,3.257775
120,Aqua North Basin,AquaNortCommune708,food,0.858941,need gap=0.899 potencies=0.733 trust=1.000 boundary penalty=0.991,3.28,3.143091,3.27667,3.65667,2.932639,3.76,3.179507,3.539149,3.595243,3.567845,4.0,3.309711
120,Aqua North Basin,AquaNortCommune883,water,0.857805,need gap=0.913 potencies=0.577 trust=1.000 boundary penalty=0.991,3.52,3.248821,3.356693,3.756693,2.306473,3.88,3.144075,3.505362,3.652419,3.357516,4.0,3.251685
120,Temperate Ring,TemperateCommune917,food,0.857289,need gap=1.000 potencies=0.518 trust=1.000 boundary penalty=0.991,3.28,3.325232,3.89828,3.94,2.0709,3.76,2.458342,2.530883,4.0,3.682232,4.0,3.283736
120,Forest Equator Belt,ForestEqCommune973,water,0.856404,need gap=0.919 potencies=0.757 trust=1.000 boundary penalty=0.991,3.52,3.259958,3.386763,3.774018,3.027528,3.88,2.951181,2.453332,3.677169,3.492153,4.0,3.280731
120,Delta Commons,DeltaComCommune891,food,0.856317,need gap=0.893 potencies=0.854 trust=1.000 boundary penalty=0.991,3.28,3.132128,3.259615,3.639615,3.415077,3.76,3.164336,3.210699,3.570879,3.38626,4.0,3.269346
120,Delta Commons,DeltaComCommune891,water,0.856201,need gap=0.890 potencies=0.700 trust=1.000 boundary penalty=0.991,3.52,3.207202,3.291953,3.691953,2.800305,3.88,3.164336,3.210699,3.559933,3.38024,4.0,3.269346
120,Aqua North Basin,AquaNortCommune504,energy,0.855278,need gap=0.992 potencies=0.834 trust=1.000 boundary penalty=0.991,3.12,3.03858,3.402187,3.713207,3.337903,3.2,2.946613,3.516965,3.967439,3.555669,4.0,3.208
120,Aqua North Basin,AquaNortCommune883,food,0.85519,need gap=0.930 potencies=0.624 trust=1.000 boundary penalty=0.991,3.28,3.199612,3.364591,3.744591,2.496719,3.76,3.144075,3.505362,3.720845,3.395151,4.0,3.251685
120,Temperate Ring,TemperateCommune021,food,0.854513,need gap=1.000 potencies=0.542 trust=1.000 boundary penalty=0.991,3.28,3.325232,3.712727,3.94,2.166089,3.76,3.0,2.217276,4.0,3.546915,4.0,3.251259
120,Delta Commons,DeltaComCommune010,water,0.85418,need gap=0.897 potencies=0.633 trust=1.000 boundary penalty=0.991,3.52,3.220292,3.312315,3.712315,2.531487,3.88,3.268523,2.972355,3.589021,3.502988,4.0,3.294966
120,Forest Equator Belt,ForestEqCommune645,food,0.853972,need gap=0.940 potencies=0.738 trust=1.000 boundary penalty=0.991,3.28,3.217892,3.393027,3.773027,2.950802,3.76,3.302037,2.292478,3.761467,3.581918,4.0,3.291147
120,Delta Commons,DeltaComCommune235,water,0.85318,need gap=0.817 potencies=0.790 trust=1.000 boundary penalty=0.991,3.52,3.075652,3.087321,3.487321,3.160077,3.88,4.0,3.23605,3.267601,3.297316,4.0,3.288033
120,Aqua North Basin,AquaNortCommune313,water,0.852318,need gap=0.876 potencies=0.643 trust=1.000 boundary penalty=0.991,3.52,3.182372,3.253329,3.653329,2.57249,3.88,3.312763,3.475664,3.504756,3.278492,4.0,3.25221
120,Temperate Ring,TemperateCommune066,food,0.852304,need gap=1.000 potencies=0.521 trust=1.000 boundary penalty=0.991,3.28,3.325232,3.744269,3.94,2.084352,3.76,2.62622,2.242979,4.0,3.716437,4.0,3.291945
120,Delta Commons,DeltaComCommune110,water,0.852193,need gap=0.889 potencies=0.601 trust=1.000 boundary penalty=0.991,3.52,3.205362,3.298442,3.689091,2.40323,3.88,3.59706,2.973196,3.555844,3.383546,4.0,3.27068
120,Mountain Water Towers,MountainCommune913,energy,0.850905,need gap=1.000 potencies=0.590 trust=1.000 boundary penalty=0.991,3.12,3.053232,3.667857,3.736,2.361699,3.2,2.907162,3.72547,4.0,3.638782,4.0,3.208
120,Mountain Water Towers,MountainCommune065,energy,0.849687,need gap=1.000 potencies=0.621 trust=1.000 boundary penalty=0.991,3.12,3.053232,3.493717,3.736,2.484034,3.2,3.0,3.73232,4.0,3.622228,4.0,3.208
120,Mountain Water Towers,MountainCommune712,energy,0.847923,need gap=1.000 potencies=0.637 trust=1.000 boundary penalty=0.991,3.12,3.053232,3.433144,3.736,2.547216,3.2,3.0,3.707263,4.0,3.573053,4.0,3.208
120,Coastal Wind Belt,CoastalWCommune003,energy,0.844905,need gap=1.000 potencies=0.643 trust=1.000 boundary penalty=0.991,3.12,3.053232,3.424,3.736,2.57389,3.2,3.0,3.522485,4.0,3.552793,4.0,3.208
120,Urban Repair Web,UrbanRepCommune817,energy,0.844679,need gap=1.000 potencies=0.656 trust=1.000 boundary penalty=0.991,3.12,3.053232,3.510011,3.736,2.624474,3.2,3.0,3.395861,4.0,3.471295,4.0,3.208
120,Forest Equator Belt,ForestEqCommune659,water,0.843025,need gap=0.883 potencies=0.684 trust=1.000 boundary penalty=0.991,3.52,3.193996,3.298046,3.67141,2.737128,3.88,3.094862,2.598251,3.530586,3.380391,4.0,3.273256
120,Delta Commons,DeltaComCommune831,energy,0.842449,need gap=1.000 potencies=0.680 trust=1.000 boundary penalty=0.991,3.12,3.053232,3.576482,3.736,2.721129,3.2,2.839101,3.139007,4.0,3.515584,4.0,3.208
120,Highland Care Ring,HighlandCommune291,energy,0.84153,need gap=1.000 potencies=0.738 trust=1.000 boundary penalty=0.991,3.12,3.053232,3.656524,3.736,2.951674,3.2,2.812716,2.641593,4.0,3.571836,4.0,3.208
120,Delta Commons,DeltaComCommune653,water,0.840988,need gap=0.837 potencies=0.766 trust=1.000 boundary penalty=0.991,3.52,3.111668,3.143345,3.543345,3.062012,3.88,3.311676,3.061108,3.347636,3.177969,4.0,3.248825
120,Aqua North Basin,AquaNortCommune708,energy,0.840708,need gap=0.937 potencies=0.779 trust=1.000 boundary penalty=0.991,3.12,2.940143,3.248083,3.560083,3.116978,3.2,3.179507,3.539149,3.74869,3.652241,4.0,3.208
120,Steppe Grain Commons,SteppeGrCommune404,energy,0.840422,need gap=1.000 potencies=0.671 trust=1.000 boundary penalty=0.991,3.12,3.053232,3.439341,3.736,2.6858,3.2,3.0,2.818036,4.0,3.783198,4.0,3.208
120,Forest Equator Belt,ForestEqCommune262,water,0.840305,need gap=0.859 potencies=0.786 trust=1.000 boundary penalty=0.991,3.52,3.151644,3.206606,3.60553,3.142258,3.88,3.005152,2.462205,3.436471,3.425546,4.0,3.296517
120,Delta Commons,DeltaComCommune139,water,0.839583,need gap=0.843 potencies=0.696 trust=1.000 boundary penalty=0.991,3.52,3.12199,3.159402,3.559402,2.785244,3.88,3.323684,3.078315,3.370574,3.241112,4.0,3.260951
120,Forest Equator Belt,ForestEqCommune655,energy,0.839484,need gap=0.981 potencies=0.808 trust=1.000 boundary penalty=0.991,3.12,3.019783,3.372378,3.683968,3.232545,3.2,3.001762,2.494686,3.925669,3.798064,4.0,3.208
120,Forest Equator Belt,ForestEqCommune645,water,0.839459,need gap=0.862 potencies=0.742 trust=1.000 boundary penalty=0.991,3.52,3.156162,3.212558,3.612558,2.966257,3.88,3.302037,2.292478,3.446512,3.408692,4.0,3.291147
120,Aqua North Basin,AquaNortCommune900,energy,0.838396,need gap=0.953 potencies=0.766 trust=1.000 boundary penalty=0.991,3.12,2.969523,3.293786,3.605786,3.064352,3.2,3.132871,3.491119,3.81398,3.385643,4.0,3.208
120,Aqua North Basin,AquaNortCommune368,energy,0.837864,need gap=0.967 potencies=0.685 trust=1.000 boundary penalty=0.991,3.12,2.993284,3.373968,3.642747,2.739067,3.2,3.095156,3.489334,3.866781,3.430374,4.0,3.208
120,Forest Equator Belt,ForestEqCommune022,energy,0.837322,need gap=1.000 potencies=0.816 trust=1.000 boundary penalty=0.991,3.12,3.053232,3.580027,3.736,3.26256,3.2,2.682548,2.386167,4.0,3.477453,4.0,3.208
120,Aqua North Basin,AquaNortCommune313,food,0.837241,need gap=0.824 potencies=0.844 trust=1.000 boundary penalty=0.991,3.28,3.008346,3.067066,3.447066,3.375457,3.76,3.312763,3.475664,3.295808,3.163572,4.0,3.25221
120,Delta Commons,DeltaComCommune010,food,0.837057,need gap=0.841 potencies=0.824 trust=1.000 boundary penalty=0.991,3.28,3.038925,3.114634,3.494634,3.296948,3.76,3.268523,2.972355,3.363763,3.379096,4.0,3.294966
120,Delta Commons,DeltaComCommune891,energy,0.836606,need gap=0.942 potencies=0.814 trust=1.000 boundary penalty=0.991,3.12,2.9497,3.262951,3.574951,3.255748,3.2,3.164336,3.210699,3.769929,3.495738,4.0,3.208
120,Temperate Ring,TemperateCommune917,energy,0.836581,need gap=1.000 potencies=0.703 trust=1.000 boundary penalty=0.991,3.12,3.053232,3.76228,3.736,2.812438,3.2,2.458342,2.530883,4.0,3.682232,4.0,3.208
120,Dryland Solar Arc,DrylandSCommune020,water,0.836356,need gap=0.846 potencies=0.574 trust=1.000 boundary penalty=0.991,3.52,3.127674,3.216566,3.568243,2.297191,3.88,3.439304,2.834801,3.383205,3.474089,4.0,3.315198
120,Temperate Ring,TemperateCommune872,energy,0.835096,need gap=1.000 potencies=0.695 trust=1.000 boundary penalty=0.991,3.12,3.053232,3.668545,3.736,2.779741,3.2,2.728001,2.379669,4.0,3.668779,4.0,3.208
120,Island Commons,IslandCoCommune874,energy,0.834622,need gap=1.000 potencies=0.657 trust=1.000 boundary penalty=0.991,3.12,3.053232,3.58301,3.736,2.626377,3.2,2.350993,3.020863,4.0,3.692695,4.0,3.208
120,Subpolar Storage Rim,SubpolarCommune669,energy,0.833527,need gap=1.000 potencies=0.598 trust=1.000 boundary penalty=0.991,3.12,3.053232,3.609899,3.736,2.39313,3.2,3.0,2.548742,4.0,3.669526,4.0,3.208
120,Forest Equator Belt,ForestEqCommune139,water,0.83299,need gap=0.839 potencies=0.801 trust=1.000 boundary penalty=0.991,3.52,3.115501,3.159692,3.549308,3.202315,3.88,2.900934,2.710739,3.356154,3.199944,4.0,3.252974
120,Temperate Ring,TemperateCommune066,energy,0.832779,need gap=1.000 potencies=0.725 trust=1.000 boundary penalty=0.991,3.12,3.053232,3.608269,3.736,2.901364,3.2,2.62622,2.242979,4.0,3.716437,4.0,3.208
120,Dryland Solar Arc,DrylandSCommune847,energy,0.830734,need gap=1.000 potencies=0.660 trust=1.000 boundary penalty=0.991,3.12,3.053232,3.804,3.736,2.640294,3.2,2.714823,2.172905,4.0,3.553211,4.0,3.208
120,Subpolar Storage Rim,SubpolarCommune790,energy,0.830134,need gap=1.000 potencies=0.608 trust=1.000 boundary penalty=0.991,3.12,3.053232,3.728798,3.736,2.432,3.2,2.941943,2.327907,4.0,3.506326,4.0,3.208
120,Highland Care Ring,HighlandCommune634,energy,0.829803,need gap=1.000 potencies=0.623 trust=1.000 boundary penalty=0.991,3.12,3.053232,3.673585,3.736,2.493371,3.2,2.890989,2.304818,4.0,3.574061,4.0,3.208
120,Subpolar Storage Rim,SubpolarCommune747,food,0.829077,need gap=0.872 potencies=0.575 trust=1.000 boundary penalty=0.991,3.28,3.094713,3.239791,3.581415,2.300701,3.76,3.925382,2.34621,3.487736,3.35213,4.0,3.27213
120,Highland Care Ring,HighlandCommune824,energy,0.828864,need gap=0.968 potencies=0.805 trust=1.000 boundary penalty=0.991,3.12,2.994855,3.507384,3.645191,3.219893,3.2,2.78,2.165031,3.870273,3.669069,4.0,3.208
120,Temperate Ring,TemperateCommune021,energy,0.828074,need gap=1.000 potencies=0.638 trust=1.000 boundary penalty=0.991,3.12,3.053232,3.576727,3.736,2.550198,3.2,3.0,2.217276,4.0,3.546915,4.0,3.208
120,Steppe Grain Commons,SteppeGrCommune706,energy,0.826781,need gap=0.941 potencies=0.727 trust=1.000 boundary penalty=0.991,3.12,2.946555,3.294402,3.570057,2.907579,3.2,3.169329,2.985452,3.762939,3.461088,4.0,3.208
120,Aqua North Basin,AquaNortCommune883,energy,0.824691,need gap=0.950 potencies=0.572 trust=1.000 boundary penalty=0.991,3.12,2.962465,3.282806,3.594806,2.287961,3.2,3.144075,3.505362,3.798294,3.437748,4.0,3.208
120,Forest Equator Belt,ForestEqCommune659,energy,0.824575,need gap=0.927 potencies=0.856 trust=1.000 boundary penalty=0.991,3.12,2.921016,3.244966,3.53033,3.423618,3.2,3.094862,2.598251,3.706186,3.476971,4.0,3.208
120,Delta Commons,DeltaComCommune010,energy,0.824336,need gap=0.906 potencies=0.817 trust=1.000 boundary penalty=0.991,3.12,2.884063,3.160848,3.472848,3.26846,3.2,3.268523,2.972355,3.624068,3.522264,4.0,3.208
120,Mountain Water Towers,MountainCommune817,energy,0.824089,need gap=0.886 potencies=0.749 trust=1.000 boundary penalty=0.991,3.12,2.848703,3.105843,3.417843,2.995816,3.2,3.104548,3.774556,3.54549,3.550667,4.0,3.208
120,Steppe Grain Commons,SteppeGrCommune504,water,0.823445,need gap=0.783 potencies=0.639 trust=1.000 boundary penalty=0.991,3.52,3.014964,3.02917,3.392917,2.554658,3.88,4.0,3.062733,3.132738,3.032414,3.905174,3.242258
120,Forest Equator Belt,ForestEqCommune469,energy,0.822905,need gap=0.965 potencies=0.676 trust=1.000 boundary penalty=0.991,3.12,2.990841,3.326948,3.638948,2.704361,3.2,3.099033,2.344115,3.861354,3.713547,4.0,3.208
120,Aqua North Basin,AquaNortCommune454,energy,0.822636,need gap=0.906 potencies=0.676 trust=1.000 boundary penalty=0.991,3.12,2.884043,3.160818,3.472818,2.702611,3.2,3.268553,3.520106,3.624025,3.513756,4.0,3.208
120,Aqua North Basin,AquaNortCommune641,energy,0.822295,need gap=0.938 potencies=0.591 trust=1.000 boundary penalty=0.991,3.12,2.941201,3.255717,3.56173,2.364059,3.2,3.177827,3.519174,3.751043,3.374173,4.0,3.208
120,Delta Commons,DeltaComCommune653,energy,0.821629,need gap=0.891 potencies=0.870 trust=1.000 boundary penalty=0.991,3.12,2.856876,3.118557,3.430557,3.479153,3.2,3.311676,3.061108,3.563653,3.296779,4.0,3.208
120,Forest Equator Belt,ForestEqCommune139,energy,0.820423,need gap=0.933 potencies=0.811 trust=1.000 boundary penalty=0.991,3.12,2.933206,3.247677,3.549293,3.243279,3.2,2.900934,2.710739,3.733276,3.407361,4.0,3.208
120,Highland Care Ring,HighlandCommune541,energy,0.820154,need gap=0.939 potencies=0.787 trust=1.000 boundary penalty=0.991,3.12,2.943049,3.370555,3.564604,3.146629,3.2,2.865142,2.507343,3.755148,3.445551,4.0,3.208
120,Aqua North Basin,AquaNortCommune313,energy,0.819112,need gap=0.891 potencies=0.742 trust=1.000 boundary penalty=0.991,3.12,2.856192,3.117493,3.429493,2.967598,3.2,3.312763,3.475664,3.562132,3.31005,4.0,3.208
120,Temperate Ring,TemperateCommune536,energy,0.817784,need gap=0.936 potencies=0.740 trust=1.000 boundary penalty=0.991,3.12,2.937799,3.364269,3.556438,2.961048,3.2,3.142986,2.418881,3.743482,3.378587,4.0,3.208
120,Forest Equator Belt,ForestEqCommune973,energy,0.817764,need gap=0.929 potencies=0.807 trust=1.000 boundary penalty=0.991,3.12,2.926296,3.239288,3.538543,3.229013,3.2,2.951181,2.453332,3.717919,3.514566,4.0,3.208
120,Delta Commons,DeltaComCommune653,food,0.817396,need gap=0.814 potencies=0.709 trust=1.000 boundary penalty=0.991,3.28,2.990372,3.039106,3.419106,2.834469,3.76,3.311676,3.061108,3.255866,3.127496,4.0,3.248825
120,Delta Commons,DeltaComCommune139,food,0.816172,need gap=0.805 potencies=0.712 trust=1.000 boundary penalty=0.991,3.28,2.974079,3.013762,3.393762,2.847305,3.76,3.323684,3.078315,3.219659,3.158109,4.0,3.260951
120,Steppe Grain Commons,SteppeGrCommune706,water,0.813169,need gap=0.801 potencies=0.563 trust=1.000 boundary penalty=0.991,3.52,3.04679,3.078769,3.442424,2.252142,3.88,3.169329,2.985452,3.203463,3.153376,4.0,3.261953
120,Delta Commons,DeltaComCommune139,energy,0.813089,need gap=0.887 potencies=0.751 trust=1.000 boundary penalty=0.991,3.12,2.849311,3.106789,3.418789,3.004255,3.2,3.323684,3.078315,3.546842,3.338059,4.0,3.208
120,Dryland Solar Arc,DrylandSCommune415,food,0.813069,need gap=0.817 potencies=0.566 trust=1.000 boundary penalty=0.991,3.28,2.994956,3.058226,3.426237,2.262033,3.76,4.0,2.796628,3.266053,3.048973,4.0,3.228635
120,Forest Equator Belt,ForestEqCommune645,energy,0.811043,need gap=0.894 potencies=0.832 trust=1.000 boundary penalty=0.991,3.12,2.862949,3.128003,3.440003,3.327215,3.2,3.302037,2.292478,3.577148,3.480542,4.0,3.208
120,Forest Equator Belt,ForestEqCommune262,energy,0.807853,need gap=0.909 potencies=0.740 trust=1.000 boundary penalty=0.991,3.12,2.889133,3.169811,3.480735,2.960894,3.2,3.005152,2.462205,3.635336,3.534922,4.0,3.208
120,Coastal Wind Belt,CoastalWCommune003,food,0.805949,need gap=0.769 potencies=0.750 trust=1.000 boundary penalty=0.991,3.28,2.910197,2.91439,3.29439,2.999389,3.76,3.0,3.522485,3.0777,3.045528,3.86804,3.25267
120,Steppe Grain Commons,SteppeGrCommune504,food,0.804378,need gap=0.780 potencies=0.557 trust=1.000 boundary penalty=0.991,3.28,2.928535,2.979169,3.322916,2.226742,3.76,4.0,3.062733,3.118452,3.024556,3.89103,3.242258
120,Delta Commons,DeltaComCommune110,food,0.802958,need gap=0.761 potencies=0.709 trust=1.000 boundary penalty=0.991,3.28,2.895493,2.900868,3.271518,2.837216,3.76,3.59706,2.973196,3.045025,3.102595,3.865707,3.27068
120,Temperate Ring,TemperateCommune364,food,0.801934,need gap=0.786 potencies=0.686 trust=1.000 boundary penalty=0.991,3.28,2.940324,2.96349,3.341254,2.74541,3.76,4.0,2.156988,3.144649,3.064616,3.927226,3.248414
120,Highland Care Ring,HighlandCommune617,energy,0.791532,need gap=0.856 potencies=0.794 trust=1.000 boundary penalty=0.991,3.12,2.793261,3.106582,3.331601,3.175569,3.2,2.838045,2.463371,3.422287,3.312126,4.0,3.208
120,Mountain Water Towers,MountainCommune376,food,0.778519,need gap=0.667 potencies=0.638 trust=1.000 boundary penalty=0.991,3.28,2.72648,2.644457,3.008609,2.551492,3.76,3.932573,3.720552,2.669441,2.93299,3.508665,3.279551
120,Dryland Solar Arc,DrylandSCommune847,health,0.778166,need gap=0.814 potencies=0.501 trust=1.000 boundary penalty=0.991,3.04,2.910616,3.379486,3.359486,2.003589,3.64,2.714823,2.172905,3.256408,3.144235,4.0,3.252771
120,Delta Commons,DeltaComCommune110,energy,0.774969,need gap=0.791 potencies=0.623 trust=1.000 boundary penalty=0.991,3.12,2.677085,2.848232,3.150882,2.490466,3.2,3.59706,2.973196,3.164117,3.168096,3.983608,3.208
120,Subpolar Storage Rim,SubpolarCommune390,energy,0.77392,need gap=0.767 potencies=0.829 trust=1.000 boundary penalty=0.991,3.12,2.634202,2.831757,3.084176,3.317914,3.2,3.665127,2.303253,3.068823,3.188213,3.918279,3.208
120,Subpolar Storage Rim,SubpolarCommune837,energy,0.773184,need gap=0.784 potencies=0.681 trust=1.000 boundary penalty=0.991,3.12,2.664407,2.819161,3.131161,2.72277,3.2,3.617183,2.734771,3.135944,3.175033,3.96469,3.208
120,Highland Care Ring,HighlandCommune139,food,0.751868,need gap=0.607 potencies=0.779 trust=1.000 boundary penalty=0.991,3.28,2.617186,2.458595,2.838595,3.114569,3.76,3.920679,2.60885,2.426564,2.990354,3.344596,3.325379
120,Temperate Ring,TemperateCommune917,health,0.750133,need gap=0.711 potencies=0.615 trust=1.000 boundary penalty=0.991,3.04,2.725437,3.04971,3.07143,2.459845,3.64,2.458342,2.530883,2.844899,3.046927,3.689343,3.283736
120,Mountain Water Towers,MountainCommune376,energy,0.745647,need gap=0.674 potencies=0.617 trust=1.000 boundary penalty=0.991,3.12,2.465711,2.525926,2.822078,2.467587,3.2,3.932573,3.720552,2.694397,2.946716,3.533372,3.208
120,Subpolar Storage Rim,SubpolarCommune390,water,0.740536,need gap=0.590 potencies=0.710 trust=1.000 boundary penalty=0.991,3.52,2.667678,2.512275,2.852694,2.840001,3.88,3.665127,2.303253,2.360991,2.798905,3.217525,3.288086
120,Island Commons,IslandCoCommune619,energy,0.736705,need gap=0.661 potencies=0.634 trust=1.000 boundary penalty=0.991,3.12,2.442965,2.474695,2.786695,2.537395,3.2,3.968678,3.203273,2.64385,3.035119,3.529812,3.208
120,Subpolar Storage Rim,SubpolarCommune747,water,0.726508,need gap=0.556 potencies=0.673 trust=1.000 boundary penalty=0.991,3.52,2.606154,2.395365,2.756989,2.693037,3.88,3.925382,2.34621,2.224271,2.657225,3.055578,3.27213
120,Highland Care Ring,HighlandCommune128,water,0.722526,need gap=0.548 potencies=0.579 trust=1.000 boundary penalty=0.991,3.52,2.591139,2.429405,2.733633,2.316618,3.88,4.0,2.442212,2.190905,2.703437,3.048372,3.287625
120,Highland Care Ring,HighlandCommune128,energy,0.722235,need gap=0.633 potencies=0.742 trust=1.000 boundary penalty=0.991,3.12,2.391913,2.491053,2.707282,2.967724,3.2,4.0,2.442212,2.530402,2.890161,3.384474,3.208
120,Temperate Ring,TemperateCommune322,food,0.72189,need gap=0.579 potencies=0.639 trust=1.000 boundary penalty=0.991,3.28,2.567853,2.381855,2.761855,2.55521,3.76,4.0,2.325453,2.316936,2.727664,3.155106,3.276804
120,Subpolar Storage Rim,SubpolarCommune756,food,0.717141,need gap=0.538 potencies=0.766 trust=1.000 boundary penalty=0.991,3.28,2.493182,2.320949,2.6457,3.065169,3.76,4.0,2.597054,2.151,2.532319,2.949198,3.251825
120,Coastal Wind Belt,CoastalWCommune746,energy,0.710823,need gap=0.582 potencies=0.691 trust=1.000 boundary penalty=0.991,3.12,2.301169,2.254124,2.566124,2.765155,3.2,4.0,3.512092,2.328749,2.704066,3.154763,3.208
120,Temperate Ring,TemperateCommune364,energy,0.702709,need gap=0.594 potencies=0.838 trust=1.000 boundary penalty=0.991,3.12,2.322203,2.289078,2.598843,3.350877,3.2,4.0,2.156988,2.37549,2.641579,3.165759,3.208
120,Highland Care Ring,HighlandCommune541,water,0.701364,need gap=0.517 potencies=0.727 trust=1.000 boundary penalty=0.991,3.52,2.536229,2.366168,2.648217,2.90809,3.88,2.865142,2.507343,2.068881,2.518104,2.88028,3.259253
120,Subpolar Storage Rim,SubpolarCommune837,food,0.699851,need gap=0.498 potencies=0.780 trust=1.000 boundary penalty=0.991,3.28,2.421552,2.154275,2.534275,3.120648,3.76,3.617183,2.734771,1.991821,2.545765,2.832008,3.276063
120,Steppe Grain Commons,SteppeGrCommune208,energy,0.697717,need gap=0.544 potencies=0.780 trust=1.000 boundary penalty=0.991,3.12,2.232885,2.147904,2.459904,3.119041,3.2,4.0,2.888585,2.177006,2.847382,3.095247,3.208
120,Island Commons,IslandCoCommune839,energy,0.691555,need gap=0.541 potencies=0.776 trust=1.000 boundary penalty=0.991,3.12,2.226222,2.140121,2.44954,3.102042,3.2,3.731594,3.133535,2.1622,2.669908,3.012857,3.208
120,Mountain Water Towers,MountainCommune239,food,0.687162,need gap=0.417 potencies=0.680 trust=1.000 boundary penalty=0.991,3.28,2.276277,1.928292,2.308292,2.718061,3.76,4.0,3.700866,1.668989,2.563738,2.590617,3.322991
120,Steppe Grain Commons,SteppeGrCommune504,energy,0.68651,need gap=0.560 potencies=0.596 trust=1.000 boundary penalty=0.991,3.12,2.261979,2.229414,2.505161,2.383069,3.2,4.0,3.062733,2.241659,2.54232,3.023005,3.208
120,Steppe Grain Commons,SteppeGrCommune516,energy,0.679961,need gap=0.508 potencies=0.767 trust=1.000 boundary penalty=0.991,3.12,2.167872,2.064988,2.358774,3.066244,3.2,4.0,3.144337,2.032534,2.48287,2.838199,3.208
120,Subpolar Storage Rim,SubpolarCommune747,energy,0.678748,need gap=0.555 potencies=0.647 trust=1.000 boundary penalty=0.991,3.12,2.252535,2.216848,2.490472,2.586753,3.2,3.925382,2.34621,2.220674,2.655247,3.052018,3.208
120,Island Commons,IslandCoCommune874,ecology,0.677517,need gap=0.506 potencies=0.691 trust=1.000 boundary penalty=0.991,2.76,2.388627,2.312735,2.521725,2.764785,3.84,2.350993,3.020863,2.025322,2.606622,2.882146,3.297061
120,Steppe Grain Commons,SteppeGrCommune541,energy,0.676324,need gap=0.497 potencies=0.799 trust=1.000 boundary penalty=0.991,3.12,2.147262,2.014713,2.326713,3.194989,3.2,4.0,2.990531,1.986733,2.52106,2.818208,3.208
120,Dryland Solar Arc,DrylandSCommune047,energy,0.670432,need gap=0.475 potencies=0.793 trust=1.000 boundary penalty=0.991,3.12,2.108,1.990497,2.265638,3.171612,3.2,3.918942,2.882118,1.899483,2.689191,2.818279,3.208
120,Coastal Wind Belt,CoastalWCommune805,energy,0.668318,need gap=0.485 potencies=0.628 trust=1.000 boundary penalty=0.991,3.12,2.126532,1.982467,2.294467,2.510345,3.2,4.0,3.593724,1.940667,2.470586,2.762548,3.208
120,Coastal Wind Belt,CoastalWCommune607,energy,0.665368,need gap=0.458 potencies=0.748 trust=1.000 boundary penalty=0.991,3.12,2.07694,1.905324,2.217324,2.992347,3.2,4.0,3.505639,1.830463,2.444109,2.6671,3.208
120,Dryland Solar Arc,DrylandSCommune020,energy,0.664349,need gap=0.502 potencies=0.676 trust=1.000 boundary penalty=0.991,3.12,2.157432,2.078856,2.342534,2.702692,3.2,3.439304,2.834801,2.009334,2.71846,2.914571,3.208
120,Coastal Wind Belt,CoastalWCommune001,energy,0.664076,need gap=0.431 potencies=0.872 trust=1.000 boundary penalty=0.991,3.12,2.028256,1.829593,2.141593,3.486897,3.2,4.0,3.57909,1.722276,2.365128,2.552204,3.208
120,Island Commons,IslandCoCommune239,ecology,0.656436,need gap=0.441 potencies=0.647 trust=1.000 boundary penalty=0.991,2.76,2.270611,1.977698,2.338144,2.588369,3.84,3.497443,2.959284,1.763063,2.269914,2.545524,3.297061
120,Coastal Wind Belt,CoastalWCommune384,energy,0.655798,need gap=0.445 potencies=0.731 trust=1.000 boundary penalty=0.991,3.12,2.054072,1.869751,2.181751,2.923342,3.2,4.0,3.494417,1.779644,2.288019,2.565534,3.208
120,Highland Care Ring,HighlandCommune617,ecology,0.65562,need gap=0.471 potencies=0.646 trust=1.000 boundary penalty=0.991,2.76,2.325096,2.141881,2.4229,2.582429,3.84,2.838045,2.463371,1.884142,2.466147,2.717248,3.297061
120,Mountain Water Towers,MountainCommune368,food,0.655332,need gap=0.334 potencies=0.750 trust=1.000 boundary penalty=0.991,3.28,2.126812,1.695791,2.075791,2.999046,3.76,4.0,3.694276,1.336844,2.25724,2.212266,3.293274
120,Highland Care Ring,HighlandCommune710,food,0.651382,need gap=0.372 potencies=0.767 trust=1.000 boundary penalty=0.991,3.28,2.195185,1.804008,2.182149,3.06989,3.76,4.0,2.246697,1.488785,2.416273,2.392873,3.311386
120,Dryland Solar Arc,DrylandSCommune020,ecology,0.65027,need gap=0.413 potencies=0.634 trust=1.000 boundary penalty=0.991,2.76,2.220962,1.941235,2.260913,2.535912,3.84,3.439304,2.834801,1.652732,2.522329,2.561535,3.297061
120,Dryland Solar Arc,DrylandSCommune340,food,0.649247,need gap=0.378 potencies=0.758 trust=1.000 boundary penalty=0.991,3.28,2.205217,1.823987,2.197754,3.030799,3.76,3.76611,2.644707,1.511077,2.209209,2.327212,3.258748
120,Mountain Water Towers,MountainCommune376,water,0.649191,need gap=0.327 potencies=0.567 trust=1.000 boundary penalty=0.991,3.52,2.193306,1.730629,2.114781,2.26778,3.88,3.932573,3.720552,1.30683,2.183554,2.15968,3.279551
120,Mountain Water Towers,MountainCommune817,ecology,0.648008,need gap=0.374 potencies=0.712 trust=1.000 boundary penalty=0.991,2.76,2.150218,1.782867,2.150867,2.848467,3.84,3.104548,3.774556,1.495525,2.423186,2.400828,3.297061
120,Temperate Ring,TemperateCommune414,water,0.646591,need gap=0.343 potencies=0.714 trust=1.000 boundary penalty=0.991,3.52,2.223205,1.796801,2.161291,2.855858,3.88,4.0,2.399922,1.373273,2.196575,2.21605,3.273906
120,Urban Repair Web,UrbanRepCommune690,energy,0.645288,need gap=0.413 potencies=0.705 trust=1.000 boundary penalty=0.991,3.12,1.99675,1.780583,2.092583,2.821456,3.2,4.0,3.436495,1.652262,2.422567,2.521268,3.208
120,Temperate Ring,TemperateCommune414,energy,0.642494,need gap=0.437 potencies=0.770 trust=1.000 boundary penalty=0.991,3.12,2.039835,1.883115,2.159605,3.081372,3.2,4.0,2.399922,1.748007,2.402679,2.587037,3.208
120,Mountain Water Towers,MountainCommune368,energy,0.64075,need gap=0.365 potencies=0.853 trust=1.000 boundary penalty=0.991,3.12,1.90975,1.645251,1.957251,3.41175,3.2,4.0,3.694276,1.458929,2.324386,2.33313,3.208
120,Temperate Ring,TemperateCommune917,ecology,0.635754,need gap=0.441 potencies=0.494 trust=1.000 boundary penalty=0.991,2.76,2.270286,2.307919,2.337639,1.976479,3.84,2.458342,2.530883,1.762341,2.45152,2.617611,3.297061
120,Island Commons,IslandCoCommune839,ecology,0.632893,need gap=0.349 potencies=0.683 trust=1.000 boundary penalty=0.991,2.76,2.105129,1.71531,2.080729,2.732517,3.84,3.731594,3.133535,1.395327,2.248128,2.253653,3.297061
120,Steppe Grain Commons,SteppeGrCommune055,energy,0.628757,need gap=0.400 potencies=0.678 trust=1.000 boundary penalty=0.991,3.12,1.972916,1.743508,2.055508,2.710405,3.2,4.0,2.822178,1.599296,2.407525,2.474468,3.208
120,Urban Repair Web,UrbanRepCommune116,energy,0.625873,need gap=0.357 potencies=0.715 trust=1.000 boundary penalty=0.991,3.12,1.896065,1.623963,1.935963,2.85984,3.2,4.0,3.435102,1.428519,2.393316,2.337286,3.208
120,Forest Equator Belt,ForestEqCommune139,ecology,0.621563,need gap=0.368 potencies=0.732 trust=1.000 boundary penalty=0.991,2.76,2.13943,1.776469,2.134085,2.9279,3.84,2.900934,2.710739,1.47155,2.163412,2.278459,3.297061
120,Dryland Solar Arc,DrylandSCommune824,ecology,0.620537,need gap=0.303 potencies=0.774 trust=1.000 boundary penalty=0.991,2.76,2.022632,1.5844,1.9524,3.096676,3.84,3.794582,2.796308,1.212,2.304903,2.135202,3.297061
120,Island Commons,IslandCoCommune239,water,0.619853,need gap=0.300 potencies=0.637 trust=1.000 boundary penalty=0.991,3.52,2.145121,1.64738,2.039827,2.549473,3.88,3.497443,2.959284,1.199752,1.960093,1.987847,3.240055
120,Temperate Ring,TemperateCommune322,water,0.619404,need gap=0.293 potencies=0.642 trust=1.000 boundary penalty=0.991,3.52,2.131743,1.619017,2.019017,2.568665,3.88,4.0,2.325453,1.170024,2.096862,2.019663,3.276804
120,Highland Care Ring,HighlandCommune541,ecology,0.61867,need gap=0.367 potencies=0.702 trust=1.000 boundary penalty=0.991,2.76,2.136946,1.880172,2.130222,2.809378,3.84,2.865142,2.507343,1.466031,2.186537,2.283458,3.297061
120,Mountain Water Towers,MountainCommune239,ecology,0.618112,need gap=0.257 potencies=0.751 trust=1.000 boundary penalty=0.991,2.76,1.94012,1.456048,1.824048,3.004773,3.84,4.0,3.700866,1.02864,2.211546,1.956672,3.297061
120,Coastal Wind Belt,CoastalWCommune692,ecology,0.618076,need gap=0.257 potencies=0.786 trust=1.000 boundary penalty=0.991,2.76,1.940106,1.456027,1.824027,3.142378,3.84,4.0,3.523335,1.02861,2.223309,1.961353,3.297061
120,Forest Equator Belt,ForestEqCommune973,ecology,0.617825,need gap=0.375 potencies=0.648 trust=1.000 boundary penalty=0.991,2.76,2.151405,1.797458,2.152713,2.591393,3.84,2.951181,2.453332,1.498161,2.293699,2.351064,3.297061
120,Urban Repair Web,UrbanRepCommune446,energy,0.616743,need gap=0.328 potencies=0.833 trust=1.000 boundary penalty=0.991,3.12,1.844173,1.543242,1.855242,3.33224,3.2,4.0,3.352033,1.313203,2.132658,2.144229,3.208
120,Forest Equator Belt,ForestEqCommune262,ecology,0.61639,need gap=0.355 potencies=0.703 trust=1.000 boundary penalty=0.991,2.76,2.116865,1.73206,2.098984,2.813884,3.84,3.005152,2.462205,1.421405,2.31726,2.301386,3.297061
120,Island Commons,IslandCoCommune279,energy,0.615415,need gap=0.330 potencies=0.747 trust=1.000 boundary penalty=0.991,3.12,1.846713,1.547193,1.859193,2.987033,3.2,4.0,3.245263,1.318847,2.38224,2.248408,3.208
120,Mountain Water Towers,MountainCommune913,ecology,0.614861,need gap=0.332 potencies=0.501 trust=1.000 boundary penalty=0.991,2.76,2.074172,1.90843,2.032573,2.005525,3.84,2.907162,3.72547,1.326533,2.168375,2.16878,3.297061
120,Coastal Wind Belt,CoastalWCommune001,ecology,0.614166,need gap=0.257 potencies=0.799 trust=1.000 boundary penalty=0.991,2.76,1.940127,1.456059,1.824059,3.19794,3.84,4.0,3.57909,1.028656,1.983637,1.865519,3.297061
120,Subpolar Storage Rim,SubpolarCommune756,water,0.613677,need gap=0.266 potencies=0.672 trust=1.000 boundary penalty=0.991,3.52,2.084019,1.600028,1.944779,2.689014,3.88,4.0,2.597054,1.06397,1.934453,1.873038,3.251825
120,Delta Commons,DeltaComCommune953,energy,0.611769,need gap=0.302 potencies=0.876 trust=1.000 boundary penalty=0.991,3.12,1.796649,1.469316,1.781316,3.505674,3.2,4.0,3.225557,1.207594,2.259167,2.113514,3.208
120,Highland Care Ring,HighlandCommune139,ecology,0.611401,need gap=0.289 potencies=0.731 trust=1.000 boundary penalty=0.991,2.76,1.997784,1.545748,1.913748,2.923972,3.84,3.920679,2.60885,1.156783,2.291974,2.087513,3.297061
120,Mountain Water Towers,MountainCommune368,ecology,0.609547,need gap=0.257 potencies=0.675 trust=1.000 boundary penalty=0.991,2.76,1.940111,1.456033,1.824033,2.698191,3.84,4.0,3.694276,1.028619,2.087716,1.907123,3.297061
120,Temperate Ring,TemperateCommune066,ecology,0.608685,need gap=0.378 potencies=0.536 trust=1.000 boundary penalty=0.991,2.76,2.158163,1.979494,2.163226,2.143592,3.84,2.62622,2.242979,1.51318,2.348686,2.384623,3.297061
120,Coastal Wind Belt,CoastalWCommune607,ecology,0.608291,need gap=0.257 potencies=0.726 trust=1.000 boundary penalty=0.991,2.76,1.940217,1.456199,1.824199,2.905779,3.84,4.0,3.505639,1.028856,2.003225,1.873509,3.297061
120,Subpolar Storage Rim,SubpolarCommune756,energy,0.608198,need gap=0.353 potencies=0.742 trust=1.000 boundary penalty=0.991,3.12,1.887961,1.666605,1.923356,2.969921,3.2,4.0,2.597054,1.410509,2.125049,2.216111,3.208
120,Urban Repair Web,UrbanRepCommune116,ecology,0.608168,need gap=0.257 potencies=0.683 trust=1.000 boundary penalty=0.991,2.76,1.940147,1.45609,1.82409,2.731638,3.84,4.0,3.435102,1.0287,2.173415,1.941465,3.297061
120,Dryland Solar Arc,DrylandSCommune340,ecology,0.608084,need gap=0.309 potencies=0.689 trust=1.000 boundary penalty=0.991,2.76,2.034077,1.608436,1.970203,2.756574,3.84,3.76611,2.644707,1.237433,2.058705,2.056305,3.297061
120,Dryland Solar Arc,DrylandSCommune047,water,0.607805,need gap=0.232 potencies=0.621 trust=1.000 boundary penalty=0.991,3.52,2.02336,1.487279,1.850421,2.484723,3.88,3.918942,2.882118,0.929172,2.15552,1.857671,3.322674
120,Delta Commons,DeltaComCommune953,ecology,0.607338,need gap=0.257 potencies=0.721 trust=1.000 boundary penalty=0.991,2.76,1.940134,1.45607,1.82407,2.885743,3.84,4.0,3.225557,1.028671,2.160759,1.93638,3.297061
120,Urban Repair Web,UrbanRepCommune482,ecology,0.607099,need gap=0.257 potencies=0.713 trust=1.000 boundary penalty=0.991,2.76,1.940204,1.456179,1.824179,2.85261,3.84,4.0,3.450715,1.028827,2.028872,1.883746,3.297061
120,Steppe Grain Commons,SteppeGrCommune208,ecology,0.606946,need gap=0.257 potencies=0.771 trust=1.000 boundary penalty=0.991,2.76,1.940113,1.456036,1.824036,3.084586,3.84,4.0,2.888585,1.028623,2.215771,1.958349,3.297061
120,Dryland Solar Arc,DrylandSCommune415,water,0.606782,need gap=0.250 potencies=0.679 trust=1.000 boundary penalty=0.991,3.52,2.054694,1.511152,1.899164,2.714042,3.88,4.0,2.796628,0.998805,1.801987,1.769875,3.228635
120,Highland Care Ring,HighlandCommune824,ecology,0.606561,need gap=0.349 potencies=0.650 trust=1.000 boundary penalty=0.991,2.76,2.104986,1.886699,2.080506,2.60176,3.84,2.78,2.165031,1.395009,2.307674,2.277226,3.297061
120,Dryland Solar Arc,DrylandSCommune047,ecology,0.606397,need gap=0.275 potencies=0.670 trust=1.000 boundary penalty=0.991,2.76,1.972674,1.543547,1.874688,2.678055,3.84,3.918942,2.882118,1.100983,2.250016,2.027763,3.297061
120,Urban Repair Web,UrbanRepCommune754,ecology,0.605834,need gap=0.257 potencies=0.738 trust=1.000 boundary penalty=0.991,2.76,1.940118,1.456044,1.824044,2.950943,3.84,4.0,3.330398,1.028634,1.982256,1.864951,3.297061
120,Forest Equator Belt,ForestEqCommune022,ecology,0.604646,need gap=0.369 potencies=0.577 trust=1.000 boundary penalty=0.991,2.76,2.142063,1.926209,2.138181,2.307873,3.84,2.682548,2.386167,1.477402,2.090024,2.253609,3.297061
120,Delta Commons,DeltaComCommune235,ecology,0.604342,need gap=0.257 potencies=0.709 trust=1.000 boundary penalty=0.991,2.76,1.940119,1.456046,1.824046,2.83699,3.84,4.0,3.23605,1.028637,2.065886,1.898405,3.297061
120,Island Commons,IslandCoCommune340,ecology,0.603939,need gap=0.257 potencies=0.724 trust=1.000 boundary penalty=0.991,2.76,1.940118,1.456045,1.824045,2.897794,3.84,4.0,3.177977,1.028636,2.041794,1.888767,3.297061
120,Steppe Grain Commons,SteppeGrCommune516,ecology,0.603912,need gap=0.257 potencies=0.762 trust=1.000 boundary penalty=0.991,2.76,1.940106,1.474241,1.824027,3.048499,3.84,4.0,3.144337,1.028609,1.930711,1.844314,3.297061
120,Island Commons,IslandCoCommune594,ecology,0.603886,need gap=0.257 potencies=0.656 trust=1.000 boundary penalty=0.991,2.76,1.940103,1.456021,1.824021,2.623215,3.84,4.0,3.244211,1.028601,2.200199,1.952103,3.297061
120,Urban Repair Web,UrbanRepCommune450,ecology,0.60384,need gap=0.257 potencies=0.664 trust=1.000 boundary penalty=0.991,2.76,1.94015,1.456094,1.824094,2.657695,3.84,4.0,3.393461,1.028705,2.075627,1.902354,3.297061
120,Island Commons,IslandCoCommune279,ecology,0.601642,need gap=0.257 potencies=0.617 trust=1.000 boundary penalty=0.991,2.76,1.940123,1.456053,1.824053,2.466086,3.84,4.0,3.245263,1.028647,2.222631,1.96111,3.297061
120,Subpolar Storage Rim,SubpolarCommune578,ecology,0.601529,need gap=0.257 potencies=0.795 trust=1.000 boundary penalty=0.991,2.76,1.940112,1.456035,1.824035,3.18094,3.84,4.0,2.624827,1.028622,2.090672,1.908308,3.297061
120,Coastal Wind Belt,CoastalWCommune384,ecology,0.601385,need gap=0.257 potencies=0.676 trust=1.000 boundary penalty=0.991,2.76,1.940109,1.456031,1.824031,2.703232,3.84,4.0,3.494417,1.028616,1.874953,1.822016,3.297061
120,Island Commons,IslandCoCommune619,ecology,0.600601,need gap=0.257 potencies=0.644 trust=1.000 boundary penalty=0.991,2.76,1.940102,1.45602,1.82402,2.574662,3.84,3.968678,3.203273,1.0286,2.146731,1.930715,3.297061
120,Island Commons,IslandCoCommune706,ecology,0.600543,need gap=0.257 potencies=0.732 trust=1.000 boundary penalty=0.991,2.76,1.940113,1.456037,1.824037,2.929419,3.84,4.0,3.097358,1.028624,1.929805,1.843963,3.297061
120,Dryland Solar Arc,DrylandSCommune391,ecology,0.600005,need gap=0.261 potencies=0.673 trust=1.000 boundary penalty=0.991,2.76,1.946166,1.465452,1.833452,2.692722,3.84,3.984915,2.96897,1.042074,2.127499,1.933397,3.297061
120,Mountain Water Towers,MountainCommune004,ecology,0.599698,need gap=0.257 potencies=0.716 trust=1.000 boundary penalty=0.991,2.76,1.940109,1.456031,1.824031,2.862359,3.84,3.0,3.760825,1.028616,2.162584,1.937067,3.297061
120,Highland Care Ring,HighlandCommune710,ecology,0.599371,need gap=0.257 potencies=0.823 trust=1.000 boundary penalty=0.991,2.76,1.940104,1.457882,1.824023,3.290346,3.84,4.0,2.246697,1.028604,2.163174,1.937295,3.297061
120,Urban Repair Web,UrbanRepCommune446,ecology,0.599363,need gap=0.257 potencies=0.644 trust=1.000 boundary penalty=0.991,2.76,1.940109,1.45603,1.82403,2.577955,3.84,4.0,3.352033,1.028615,1.976135,1.862487,3.297061
120,Coastal Wind Belt,CoastalWCommune805,ecology,0.59897,need gap=0.257 potencies=0.589 trust=1.000 boundary penalty=0.991,2.76,1.940114,1.456039,1.824039,2.354141,3.84,4.0,3.593724,1.028626,1.968963,1.859628,3.297061
120,Mountain Water Towers,MountainCommune376,ecology,0.598767,need gap=0.257 potencies=0.546 trust=1.000 boundary penalty=0.991,2.76,1.940115,1.471888,1.82404,2.183878,3.84,3.932573,3.720552,1.028628,2.030543,1.88426,3.297061
120,Coastal Wind Belt,CoastalWCommune378,ecology,0.598519,need gap=0.257 potencies=0.641 trust=1.000 boundary penalty=0.991,2.76,1.940119,1.456047,1.824047,2.564688,3.84,4.0,3.527846,1.028638,1.836943,1.806829,3.297061
120,Coastal Wind Belt,CoastalWCommune746,ecology,0.598325,need gap=0.257 potencies=0.591 trust=1.000 boundary penalty=0.991,2.76,1.940145,1.456087,1.824087,2.362007,3.84,4.0,3.512092,1.028696,1.989037,1.867711,3.297061
120,Temperate Ring,TemperateCommune872,ecology,0.597696,need gap=0.348 potencies=0.495 trust=1.000 boundary penalty=0.991,2.76,2.103031,1.954009,2.077465,1.978518,3.84,2.728001,2.379669,1.390664,2.233645,2.244269,3.297061
120,Urban Repair Web,UrbanRepCommune499,ecology,0.597666,need gap=0.257 potencies=0.659 trust=1.000 boundary penalty=0.991,2.76,1.940189,1.456155,1.824155,2.634118,3.84,4.0,3.370285,1.028793,1.851695,1.812849,3.297061
120,Steppe Grain Commons,SteppeGrCommune856,ecology,0.597239,need gap=0.257 potencies=0.673 trust=1.000 boundary penalty=0.991,2.76,1.940103,1.456022,1.824022,2.692718,3.84,4.0,2.944234,1.028603,2.067386,1.898978,3.297061
120,Aqua North Basin,AquaNortCommune454,ecology,0.595189,need gap=0.257 potencies=0.672 trust=1.000 boundary penalty=0.991,2.76,1.94011,1.456032,1.824032,2.688455,3.84,3.268553,3.520106,1.028618,2.086282,1.906548,3.297061
120,Aqua North Basin,AquaNortCommune708,ecology,0.595065,need gap=0.257 potencies=0.662 trust=1.000 boundary penalty=0.991,2.76,1.94012,1.456047,1.824047,2.648267,3.84,3.179507,3.539149,1.028639,2.156213,1.934537,3.297061
120,Urban Repair Web,UrbanRepCommune690,ecology,0.594987,need gap=0.257 potencies=0.530 trust=1.000 boundary penalty=0.991,2.76,1.940176,1.456135,1.824135,2.11856,3.84,4.0,3.436495,1.028765,2.079643,1.904006,3.297061
120,Aqua North Basin,AquaNortCommune504,ecology,0.594159,need gap=0.293 potencies=0.575 trust=1.000 boundary penalty=0.991,2.76,2.005519,1.55876,1.92578,2.29946,3.84,2.946613,3.516965,1.173971,2.019262,1.991663,3.297061
120,Subpolar Storage Rim,SubpolarCommune902,ecology,0.594083,need gap=0.257 potencies=0.751 trust=1.000 boundary penalty=0.991,2.76,1.940119,1.456046,1.824046,3.005679,3.84,4.0,2.507288,1.028637,1.98775,1.867151,3.297061
120,Forest Equator Belt,ForestEqCommune655,ecology,0.593341,need gap=0.282 potencies=0.748 trust=1.000 boundary penalty=0.991,2.76,1.985435,1.526948,1.894538,2.992052,3.84,3.001762,2.494686,1.129341,2.260084,2.053626,3.297061
120,Steppe Grain Commons,SteppeGrCommune541,ecology,0.593313,need gap=0.257 potencies=0.633 trust=1.000 boundary penalty=0.991,2.76,1.940113,1.456036,1.824036,2.531175,3.84,4.0,2.990531,1.028624,1.994099,1.86968,3.297061
120,Steppe Grain Commons,SteppeGrCommune055,ecology,0.59229,need gap=0.257 potencies=0.622 trust=1.000 boundary penalty=0.991,2.76,1.940117,1.456044,1.824044,2.486784,3.84,4.0,2.822178,1.028634,2.093661,1.909513,3.297061
120,Mountain Water Towers,MountainCommune712,ecology,0.592093,need gap=0.257 potencies=0.693 trust=1.000 boundary penalty=0.991,2.76,1.940135,1.465214,1.82407,2.771438,3.84,3.0,3.707263,1.028672,1.938822,1.847606,3.297061
120,Aqua North Basin,AquaNortCommune313,ecology,0.591899,need gap=0.257 potencies=0.683 trust=1.000 boundary penalty=0.991,2.76,1.940112,1.456035,1.824035,2.733449,3.84,3.312763,3.475664,1.028621,1.916619,1.838686,3.297061
120,Subpolar Storage Rim,SubpolarCommune837,ecology,0.591653,need gap=0.257 potencies=0.742 trust=1.000 boundary penalty=0.991,2.76,1.940129,1.456062,1.824062,2.967242,3.84,3.617183,2.734771,1.02866,2.016026,1.878478,3.297061
120,Forest Equator Belt,ForestEqCommune659,ecology,0.59122,need gap=0.283 potencies=0.730 trust=1.000 boundary penalty=0.991,2.76,1.986305,1.554527,1.895891,2.921531,3.84,3.094862,2.598251,1.131273,2.060769,1.975388,3.297061
120,Dryland Solar Arc,DrylandSCommune943,ecology,0.590738,need gap=0.257 potencies=0.670 trust=1.000 boundary penalty=0.991,2.76,1.940142,1.456082,1.824082,2.680403,3.84,4.0,2.654669,1.028689,1.994212,1.869775,3.297061
120,Aqua North Basin,AquaNortCommune900,ecology,0.59035,need gap=0.257 potencies=0.719 trust=1.000 boundary penalty=0.991,2.76,1.940115,1.45604,1.82404,2.87549,3.84,3.132871,3.491119,1.028628,1.8537,1.813524,3.297061
120,Urban Repair Web,UrbanRepCommune754,energy,0.589832,need gap=0.279 potencies=0.735 trust=1.000 boundary penalty=0.991,3.12,1.755249,1.404916,1.716916,2.940791,3.2,4.0,3.330398,1.115594,2.030084,1.951041,3.208
120,Delta Commons,DeltaComCommune010,ecology,0.589668,need gap=0.257 potencies=0.712 trust=1.000 boundary penalty=0.991,2.76,1.940157,1.456105,1.824105,2.846572,3.84,3.268523,2.972355,1.028721,2.094823,1.910044,3.297061
120,Temperate Ring,TemperateCommune322,ecology,0.588559,need gap=0.257 potencies=0.703 trust=1.000 boundary penalty=0.991,2.76,1.940137,1.456075,1.824075,2.812879,3.84,4.0,2.325453,1.028679,2.019122,1.879731,3.297061
120,Highland Care Ring,HighlandCommune128,ecology,0.587874,need gap=0.257 potencies=0.617 trust=1.000 boundary penalty=0.991,2.76,1.940115,1.551811,1.82404,2.46809,3.84,4.0,2.442212,1.028628,2.064185,1.897718,3.297061
120,Coastal Wind Belt,CoastalWCommune003,ecology,0.587842,need gap=0.257 potencies=0.684 trust=1.000 boundary penalty=0.991,2.76,1.940144,1.456086,1.824086,2.735985,3.84,3.0,3.522485,1.028694,1.918575,1.839524,3.297061
120,Dryland Solar Arc,DrylandSCommune847,ecology,0.58754,need gap=0.328 potencies=0.499 trust=1.000 boundary penalty=0.991,2.76,2.067491,2.03418,2.02218,1.996652,3.84,2.714823,2.172905,1.311686,2.074638,2.119854,3.297061
120,Subpolar Storage Rim,SubpolarCommune747,ecology,0.587076,need gap=0.274 potencies=0.593 trust=1.000 boundary penalty=0.991,2.76,1.970084,1.541035,1.870659,2.373578,3.84,3.925382,2.34621,1.095227,2.036251,1.937825,3.297061
120,Urban Repair Web,UrbanRepCommune450,energy,0.586643,need gap=0.247 potencies=0.822 trust=1.000 boundary penalty=0.991,3.12,1.698212,1.316191,1.628191,3.289746,3.2,4.0,3.393461,0.988844,2.053703,1.862891,3.208
120,Subpolar Storage Rim,SubpolarCommune756,ecology,0.586623,need gap=0.257 potencies=0.631 trust=1.000 boundary penalty=0.991,2.76,1.940131,1.511314,1.824066,2.52451,3.84,4.0,2.597054,1.028665,1.915035,1.838086,3.297061
120,Delta Commons,DeltaComCommune891,ecology,0.586252,need gap=0.257 potencies=0.671 trust=1.000 boundary penalty=0.991,2.76,1.940112,1.456036,1.824036,2.682552,3.84,3.164336,3.210699,1.028623,1.98802,1.867247,3.297061
120,Dryland Solar Arc,DrylandSCommune047,food,0.58591,need gap=0.183 potencies=0.755 trust=1.000 boundary penalty=0.991,3.28,1.854653,1.309291,1.652433,3.020807,3.76,3.918942,2.882118,0.732047,2.047101,1.662516,3.322674
120,Urban Repair Web,UrbanRepCommune817,ecology,0.585637,need gap=0.257 potencies=0.676 trust=1.000 boundary penalty=0.991,2.76,1.940159,1.54212,1.824109,2.704095,3.84,3.0,3.395861,1.028727,1.837095,1.806958,3.297061
120,Highland Care Ring,HighlandCommune291,ecology,0.585467,need gap=0.312 potencies=0.486 trust=1.000 boundary penalty=0.991,2.76,2.03826,1.841234,1.976711,1.944069,3.84,2.812716,2.641593,1.246729,2.057537,2.062996,3.297061
120,Temperate Ring,TemperateCommune364,ecology,0.585402,need gap=0.257 potencies=0.735 trust=1.000 boundary penalty=0.991,2.76,1.940119,1.458282,1.824046,2.940039,3.84,4.0,2.156988,1.028638,1.90081,1.832375,3.297061
120,Steppe Grain Commons,SteppeGrCommune504,ecology,0.585001,need gap=0.257 potencies=0.527 trust=1.000 boundary penalty=0.991,2.76,1.940138,1.492329,1.824076,2.108446,3.84,4.0,3.062733,1.02868,1.875181,1.822156,3.297061
120,Steppe Grain Commons,SteppeGrCommune404,ecology,0.584978,need gap=0.257 potencies=0.715 trust=1.000 boundary penalty=0.991,2.76,1.940112,1.471376,1.824035,2.85834,3.84,3.0,2.818036,1.028621,2.148939,1.931614,3.297061
120,Delta Commons,DeltaComCommune653,ecology,0.584939,need gap=0.257 potencies=0.682 trust=1.000 boundary penalty=0.991,2.76,1.940124,1.456054,1.824054,2.726282,3.84,3.311676,3.061108,1.028648,1.902526,1.833069,3.297061
120,Forest Equator Belt,ForestEqCommune645,ecology,0.584748,need gap=0.257 potencies=0.790 trust=1.000 boundary penalty=0.991,2.76,1.940115,1.45604,1.82404,3.158609,3.84,3.302037,2.292478,1.028629,2.078857,1.903587,3.297061
120,Delta Commons,DeltaComCommune139,ecology,0.584637,need gap=0.257 potencies=0.654 trust=1.000 boundary penalty=0.991,2.76,1.940109,1.456031,1.824031,2.615794,3.84,3.323684,3.078315,1.028615,1.953034,1.853247,3.297061
120,Aqua North Basin,AquaNortCommune641,ecology,0.584394,need gap=0.257 potencies=0.609 trust=1.000 boundary penalty=0.991,2.76,1.940107,1.462015,1.824028,2.437976,3.84,3.177827,3.519174,1.028612,1.876836,1.822766,3.297061
120,Temperate Ring,TemperateCommune414,ecology,0.584201,need gap=0.257 potencies=0.617 trust=1.000 boundary penalty=0.991,2.76,1.94011,1.491543,1.824033,2.467058,3.84,4.0,2.399922,1.028619,2.007015,1.874842,3.297061
120,Mountain Water Towers,MountainCommune065,ecology,0.583927,need gap=0.257 potencies=0.534 trust=1.000 boundary penalty=0.991,2.76,1.940137,1.525792,1.824074,2.134913,3.84,3.0,3.73232,1.028678,1.988001,1.867282,3.297061
120,Forest Equator Belt,ForestEqCommune469,ecology,0.583733,need gap=0.257 potencies=0.783 trust=1.000 boundary penalty=0.991,2.76,1.940101,1.456019,1.824019,3.130868,3.84,3.099033,2.344115,1.028599,2.155531,1.934233,3.297061
120,Dryland Solar Arc,DrylandSCommune415,ecology,0.583583,need gap=0.257 potencies=0.594 trust=1.000 boundary penalty=0.991,2.76,1.940128,1.468049,1.82406,2.37502,3.84,4.0,2.796628,1.028657,1.818406,1.799428,3.297061
120,Delta Commons,DeltaComCommune110,ecology,0.582895,need gap=0.257 potencies=0.576 trust=1.000 boundary penalty=0.991,2.76,1.940128,1.465412,1.824061,2.302022,3.84,3.59706,2.973196,1.028658,1.993594,1.869504,3.297061
120,Dryland Solar Arc,DrylandSCommune340,energy,0.582733,need gap=0.277 potencies=0.856 trust=1.000 boundary penalty=0.991,3.12,1.752412,1.406735,1.712502,3.425632,3.2,3.76611,2.644707,1.109289,1.988225,1.929442,3.208
120,Delta Commons,DeltaComCommune831,ecology,0.581746,need gap=0.299 potencies=0.440 trust=1.000 boundary penalty=0.991,2.76,2.015222,1.725356,1.940874,1.75961,3.84,2.839101,3.139007,1.195534,1.973128,1.989812,3.297061
120,Dryland Solar Arc,DrylandSCommune415,energy,0.581138,need gap=0.293 potencies=0.701 trust=1.000 boundary penalty=0.991,3.12,1.781027,1.457003,1.757015,2.803937,3.2,4.0,2.796628,1.172878,1.897727,1.942207,3.208
120,Temperate Ring,TemperateCommune536,ecology,0.580912,need gap=0.286 potencies=0.602 trust=1.000 boundary penalty=0.991,2.76,1.992121,1.656769,1.904938,2.407615,3.84,3.142986,2.418881,1.144197,1.94898,1.940623,3.297061
120,Aqua North Basin,AquaNortCommune883,ecology,0.580907,need gap=0.257 potencies=0.561 trust=1.000 boundary penalty=0.991,2.76,1.940138,1.456075,1.824075,2.242154,3.84,3.144075,3.505362,1.028679,1.91446,1.837867,3.297061
120,Subpolar Storage Rim,SubpolarCommune390,ecology,0.580118,need gap=0.257 potencies=0.625 trust=1.000 boundary penalty=0.991,2.76,1.940119,1.515627,1.824046,2.50001,3.84,3.665127,2.303253,1.028637,2.066111,1.898495,3.297061
120,Aqua North Basin,AquaNortCommune368,ecology,0.579951,need gap=0.257 potencies=0.560 trust=1.000 boundary penalty=0.991,2.76,1.940118,1.499266,1.824045,2.241701,3.84,3.095156,3.489334,1.028636,1.869394,1.819807,3.297061
120,Island Commons,IslandCoCommune340,energy,0.579638,need gap=0.242 potencies=0.810 trust=1.000 boundary penalty=0.991,3.12,1.689352,1.302409,1.614409,3.241675,3.2,4.0,3.177977,0.969156,2.00908,1.829882,3.208
120,Subpolar Storage Rim,SubpolarCommune790,ecology,0.577923,need gap=0.271 potencies=0.643 trust=1.000 boundary penalty=0.991,2.76,1.965131,1.799752,1.862954,2.571628,3.84,2.941943,2.327907,1.084221,1.902648,1.875909,3.297061
120,Highland Care Ring,HighlandCommune634,ecology,0.577628,need gap=0.302 potencies=0.482 trust=1.000 boundary penalty=0.991,2.76,2.020194,1.830192,1.948607,1.927141,3.84,2.890989,2.304818,1.206581,2.037681,2.02414,3.297061
120,Island Commons,IslandCoCommune279,water,0.576472,need gap=0.145 potencies=0.582 trust=1.000 boundary penalty=0.991,3.52,1.866172,1.205907,1.605907,2.329646,3.88,4.0,3.245263,0.579867,1.975801,1.516818,3.32565
120,Coastal Wind Belt,CoastalWCommune378,energy,0.575407,need gap=0.246 potencies=0.724 trust=1.000 boundary penalty=0.991,3.12,1.695803,1.312444,1.624444,2.895001,3.2,4.0,3.527846,0.983492,1.812113,1.762134,3.208
120,Subpolar Storage Rim,SubpolarCommune669,ecology,0.575147,need gap=0.257 potencies=0.610 trust=1.000 boundary penalty=0.991,2.76,1.940137,1.641973,1.824074,2.440737,3.84,3.0,2.548742,1.028677,2.035298,1.8862,3.297061
120,Steppe Grain Commons,SteppeGrCommune706,ecology,0.574978,need gap=0.257 potencies=0.558 trust=1.000 boundary penalty=0.991,2.76,1.940178,1.492484,1.824139,2.230177,3.84,3.169329,2.985452,1.028769,1.957295,1.85507,3.297061
120,Mountain Water Towers,MountainCommune239,waste,0.573949,need gap=0.213 potencies=0.795 trust=1.000 boundary penalty=0.991,3.36,1.50818,1.155697,1.435697,3.180916,3.04,4.0,3.700866,0.850995,2.113842,1.780803,3.297061
120,Urban Repair Web,UrbanRepCommune690,water,0.572073,need gap=0.123 potencies=0.659 trust=1.000 boundary penalty=0.991,3.52,1.826817,1.144687,1.544687,2.636711,3.88,4.0,3.436495,0.49241,1.784648,1.373015,3.291317
120,Steppe Grain Commons,SteppeGrCommune516,water,0.569969,need gap=0.129 potencies=0.714 trust=1.000 boundary penalty=0.991,3.52,1.83742,1.179396,1.561182,2.856607,3.88,4.0,3.144337,0.515974,1.648762,1.336805,3.255594
120,Subpolar Storage Rim,SubpolarCommune902,energy,0.569626,need gap=0.243 potencies=0.833 trust=1.000 boundary penalty=0.991,3.12,1.690177,1.303692,1.615692,3.330612,3.2,4.0,2.507288,0.970988,1.956044,1.810078,3.208
120,Steppe Grain Commons,SteppeGrCommune516,food,0.56933,need gap=0.155 potencies=0.724 trust=1.000 boundary penalty=0.991,3.28,1.80436,1.212414,1.574199,2.897588,3.76,4.0,3.144337,0.620285,1.706133,1.440072,3.255594
120,Urban Repair Web,UrbanRepCommune450,waste,0.566158,need gap=0.213 potencies=0.799 trust=1.000 boundary penalty=0.991,3.36,1.50818,1.155697,1.435697,3.19713,3.04,4.0,3.393461,0.850995,1.977886,1.726421,3.297061
120,Island Commons,IslandCoCommune839,water,0.565535,need gap=0.121 potencies=0.718 trust=1.000 boundary penalty=0.991,3.52,1.822722,1.140897,1.538317,2.871217,3.88,3.731594,3.133535,0.48331,1.746518,1.350756,3.283367
120,Coastal Wind Belt,CoastalWCommune692,waste,0.564415,need gap=0.213 potencies=0.697 trust=1.000 boundary penalty=0.991,3.36,1.508179,1.155695,1.435695,2.786437,3.04,4.0,3.523335,0.850993,2.12562,1.785513,3.297061
120,Steppe Grain Commons,SteppeGrCommune208,food,0.563973,need gap=0.119 potencies=0.800 trust=1.000 boundary penalty=0.991,3.28,1.738776,1.09218,1.47218,3.201822,3.76,4.0,2.888585,0.474543,1.911027,1.409809,3.324007
120,Subpolar Storage Rim,SubpolarCommune902,food,0.563925,need gap=0.147 potencies=0.817 trust=1.000 boundary penalty=0.991,3.28,1.789823,1.171585,1.551585,3.267888,3.76,4.0,2.507288,0.587979,1.745388,1.430899,3.26928
120,Mountain Water Towers,MountainCommune368,waste,0.563423,need gap=0.213 potencies=0.691 trust=1.000 boundary penalty=0.991,3.36,1.508178,1.155693,1.435693,2.764361,3.04,4.0,3.694276,0.850991,1.99002,1.731271,3.297061
120,Island Commons,IslandCoCommune239,energy,0.562914,need gap=0.246 potencies=0.772 trust=1.000 boundary penalty=0.991,3.12,1.695299,1.319213,1.623659,3.088376,3.2,3.497443,2.959284,0.98237,1.840533,1.772638,3.208
120,Delta Commons,DeltaComCommune235,waste,0.562637,need gap=0.213 potencies=0.788 trust=1.000 boundary penalty=0.991,3.36,1.508179,1.155695,1.435695,3.150787,3.04,4.0,3.23605,0.850992,1.968182,1.722537,3.297061
120,Urban Repair Web,UrbanRepCommune754,waste,0.562256,need gap=0.213 potencies=0.790 trust=1.000 boundary penalty=0.991,3.36,1.508178,1.155694,1.435694,3.159798,3.04,4.0,3.330398,0.850992,1.884553,1.689085,3.297061
120,Urban Repair Web,UrbanRepCommune116,waste,0.561237,need gap=0.213 potencies=0.688 trust=1.000 boundary penalty=0.991,3.36,1.50818,1.155696,1.435696,2.753109,3.04,4.0,3.435102,0.850995,2.075677,1.765537,3.297061
120,Island Commons,IslandCoCommune279,waste,0.561109,need gap=0.213 potencies=0.711 trust=1.000 boundary penalty=0.991,3.36,1.508176,1.155691,1.435691,2.845587,3.04,4.0,3.245263,0.850986,2.124917,1.785227,3.297061
120,Island Commons,IslandCoCommune594,waste,0.561018,need gap=0.213 potencies=0.718 trust=1.000 boundary penalty=0.991,3.36,1.508178,1.155693,1.435693,2.871665,3.04,4.0,3.244211,0.85099,2.102513,1.776268,3.297061
120,Dryland Solar Arc,DrylandSCommune391,waste,0.560306,need gap=0.213 potencies=0.798 trust=1.000 boundary penalty=0.991,3.36,1.508178,1.155694,1.435694,3.193969,3.04,3.984915,2.96897,0.850991,2.022403,1.744224,3.297061
120,Mountain Water Towers,MountainCommune376,waste,0.559597,need gap=0.213 potencies=0.660 trust=1.000 boundary penalty=0.991,3.36,1.508182,1.171549,1.435701,2.639478,3.04,3.932573,3.720552,0.851001,1.932848,1.70841,3.297061
120,Urban Repair Web,UrbanRepCommune690,waste,0.559112,need gap=0.213 potencies=0.690 trust=1.000 boundary penalty=0.991,3.36,1.508174,1.155688,1.435688,2.759567,3.04,4.0,3.436495,0.850983,1.981863,1.728002,3.297061
120,Temperate Ring,TemperateCommune021,ecology,0.558837,need gap=0.257 potencies=0.508 trust=1.000 boundary penalty=0.991,2.76,1.940126,1.608785,1.824058,2.032829,3.84,3.0,2.217276,1.028654,1.912674,1.837133,3.297061
120,Urban Repair Web,UrbanRepCommune446,waste,0.557756,need gap=0.213 potencies=0.724 trust=1.000 boundary penalty=0.991,3.36,1.508178,1.155693,1.435693,2.897133,3.04,4.0,3.352033,0.85099,1.878441,1.686639,3.297061
120,Highland Care Ring,HighlandCommune710,energy,0.557596,need gap=0.209 potencies=0.852 trust=1.000 boundary penalty=0.991,3.12,1.628933,1.210282,1.520424,3.406269,3.2,4.0,2.246697,0.834891,2.056632,1.745519,3.208
120,Urban Repair Web,UrbanRepCommune482,waste,0.557123,need gap=0.213 potencies=0.676 trust=1.000 boundary penalty=0.991,3.36,1.508178,1.155694,1.435694,2.704269,3.04,4.0,3.450715,0.850991,1.931062,1.707688,3.297061
120,Steppe Grain Commons,SteppeGrCommune208,waste,0.556831,need gap=0.213 potencies=0.732 trust=1.000 boundary penalty=0.991,3.36,1.508176,1.15569,1.43569,2.927386,3.04,4.0,2.888585,0.850985,2.11807,1.782487,3.297061
120,Mountain Water Towers,MountainCommune239,energy,0.556429,need gap=0.147 potencies=0.848 trust=1.000 boundary penalty=0.991,3.12,1.517257,1.034706,1.346706,3.393559,3.2,4.0,3.700866,0.586723,1.968492,1.519173,3.208
120,Aqua North Basin,AquaNortCommune708,waste,0.555618,need gap=0.213 potencies=0.772 trust=1.000 boundary penalty=0.991,3.36,1.50818,1.155697,1.435697,3.088519,3.04,3.179507,3.539149,0.850995,2.058509,1.75867,3.297061
120,Highland Care Ring,HighlandCommune139,waste,0.555596,need gap=0.213 potencies=0.791 trust=1.000 boundary penalty=0.991,3.36,1.50818,1.155697,1.435697,3.164597,3.04,3.920679,2.60885,0.850995,2.123791,1.784783,3.297061
120,Coastal Wind Belt,CoastalWCommune384,waste,0.555455,need gap=0.213 potencies=0.695 trust=1.000 boundary penalty=0.991,3.36,1.508178,1.155694,1.435694,2.780301,3.04,4.0,3.494417,0.850991,1.77726,1.646167,3.297061
120,Delta Commons,DeltaComCommune953,waste,0.555321,need gap=0.213 potencies=0.656 trust=1.000 boundary penalty=0.991,3.36,1.508177,1.155693,1.435693,2.622223,3.04,4.0,3.225557,0.85099,2.063034,1.760476,3.297061
120,Coastal Wind Belt,CoastalWCommune746,waste,0.554962,need gap=0.213 potencies=0.646 trust=1.000 boundary penalty=0.991,3.36,1.508177,1.155691,1.435691,2.583285,3.04,4.0,3.512092,0.850988,1.891298,1.69178,3.297061
120,Coastal Wind Belt,CoastalWCommune001,waste,0.554644,need gap=0.213 potencies=0.629 trust=1.000 boundary penalty=0.991,3.36,1.50818,1.155697,1.435697,2.514085,3.04,4.0,3.57909,0.850995,1.885924,1.689636,3.297061
120,Subpolar Storage Rim,SubpolarCommune578,waste,0.554581,need gap=0.213 potencies=0.800 trust=1.000 boundary penalty=0.991,3.36,1.50818,1.155697,1.435697,3.20096,3.04,4.0,2.624827,0.850995,1.992978,1.732458,3.297061
120,Coastal Wind Belt,CoastalWCommune607,waste,0.554308,need gap=0.213 potencies=0.633 trust=1.000 boundary penalty=0.991,3.36,1.508177,1.155693,1.435693,2.533233,3.04,4.0,3.505639,0.85099,1.905399,1.697421,3.297061
120,Dryland Solar Arc,DrylandSCommune047,waste,0.554281,need gap=0.213 potencies=0.703 trust=1.000 boundary penalty=0.991,3.36,1.508192,1.192573,1.435715,2.813148,3.04,3.918942,2.882118,0.851021,2.112537,1.780301,3.297061
120,Dryland Solar Arc,DrylandSCommune943,food,0.55393,need gap=0.143 potencies=0.667 trust=1.000 boundary penalty=0.991,3.28,1.781975,1.159378,1.539378,2.666311,3.76,4.0,2.654669,0.57054,1.74223,1.416208,3.270824
120,Island Commons,IslandCoCommune839,waste,0.553797,need gap=0.213 potencies=0.751 trust=1.000 boundary penalty=0.991,3.36,1.508178,1.158275,1.435694,3.002673,3.04,3.731594,3.133535,0.850992,1.948743,1.714761,3.297061
120,Coastal Wind Belt,CoastalWCommune805,water,0.55372,need gap=0.083 potencies=0.636 trust=1.000 boundary penalty=0.991,3.52,1.75501,1.032988,1.432988,2.542747,3.88,4.0,3.593724,0.33284,1.586281,1.170799,3.264773
120,Dryland Solar Arc,DrylandSCommune824,waste,0.553674,need gap=0.213 potencies=0.757 trust=1.000 boundary penalty=0.991,3.36,1.50818,1.155697,1.435697,3.026842,3.04,3.794582,2.796308,0.850995,2.10635,1.777806,3.297061
120,Coastal Wind Belt,CoastalWCommune378,waste,0.552803,need gap=0.213 potencies=0.663 trust=1.000 boundary penalty=0.991,3.36,1.50818,1.155697,1.435697,2.653821,3.04,4.0,3.527846,0.850995,1.73924,1.630962,3.297061
120,Island Commons,IslandCoCommune619,waste,0.55264,need gap=0.213 potencies=0.634 trust=1.000 boundary penalty=0.991,3.36,1.508178,1.155693,1.435693,2.537881,3.04,3.968678,3.203273,0.85099,2.049046,1.75488,3.297061
120,Mountain Water Towers,MountainCommune817,waste,0.552348,need gap=0.213 potencies=0.688 trust=1.000 boundary penalty=0.991,3.36,1.50818,1.155696,1.435696,2.751221,3.04,3.104548,3.774556,0.850994,2.068694,1.762743,3.297061
120,Coastal Wind Belt,CoastalWCommune805,waste,0.552128,need gap=0.213 potencies=0.595 trust=1.000 boundary penalty=0.991,3.36,1.508176,1.15569,1.43569,2.380182,3.04,4.0,3.593724,0.850986,1.871261,1.683763,3.297061
120,Mountain Water Towers,MountainCommune004,waste,0.552067,need gap=0.213 potencies=0.711 trust=1.000 boundary penalty=0.991,3.36,1.508177,1.155692,1.435692,2.844158,3.04,3.0,3.760825,0.850989,2.064889,1.761217,3.297061
120,Island Commons,IslandCoCommune340,waste,0.552028,need gap=0.213 potencies=0.660 trust=1.000 boundary penalty=0.991,3.36,1.508179,1.155696,1.435696,2.64001,3.04,4.0,3.177977,0.850994,1.944091,1.712902,3.297061
120,Urban Repair Web,UrbanRepCommune499,waste,0.550852,need gap=0.213 potencies=0.666 trust=1.000 boundary penalty=0.991,3.36,1.50818,1.155697,1.435697,2.662659,3.04,4.0,3.370285,0.850995,1.753906,1.636829,3.297061
120,Steppe Grain Commons,SteppeGrCommune541,waste,0.549968,need gap=0.213 potencies=0.688 trust=1.000 boundary penalty=0.991,3.36,1.50818,1.155697,1.435697,2.753034,3.04,4.0,2.990531,0.850995,1.896404,1.693828,3.297061
120,Aqua North Basin,AquaNortCommune313,waste,0.549901,need gap=0.213 potencies=0.758 trust=1.000 boundary penalty=0.991,3.36,1.50818,1.155696,1.435696,3.030743,3.04,3.312763,3.475664,0.850995,1.818924,1.662835,3.297061
120,Subpolar Storage Rim,SubpolarCommune902,waste,0.54966,need gap=0.213 potencies=0.792 trust=1.000 boundary penalty=0.991,3.36,1.508179,1.155695,1.435695,3.167202,3.04,4.0,2.507288,0.850993,1.890046,1.691283,3.297061
120,Steppe Grain Commons,SteppeGrCommune856,waste,0.548931,need gap=0.213 potencies=0.659 trust=1.000 boundary penalty=0.991,3.36,1.508179,1.155695,1.435695,2.636564,3.04,4.0,2.944234,0.850992,1.969701,1.723144,3.297061
120,Island Commons,IslandCoCommune706,waste,0.548854,need gap=0.213 potencies=0.671 trust=1.000 boundary penalty=0.991,3.36,1.508177,1.155693,1.435693,2.684,3.04,4.0,3.097358,0.850989,1.832107,1.668104,3.297061
120,Steppe Grain Commons,SteppeGrCommune055,waste,0.548472,need gap=0.213 potencies=0.671 trust=1.000 boundary penalty=0.991,3.36,1.508177,1.155691,1.435691,2.682241,3.04,4.0,2.822178,0.850988,1.995955,1.733643,3.297061
120,Steppe Grain Commons,SteppeGrCommune516,waste,0.547212,need gap=0.213 potencies=0.631 trust=1.000 boundary penalty=0.991,3.36,1.508183,1.173916,1.435702,2.522346,3.04,4.0,3.144337,0.851003,1.833028,1.668484,3.297061
120,Aqua North Basin,AquaNortCommune454,waste,0.546852,need gap=0.213 potencies=0.658 trust=1.000 boundary penalty=0.991,3.36,1.508179,1.155696,1.435696,2.630743,3.04,3.268553,3.520106,0.850994,1.988589,1.730701,3.297061
120,Highland Care Ring,HighlandCommune128,waste,0.546503,need gap=0.213 potencies=0.700 trust=1.000 boundary penalty=0.991,3.36,1.508208,1.251512,1.43574,2.800152,3.04,4.0,2.442212,0.851057,1.966521,1.721922,3.297061
120,Highland Care Ring,HighlandCommune710,waste,0.546044,need gap=0.213 potencies=0.738 trust=1.000 boundary penalty=0.991,3.36,1.50818,1.157555,1.435696,2.953131,3.04,4.0,2.246697,0.850995,2.065489,1.761462,3.297061
120,Dryland Solar Arc,DrylandSCommune340,water,0.54571,need gap=0.114 potencies=0.618 trust=1.000 boundary penalty=0.991,3.52,1.810373,1.125342,1.519109,2.472658,3.88,3.76611,2.644707,0.45587,1.628845,1.282558,3.258748
120,Delta Commons,DeltaComCommune110,waste,0.545671,need gap=0.213 potencies=0.717 trust=1.000 boundary penalty=0.991,3.36,1.508182,1.165051,1.435701,2.866807,3.04,3.59706,2.973196,0.851001,1.895882,1.693623,3.297061
120,Urban Repair Web,UrbanRepCommune482,energy,0.545459,need gap=0.172 potencies=0.672 trust=1.000 boundary penalty=0.991,3.12,1.562174,1.104577,1.416577,2.686772,3.2,4.0,3.450715,0.686539,1.840613,1.54488,3.208
120,Coastal Wind Belt,CoastalWCommune692,water,0.545136,need gap=0.000 potencies=0.893 trust=1.000 boundary penalty=0.991,3.52,1.605232,0.8,1.2,3.572589,3.88,4.0,3.523335,0.0,1.657574,0.94303,3.325818
120,Subpolar Storage Rim,SubpolarCommune756,waste,0.544216,need gap=0.213 potencies=0.700 trust=1.000 boundary penalty=0.991,3.36,1.508199,1.210974,1.435726,2.798915,3.04,4.0,2.597054,0.851036,1.817339,1.662234,3.297061
120,Dryland Solar Arc,DrylandSCommune020,waste,0.543815,need gap=0.213 potencies=0.678 trust=1.000 boundary penalty=0.991,3.36,1.508194,1.204041,1.435718,2.712997,3.04,3.439304,2.834801,0.851026,2.081391,1.767847,3.297061
120,Subpolar Storage Rim,SubpolarCommune837,waste,0.543812,need gap=0.213 potencies=0.734 trust=1.000 boundary penalty=0.991,3.36,1.508176,1.155691,1.435691,2.93751,3.04,3.617183,2.734771,0.850987,1.918306,1.702583,3.297061
120,Dryland Solar Arc,DrylandSCommune943,waste,0.543635,need gap=0.213 potencies=0.673 trust=1.000 boundary penalty=0.991,3.36,1.50818,1.155697,1.435697,2.692175,3.04,4.0,2.654669,0.850995,1.896481,1.693859,3.297061
120,Urban Repair Web,UrbanRepCommune817,waste,0.542598,need gap=0.213 potencies=0.736 trust=1.000 boundary penalty=0.991,3.36,1.508207,1.24175,1.435739,2.943321,3.04,3.0,3.395861,0.851055,1.739375,1.631063,3.297061
120,Delta Commons,DeltaComCommune010,waste,0.542553,need gap=0.213 potencies=0.714 trust=1.000 boundary penalty=0.991,3.36,1.508176,1.155691,1.435691,2.857877,3.04,3.268523,2.972355,0.850987,1.99707,1.734088,3.297061
120,Mountain Water Towers,MountainCommune065,waste,0.542119,need gap=0.213 potencies=0.611 trust=1.000 boundary penalty=0.991,3.36,1.508202,1.225449,1.435732,2.442877,3.04,3.0,3.73232,0.851045,1.890303,1.691426,3.297061
120,Mountain Water Towers,MountainCommune712,waste,0.541821,need gap=0.213 potencies=0.651 trust=1.000 boundary penalty=0.991,3.36,1.50818,1.164841,1.435697,2.605619,3.04,3.0,3.707263,0.850996,1.8411,1.671707,3.297061
120,Island Commons,IslandCoCommune239,waste,0.54125,need gap=0.213 potencies=0.723 trust=1.000 boundary penalty=0.991,3.36,1.508183,1.163254,1.435701,2.893505,3.04,3.497443,2.959284,0.851001,1.76828,1.642583,3.297061
120,Delta Commons,DeltaComCommune139,waste,0.541122,need gap=0.213 potencies=0.707 trust=1.000 boundary penalty=0.991,3.36,1.50818,1.155697,1.435697,2.828074,3.04,3.323684,3.078315,0.850995,1.855343,1.677404,3.297061
120,Temperate Ring,TemperateCommune364,waste,0.540667,need gap=0.213 potencies=0.771 trust=1.000 boundary penalty=0.991,3.36,1.508181,1.157933,1.435698,3.084145,3.04,4.0,2.156988,0.850997,1.803108,1.656511,3.297061
120,Temperate Ring,TemperateCommune414,waste,0.540455,need gap=0.213 potencies=0.667 trust=1.000 boundary penalty=0.991,3.36,1.508188,1.191219,1.435709,2.666318,3.04,4.0,2.399922,0.851013,1.909332,1.699013,3.297061
120,Steppe Grain Commons,SteppeGrCommune504,waste,0.540444,need gap=0.213 potencies=0.566 trust=1.000 boundary penalty=0.991,3.36,1.508186,1.191959,1.435706,2.262638,3.04,4.0,3.062733,0.851009,1.777462,1.646262,3.297061
120,Dryland Solar Arc,DrylandSCommune415,waste,0.540116,need gap=0.213 potencies=0.648 trust=1.000 boundary penalty=0.991,3.36,1.508182,1.167688,1.4357,2.590205,3.04,4.0,2.796628,0.851,1.720694,1.623547,3.297061
120,Forest Equator Belt,ForestEqCommune655,waste,0.539982,need gap=0.213 potencies=0.804 trust=1.000 boundary penalty=0.991,3.36,1.508178,1.156104,1.435694,3.216251,3.04,3.001762,2.494686,0.850991,2.106992,1.77806,3.297061
120,Mountain Water Towers,MountainCommune913,waste,0.539087,need gap=0.213 potencies=0.519 trust=1.000 boundary penalty=0.991,3.36,1.508256,1.399673,1.435815,2.076066,3.04,2.907162,3.72547,0.851165,1.906923,1.698166,3.297061
120,Temperate Ring,TemperateCommune322,waste,0.538904,need gap=0.213 potencies=0.670 trust=1.000 boundary penalty=0.991,3.36,1.50818,1.155697,1.435697,2.68165,3.04,4.0,2.325453,0.850995,1.921397,1.703825,3.297061
120,Delta Commons,DeltaComCommune653,waste,0.538785,need gap=0.213 potencies=0.698 trust=1.000 boundary penalty=0.991,3.36,1.50818,1.155697,1.435697,2.790988,3.04,3.311676,3.061108,0.850995,1.804817,1.657193,3.297061
120,Delta Commons,DeltaComCommune891,waste,0.538505,need gap=0.213 potencies=0.664 trust=1.000 boundary penalty=0.991,3.36,1.50818,1.155697,1.435697,2.657901,3.04,3.164336,3.210699,0.850995,1.890324,1.691396,3.297061
120,Dryland Solar Arc,DrylandSCommune340,waste,0.538249,need gap=0.213 potencies=0.666 trust=1.000 boundary penalty=0.991,3.36,1.508182,1.161933,1.4357,2.662481,3.04,3.76611,2.644707,0.851,1.846167,1.673736,3.297061
120,Subpolar Storage Rim,SubpolarCommune790,waste,0.537058,need gap=0.244 potencies=0.636 trust=1.000 boundary penalty=0.991,3.36,1.5643,1.547792,1.522994,2.545918,3.04,2.941943,2.327907,0.975706,1.842965,1.76848,3.297061
120,Urban Repair Web,UrbanRepCommune446,water,0.536419,need gap=0.026 potencies=0.761 trust=1.000 boundary penalty=0.991,3.52,1.652667,0.873788,1.273788,3.045338,3.88,4.0,3.352033,0.105411,1.468373,0.948516,3.266495
120,Forest Equator Belt,ForestEqCommune645,waste,0.536166,need gap=0.213 potencies=0.772 trust=1.000 boundary penalty=0.991,3.36,1.508178,1.155694,1.435694,3.087236,3.04,3.302037,2.292478,0.850991,1.981156,1.727725,3.297061
120,Coastal Wind Belt,CoastalWCommune003,waste,0.536164,need gap=0.213 potencies=0.623 trust=1.000 boundary penalty=0.991,3.36,1.508179,1.155696,1.435696,2.491573,3.04,3.0,3.522485,0.850994,1.82084,1.663601,3.297061
120,Aqua North Basin,AquaNortCommune504,waste,0.535546,need gap=0.213 potencies=0.620 trust=1.000 boundary penalty=0.991,3.36,1.50818,1.156677,1.435697,2.478947,3.04,2.946613,3.516965,0.850996,1.841625,1.671917,3.297061
120,Coastal Wind Belt,CoastalWCommune692,energy,0.535294,need gap=0.103 potencies=0.829 trust=1.000 boundary penalty=0.991,3.12,1.43952,0.913782,1.225782,3.315355,3.2,4.0,3.523335,0.413974,1.88526,1.352864,3.208
120,Steppe Grain Commons,SteppeGrCommune706,waste,0.535143,need gap=0.213 potencies=0.662 trust=1.000 boundary penalty=0.991,3.36,1.508186,1.192052,1.435707,2.649344,3.04,3.169329,2.985452,0.851009,1.859527,1.679088,3.297061
120,Coastal Wind Belt,CoastalWCommune692,food,0.534347,need gap=0.000 potencies=0.907 trust=1.000 boundary penalty=0.991,3.28,1.525232,0.76,1.14,3.628373,3.76,4.0,3.523335,0.0,1.657574,0.94303,3.325818
120,Aqua North Basin,AquaNortCommune368,waste,0.533847,need gap=0.213 potencies=0.577 trust=1.000 boundary penalty=0.991,3.36,1.508192,1.198936,1.435715,2.308922,3.04,3.095156,3.489334,0.851022,1.771706,1.643969,3.297061
120,Aqua North Basin,AquaNortCommune883,waste,0.533415,need gap=0.213 potencies=0.558 trust=1.000 boundary penalty=0.991,3.36,1.508177,1.155692,1.435692,2.232156,3.04,3.144075,3.505362,0.850988,1.816729,1.661953,3.297061
120,Dryland Solar Arc,DrylandSCommune391,food,0.533214,need gap=0.054 potencies=0.758 trust=1.000 boundary penalty=0.991,3.28,1.621639,0.909966,1.289966,3.032565,3.76,3.984915,2.96897,0.214237,1.672188,1.113838,3.301046
120,Forest Equator Belt,ForestEqCommune469,waste,0.532994,need gap=0.213 potencies=0.735 trust=1.000 boundary penalty=0.991,3.36,1.508177,1.155692,1.435692,2.938532,3.04,3.099033,2.344115,0.850989,2.057846,1.7584,3.297061
120,Aqua North Basin,AquaNortCommune641,waste,0.532855,need gap=0.213 potencies=0.550 trust=1.000 boundary penalty=0.991,3.36,1.508176,1.161678,1.435691,2.20092,3.04,3.177827,3.519174,0.850987,1.779143,1.646917,3.297061
120,Urban Repair Web,UrbanRepCommune450,water,0.532823,need gap=0.000 potencies=0.809 trust=1.000 boundary penalty=0.991,3.52,1.605232,0.8,1.2,3.23603,3.88,4.0,3.393461,0.0,1.509839,0.883936,3.290361
120,Urban Repair Web,UrbanRepCommune116,water,0.532449,need gap=0.000 potencies=0.755 trust=1.000 boundary penalty=0.991,3.52,1.605232,0.8,1.2,3.020243,3.88,4.0,3.435102,0.0,1.60763,0.923052,3.313831
120,Temperate Ring,TemperateCommune021,waste,0.531867,need gap=0.237 potencies=0.656 trust=1.000 boundary penalty=0.991,3.36,1.552374,1.377171,1.504443,2.622737,3.04,3.0,2.217276,0.949205,1.868977,1.758479,3.297061
120,Subpolar Storage Rim,SubpolarCommune669,waste,0.531618,need gap=0.220 potencies=0.623 trust=1.000 boundary penalty=0.991,3.36,1.521127,1.361735,1.455836,2.491699,3.04,3.0,2.548742,0.879766,1.953397,1.738779,3.297061
120,Mountain Water Towers,MountainCommune368,water,0.531407,need gap=0.000 potencies=0.718 trust=1.000 boundary penalty=0.991,3.52,1.605232,0.8,1.2,2.873874,3.88,4.0,3.694276,0.0,1.521975,0.88879,3.293274
120,Aqua North Basin,AquaNortCommune900,waste,0.531347,need gap=0.213 potencies=0.555 trust=1.000 boundary penalty=0.991,3.36,1.508177,1.155692,1.435692,2.220561,3.04,3.132871,3.491119,0.850988,1.755998,1.63766,3.297061
120,Subpolar Storage Rim,SubpolarCommune747,waste,0.530853,need gap=0.213 potencies=0.562 trust=1.000 boundary penalty=0.991,3.36,1.508184,1.194078,1.435702,2.246588,3.04,3.925382,2.34621,0.851003,1.901928,1.696044,3.297061
120,Mountain Water Towers,MountainCommune239,water,0.530638,need gap=0.000 potencies=0.656 trust=1.000 boundary penalty=0.991,3.52,1.605232,0.8,1.2,2.624461,3.88,4.0,3.700866,0.0,1.645794,0.938318,3.322991
120,Coastal Wind Belt,CoastalWCommune001,water,0.530499,need gap=0.000 potencies=0.773 trust=1.000 boundary penalty=0.991,3.52,1.605232,0.8,1.2,3.092442,3.88,4.0,3.57909,0.0,1.417876,0.84715,3.26829
120,Highland Care Ring,HighlandCommune824,waste,0.530388,need gap=0.213 potencies=0.758 trust=1.000 boundary penalty=0.991,3.36,1.508237,1.329978,1.435785,3.03312,3.04,2.78,2.165031,0.851122,2.008536,1.738778,3.297061
120,Delta Commons,DeltaComCommune831,waste,0.530201,need gap=0.213 potencies=0.614 trust=1.000 boundary penalty=0.991,3.36,1.508226,1.308251,1.435769,2.454878,3.04,2.839101,3.139007,0.851098,1.783688,1.648821,3.297061
120,Island Commons,IslandCoCommune594,food,0.530107,need gap=0.000 potencies=0.918 trust=1.000 boundary penalty=0.991,3.28,1.525232,0.76,1.14,3.672645,3.76,4.0,3.244211,0.0,1.634468,0.933787,3.320272
120,Forest Equator Belt,ForestEqCommune262,waste,0.529994,need gap=0.213 potencies=0.705 trust=1.000 boundary penalty=0.991,3.36,1.50818,1.156774,1.435697,2.821041,3.04,3.005152,2.462205,0.850996,2.003535,1.736681,3.297061
120,Island Commons,IslandCoCommune594,water,0.529963,need gap=0.000 potencies=0.751 trust=1.000 boundary penalty=0.991,3.52,1.605232,0.8,1.2,3.004582,3.88,4.0,3.244211,0.0,1.634468,0.933787,3.320272
120,Subpolar Storage Rim,SubpolarCommune390,waste,0.529659,need gap=0.213 potencies=0.581 trust=1.000 boundary penalty=0.991,3.36,1.508195,1.215301,1.43572,2.323362,3.04,3.665127,2.303253,0.851029,1.968426,1.722663,3.297061
120,Steppe Grain Commons,SteppeGrCommune404,waste,0.52888,need gap=0.213 potencies=0.591 trust=1.000 boundary penalty=0.991,3.36,1.50818,1.171039,1.435698,2.365982,3.04,3.0,2.818036,0.850996,2.051246,1.755765,3.297061
120,Urban Repair Web,UrbanRepCommune116,food,0.528879,need gap=0.000 potencies=0.870 trust=1.000 boundary penalty=0.991,3.28,1.525232,0.76,1.14,3.480282,3.76,4.0,3.435102,0.0,1.60763,0.923052,3.313831
120,Forest Equator Belt,ForestEqCommune659,waste,0.528839,need gap=0.213 potencies=0.663 trust=1.000 boundary penalty=0.991,3.36,1.508188,1.182345,1.43571,2.651204,3.04,3.094862,2.598251,0.851014,1.906626,1.697931,3.297061
120,Temperate Ring,TemperateCommune872,waste,0.528075,need gap=0.243 potencies=0.518 trust=1.000 boundary penalty=0.991,3.36,1.563104,1.485679,1.521134,2.070742,3.04,2.728001,2.379669,0.973049,2.003956,1.83083,3.297061
120,Forest Equator Belt,ForestEqCommune973,waste,0.527675,need gap=0.213 potencies=0.702 trust=1.000 boundary penalty=0.991,3.36,1.509024,1.169754,1.437009,2.80696,3.04,2.951181,2.453332,0.85287,1.938789,1.712226,3.297061
120,Dryland Solar Arc,DrylandSCommune847,waste,0.526674,need gap=0.248 potencies=0.506 trust=1.000 boundary penalty=0.991,3.36,1.572331,1.635487,1.535487,2.02291,3.04,2.714823,2.172905,0.993553,1.899665,1.804902,3.297061
120,Coastal Wind Belt,CoastalWCommune378,water,0.526651,need gap=0.000 potencies=0.790 trust=1.000 boundary penalty=0.991,3.52,1.605232,0.8,1.2,3.159409,3.88,4.0,3.527846,0.0,1.271192,0.788477,3.233086
120,Island Commons,IslandCoCommune874,waste,0.526593,need gap=0.213 potencies=0.634 trust=1.000 boundary penalty=0.991,3.36,1.508233,1.314789,1.43578,2.53434,3.04,2.350993,3.020863,0.851114,1.960807,1.719681,3.297061
120,Urban Repair Web,UrbanRepCommune450,food,0.526358,need gap=0.000 potencies=0.883 trust=1.000 boundary penalty=0.991,3.28,1.525232,0.76,1.14,3.53399,3.76,4.0,3.393461,0.0,1.509839,0.883936,3.290361
120,Mountain Water Towers,MountainCommune817,water,0.526321,need gap=0.000 potencies=0.794 trust=1.000 boundary penalty=0.991,3.52,1.605232,0.8,1.2,3.174879,3.88,3.104548,3.774556,0.0,1.600647,0.920259,3.312155
120,Temperate Ring,TemperateCommune917,waste,0.526128,need gap=0.215 potencies=0.634 trust=1.000 boundary penalty=0.991,3.36,1.512461,1.500636,1.442356,2.535787,3.04,2.458342,2.530883,0.860509,1.955512,1.724796,3.297061
120,Steppe Grain Commons,SteppeGrCommune208,water,0.525759,need gap=0.000 potencies=0.764 trust=1.000 boundary penalty=0.991,3.52,1.605232,0.8,1.2,3.055073,3.88,4.0,2.888585,0.0,1.650028,0.940011,3.324007
120,Highland Care Ring,HighlandCommune617,waste,0.525438,need gap=0.214 potencies=0.675 trust=1.000 boundary penalty=0.991,3.36,1.510258,1.245911,1.43893,2.698978,3.04,2.838045,2.463371,0.855614,1.900456,1.699005,3.297061
120,Highland Care Ring,HighlandCommune291,waste,0.525432,need gap=0.213 potencies=0.612 trust=1.000 boundary penalty=0.991,3.36,1.508253,1.388335,1.435811,2.449826,3.04,2.812716,2.641593,0.851158,1.839973,1.671381,3.297061
120,Urban Repair Web,UrbanRepCommune482,water,0.524967,need gap=0.000 potencies=0.705 trust=1.000 boundary penalty=0.991,3.52,1.605232,0.8,1.2,2.821821,3.88,4.0,3.450715,0.0,1.463017,0.865207,3.279124
120,Highland Care Ring,HighlandCommune541,waste,0.52443,need gap=0.213 potencies=0.657 trust=1.000 boundary penalty=0.991,3.36,1.50822,1.273709,1.435758,2.626296,3.04,2.865142,2.507343,0.851083,1.848315,1.67466,3.297061
120,Steppe Grain Commons,SteppeGrCommune541,water,0.524322,need gap=0.000 potencies=0.811 trust=1.000 boundary penalty=0.991,3.52,1.605232,0.8,1.2,3.244558,3.88,4.0,2.990531,0.0,1.428357,0.851343,3.270806
120,Temperate Ring,TemperateCommune066,waste,0.522321,need gap=0.215 potencies=0.656 trust=1.000 boundary penalty=0.991,3.36,1.51155,1.345208,1.440939,2.623793,3.04,2.62622,2.242979,0.858484,1.988603,1.736474,3.297061
120,Highland Care Ring,HighlandCommune139,energy,0.522102,need gap=0.096 potencies=0.903 trust=1.000 boundary penalty=0.991,3.12,1.426417,0.893398,1.205398,3.611426,3.2,3.920679,2.60885,0.384855,1.867414,1.323304,3.208
120,Subpolar Storage Rim,SubpolarCommune578,water,0.521905,need gap=0.000 potencies=0.818 trust=1.000 boundary penalty=0.991,3.52,1.605232,0.8,1.2,3.272712,3.88,4.0,2.624827,0.0,1.52493,0.889972,3.293983
120,Coastal Wind Belt,CoastalWCommune607,water,0.52184,need gap=0.000 potencies=0.660 trust=1.000 boundary penalty=0.991,3.52,1.605232,0.8,1.2,2.64023,3.88,4.0,3.505639,0.0,1.437354,0.854942,3.272965
120,Subpolar Storage Rim,SubpolarCommune578,energy,0.521544,need gap=0.104 potencies=0.874 trust=1.000 boundary penalty=0.991,3.12,1.440684,0.915592,1.227592,3.496125,3.2,4.0,2.624827,0.41656,1.754038,1.302367,3.208
120,Temperate Ring,TemperateCommune536,waste,0.521452,need gap=0.214 potencies=0.586 trust=1.000 boundary penalty=0.991,3.36,1.51051,1.279153,1.439321,2.344257,3.04,3.142986,2.418881,0.856173,1.790567,1.65548,3.297061
120,Forest Equator Belt,ForestEqCommune139,waste,0.521138,need gap=0.213 potencies=0.607 trust=1.000 boundary penalty=0.991,3.36,1.508183,1.166086,1.435702,2.429756,3.04,2.900934,2.710739,0.851003,1.822111,1.664117,3.297061
120,Island Commons,IslandCoCommune340,food,0.5211,need gap=0.000 potencies=0.871 trust=1.000 boundary penalty=0.991,3.28,1.525232,0.76,1.14,3.482849,3.76,4.0,3.177977,0.0,1.476044,0.870418,3.282251
120,Urban Repair Web,UrbanRepCommune754,water,0.52108,need gap=0.000 potencies=0.696 trust=1.000 boundary penalty=0.991,3.52,1.605232,0.8,1.2,2.78477,3.88,4.0,3.330398,0.0,1.416507,0.846603,3.267962
120,Urban Repair Web,UrbanRepCommune499,water,0.520955,need gap=0.000 potencies=0.739 trust=1.000 boundary penalty=0.991,3.52,1.605232,0.8,1.2,2.954525,3.88,4.0,3.370285,0.0,1.285859,0.794344,3.236606
120,Delta Commons,DeltaComCommune235,food,0.520759,need gap=0.000 potencies=0.843 trust=1.000 boundary penalty=0.991,3.28,1.525232,0.76,1.14,3.373909,3.76,4.0,3.23605,0.0,1.500136,0.880054,3.288033
120,Forest Equator Belt,ForestEqCommune022,waste,0.520374,need gap=0.213 potencies=0.687 trust=1.000 boundary penalty=0.991,3.36,1.508232,1.311805,1.435778,2.746407,3.04,2.682548,2.386167,0.851111,1.745564,1.633581,3.297061
120,Island Commons,IslandCoCommune619,water,0.519628,need gap=0.000 potencies=0.644 trust=1.000 boundary penalty=0.991,3.52,1.605232,0.8,1.2,2.575619,3.88,3.968678,3.203273,0.0,1.581001,0.912401,3.30744
120,Highland Care Ring,HighlandCommune139,water,0.519059,need gap=0.000 potencies=0.746 trust=1.000 boundary penalty=0.991,3.52,1.605232,0.8,1.2,2.984799,3.88,3.920679,2.60885,0.0,1.655744,0.942298,3.325379
120,Coastal Wind Belt,CoastalWCommune384,water,0.518881,need gap=0.000 potencies=0.673 trust=1.000 boundary penalty=0.991,3.52,1.605232,0.8,1.2,2.691934,3.88,4.0,3.494417,0.0,1.309215,0.803686,3.242212
120,Dryland Solar Arc,DrylandSCommune391,water,0.518487,need gap=0.000 potencies=0.686 trust=1.000 boundary penalty=0.991,3.52,1.605232,0.8,1.2,2.745715,3.88,3.984915,2.96897,0.0,1.554358,0.901743,3.301046
120,Coastal Wind Belt,CoastalWCommune746,water,0.518449,need gap=0.000 potencies=0.617 trust=1.000 boundary penalty=0.991,3.52,1.605232,0.8,1.2,2.467527,3.88,4.0,3.512092,0.0,1.423254,0.849302,3.269581
120,Highland Care Ring,HighlandCommune634,waste,0.517691,need gap=0.216 potencies=0.536 trust=1.000 boundary penalty=0.991,3.36,1.513757,1.413957,1.444372,2.145532,3.04,2.890989,2.304818,0.863388,1.848924,1.684379,3.297061
120,Coastal Wind Belt,CoastalWCommune384,food,0.517618,need gap=0.000 potencies=0.820 trust=1.000 boundary penalty=0.991,3.28,1.525232,0.76,1.14,3.28123,3.76,4.0,3.494417,0.0,1.309215,0.803686,3.242212
120,Island Commons,IslandCoCommune706,water,0.517427,need gap=0.000 potencies=0.717 trust=1.000 boundary penalty=0.991,3.52,1.605232,0.8,1.2,2.86912,3.88,4.0,3.097358,0.0,1.364062,0.825625,3.255375
120,Dryland Solar Arc,DrylandSCommune824,water,0.516718,need gap=0.000 potencies=0.707 trust=1.000 boundary penalty=0.991,3.52,1.605232,0.8,1.2,2.828294,3.88,3.794582,2.796308,0.0,1.638303,0.935321,3.321193
120,Coastal Wind Belt,CoastalWCommune805,food,0.516462,need gap=0.000 potencies=0.744 trust=1.000 boundary penalty=0.991,3.28,1.525232,0.76,1.14,2.977281,3.76,4.0,3.593724,0.0,1.403219,0.841288,3.264773
120,Highland Care Ring,HighlandCommune710,water,0.516329,need gap=0.000 potencies=0.793 trust=1.000 boundary penalty=0.991,3.52,1.605232,0.801859,1.2,3.171065,3.88,4.0,2.246697,0.0,1.597442,0.918977,3.311386
120,Island Commons,IslandCoCommune340,water,0.516057,need gap=0.000 potencies=0.635 trust=1.000 boundary penalty=0.991,3.52,1.605232,0.8,1.2,2.540434,3.88,4.0,3.177977,0.0,1.476044,0.870418,3.282251
120,Steppe Grain Commons,SteppeGrCommune055,water,0.515638,need gap=0.000 potencies=0.686 trust=1.000 boundary penalty=0.991,3.52,1.605232,0.8,1.2,2.744281,3.88,4.0,2.822178,0.0,1.527912,0.891165,3.294699
120,Island Commons,IslandCoCommune839,food,0.515432,need gap=0.000 potencies=0.857 trust=1.000 boundary penalty=0.991,3.28,1.525232,0.76258,1.14,3.427737,3.76,3.731594,3.133535,0.0,1.480698,0.872279,3.283367
120,Dryland Solar Arc,DrylandSCommune824,food,0.515399,need gap=0.000 potencies=0.854 trust=1.000 boundary penalty=0.991,3.28,1.525232,0.76,1.14,3.414396,3.76,3.794582,2.796308,0.0,1.638303,0.935321,3.321193
120,Dryland Solar Arc,DrylandSCommune943,water,0.515386,need gap=0.000 potencies=0.759 trust=1.000 boundary penalty=0.991,3.52,1.605232,0.8,1.2,3.037855,3.88,4.0,2.654669,0.0,1.428433,0.851373,3.270824
120,Steppe Grain Commons,SteppeGrCommune856,water,0.515027,need gap=0.000 potencies=0.661 trust=1.000 boundary penalty=0.991,3.52,1.605232,0.8,1.2,2.645772,3.88,4.0,2.944234,0.0,1.501655,0.880662,3.288397
120,Island Commons,IslandCoCommune619,food,0.515013,need gap=0.000 potencies=0.744 trust=1.000 boundary penalty=0.991,3.28,1.525232,0.76,1.14,2.977196,3.76,3.968678,3.203273,0.0,1.581001,0.912401,3.30744
120,Delta Commons,DeltaComCommune953,food,0.514918,need gap=0.000 potencies=0.726 trust=1.000 boundary penalty=0.991,3.28,1.525232,0.76,1.14,2.902336,3.76,4.0,3.225557,0.0,1.59499,0.917996,3.310798
120,Coastal Wind Belt,CoastalWCommune001,food,0.514411,need gap=0.000 potencies=0.713 trust=1.000 boundary penalty=0.991,3.28,1.525232,0.76,1.14,2.851532,3.76,4.0,3.57909,0.0,1.417876,0.84715,3.26829
120,Coastal Wind Belt,CoastalWCommune378,food,0.514245,need gap=0.000 potencies=0.781 trust=1.000 boundary penalty=0.991,3.28,1.525232,0.76,1.14,3.124685,3.76,4.0,3.527846,0.0,1.271192,0.788477,3.233086
120,Island Commons,IslandCoCommune706,food,0.513376,need gap=0.000 potencies=0.826 trust=1.000 boundary penalty=0.991,3.28,1.525232,0.76,1.14,3.302227,3.76,4.0,3.097358,0.0,1.364062,0.825625,3.255375
120,Steppe Grain Commons,SteppeGrCommune541,food,0.513289,need gap=0.025 potencies=0.682 trust=1.000 boundary penalty=0.991,3.28,1.570229,0.829996,1.209996,2.727579,3.76,4.0,2.990531,0.099994,1.483353,0.950337,3.270806
120,Urban Repair Web,UrbanRepCommune754,food,0.512594,need gap=0.000 potencies=0.742 trust=1.000 boundary penalty=0.991,3.28,1.525232,0.76,1.14,2.969567,3.76,4.0,3.330398,0.0,1.416507,0.846603,3.267962
120,Mountain Water Towers,MountainCommune239,health,0.512467,need gap=0.000 potencies=0.732 trust=1.000 boundary penalty=0.991,3.04,1.445232,0.72,1.08,2.926854,3.64,4.0,3.700866,0.0,1.645794,0.938318,3.322991
120,Urban Repair Web,UrbanRepCommune446,food,0.512081,need gap=0.000 potencies=0.733 trust=1.000 boundary penalty=0.991,3.28,1.525232,0.76,1.14,2.931803,3.76,4.0,3.352033,0.0,1.410396,0.844159,3.266495
120,Subpolar Storage Rim,SubpolarCommune837,water,0.511207,need gap=0.000 potencies=0.758 trust=1.000 boundary penalty=0.991,3.52,1.605232,0.8,1.2,3.033375,3.88,3.617183,2.734771,0.0,1.450264,0.860105,3.276063
120,Island Commons,IslandCoCommune279,food,0.51098,need gap=0.000 potencies=0.641 trust=1.000 boundary penalty=0.991,3.28,1.525232,0.76,1.14,2.564282,3.76,4.0,3.245263,0.0,1.656875,0.94275,3.32565
120,Coastal Wind Belt,CoastalWCommune607,food,0.510573,need gap=0.000 potencies=0.667 trust=1.000 boundary penalty=0.991,3.28,1.525232,0.76,1.14,2.66931,3.76,4.0,3.505639,0.0,1.437354,0.854942,3.272965
120,Subpolar Storage Rim,SubpolarCommune902,water,0.510521,need gap=0.000 potencies=0.726 trust=1.000 boundary penalty=0.991,3.52,1.605232,0.8,1.2,2.904819,3.88,4.0,2.507288,0.0,1.422,0.8488,3.26928
120,Urban Repair Web,UrbanRepCommune482,food,0.509853,need gap=0.000 potencies=0.659 trust=1.000 boundary penalty=0.991,3.28,1.525232,0.76,1.14,2.635477,3.76,4.0,3.450715,0.0,1.463017,0.865207,3.279124
120,Urban Repair Web,UrbanRepCommune690,food,0.508991,need gap=0.000 potencies=0.629 trust=1.000 boundary penalty=0.991,3.28,1.525232,0.76,1.14,2.51733,3.76,4.0,3.436495,0.0,1.513823,0.885529,3.291317
120,Coastal Wind Belt,CoastalWCommune692,health,0.50893,need gap=0.000 potencies=0.716 trust=1.000 boundary penalty=0.991,3.04,1.445232,0.72,1.08,2.865054,3.64,4.0,3.523335,0.0,1.657574,0.94303,3.325818
120,Temperate Ring,TemperateCommune364,water,0.508894,need gap=0.000 potencies=0.814 trust=1.000 boundary penalty=0.991,3.52,1.605232,0.802235,1.2,3.25768,3.88,4.0,2.156988,0.0,1.335059,0.814024,3.248414
120,Steppe Grain Commons,SteppeGrCommune856,energy,0.50872,need gap=0.070 potencies=0.824 trust=1.000 boundary penalty=0.991,3.12,1.378875,0.819444,1.131444,3.297919,3.2,4.0,2.944234,0.279206,1.655218,1.157076,3.208
120,Steppe Grain Commons,SteppeGrCommune856,food,0.508615,need gap=0.000 potencies=0.737 trust=1.000 boundary penalty=0.991,3.28,1.525232,0.76,1.14,2.94673,3.76,4.0,2.944234,0.0,1.501655,0.880662,3.288397
120,Urban Repair Web,UrbanRepCommune499,food,0.508389,need gap=0.000 potencies=0.728 trust=1.000 boundary penalty=0.991,3.28,1.525232,0.76,1.14,2.910862,3.76,4.0,3.370285,0.0,1.285859,0.794344,3.236606
120,Coastal Wind Belt,CoastalWCommune746,food,0.508058,need gap=0.000 potencies=0.636 trust=1.000 boundary penalty=0.991,3.28,1.525232,0.76,1.14,2.545653,3.76,4.0,3.512092,0.0,1.423254,0.849302,3.269581
120,Mountain Water Towers,MountainCommune368,health,0.507124,need gap=0.000 potencies=0.709 trust=1.000 boundary penalty=0.991,3.04,1.445232,0.72,1.08,2.834011,3.64,4.0,3.694276,0.0,1.521975,0.88879,3.293274
120,Urban Repair Web,UrbanRepCommune116,health,0.50636,need gap=0.000 potencies=0.720 trust=1.000 boundary penalty=0.991,3.04,1.445232,0.72,1.08,2.87926,3.64,4.0,3.435102,0.0,1.60763,0.923052,3.313831
120,Urban Repair Web,UrbanRepCommune754,health,0.506005,need gap=0.000 potencies=0.815 trust=1.000 boundary penalty=0.991,3.04,1.445232,0.72,1.08,3.260573,3.64,4.0,3.330398,0.0,1.416507,0.846603,3.267962
120,Coastal Wind Belt,CoastalWCommune001,health,0.505897,need gap=0.000 potencies=0.759 trust=1.000 boundary penalty=0.991,3.04,1.445232,0.72,1.08,3.034694,3.64,4.0,3.57909,0.0,1.417876,0.84715,3.26829
120,Coastal Wind Belt,CoastalWCommune607,health,0.505325,need gap=0.000 potencies=0.759 trust=1.000 boundary penalty=0.991,3.04,1.445232,0.72,1.08,3.035419,3.64,4.0,3.505639,0.0,1.437354,0.854942,3.272965
120,Subpolar Storage Rim,SubpolarCommune578,food,0.504946,need gap=0.000 potencies=0.746 trust=1.000 boundary penalty=0.991,3.28,1.525232,0.76,1.14,2.983039,3.76,4.0,2.624827,0.0,1.52493,0.889972,3.293983
120,Island Commons,IslandCoCommune594,health,0.504335,need gap=0.000 potencies=0.722 trust=1.000 boundary penalty=0.991,3.04,1.445232,0.72,1.08,2.889382,3.64,4.0,3.244211,0.0,1.634468,0.933787,3.320272
120,Highland Care Ring,HighlandCommune139,health,0.504261,need gap=0.000 potencies=0.869 trust=1.000 boundary penalty=0.991,3.04,1.445232,0.72,1.08,3.476144,3.64,3.920679,2.60885,0.0,1.655744,0.942298,3.325379
120,Urban Repair Web,UrbanRepCommune450,health,0.503206,need gap=0.000 potencies=0.724 trust=1.000 boundary penalty=0.991,3.04,1.445232,0.72,1.08,2.897476,3.64,4.0,3.393461,0.0,1.509839,0.883936,3.290361
120,Coastal Wind Belt,CoastalWCommune692,shelter,0.503178,need gap=0.000 potencies=0.817 trust=1.000 boundary penalty=0.991,2.92,1.381232,0.688,1.032,3.266496,3.52,4.0,3.523335,0.0,1.657574,0.94303,3.12
120,Steppe Grain Commons,SteppeGrCommune055,food,0.502348,need gap=0.000 potencies=0.665 trust=1.000 boundary penalty=0.991,3.28,1.525232,0.76,1.14,2.660013,3.76,4.0,2.822178,0.0,1.527912,0.891165,3.294699
120,Dryland Solar Arc,DrylandSCommune391,health,0.502303,need gap=0.000 potencies=0.790 trust=1.000 boundary penalty=0.991,3.04,1.445232,0.72,1.08,3.15939,3.64,3.984915,2.96897,0.0,1.554358,0.901743,3.301046
120,Dryland Solar Arc,DrylandSCommune824,health,0.502156,need gap=0.000 potencies=0.833 trust=1.000 boundary penalty=0.991,3.04,1.445232,0.72,1.08,3.332783,3.64,3.794582,2.796308,0.0,1.638303,0.935321,3.321193
120,Urban Repair Web,UrbanRepCommune482,health,0.50153,need gap=0.000 potencies=0.707 trust=1.000 boundary penalty=0.991,3.04,1.445232,0.72,1.08,2.829353,3.64,4.0,3.450715,0.0,1.463017,0.865207,3.279124
120,Island Commons,IslandCoCommune279,health,0.501367,need gap=0.000 potencies=0.671 trust=1.000 boundary penalty=0.991,3.04,1.445232,0.72,1.08,2.685943,3.64,4.0,3.245263,0.0,1.656875,0.94275,3.32565
120,Mountain Water Towers,MountainCommune368,shelter,0.500729,need gap=0.000 potencies=0.791 trust=1.000 boundary penalty=0.991,2.92,1.381232,0.688,1.032,3.162807,3.52,4.0,3.694276,0.0,1.521975,0.88879,3.12
120,Delta Commons,DeltaComCommune953,health,0.500166,need gap=0.000 potencies=0.684 trust=1.000 boundary penalty=0.991,3.04,1.445232,0.72,1.08,2.7362,3.64,4.0,3.225557,0.0,1.59499,0.917996,3.310798
120,Mountain Water Towers,MountainCommune239,shelter,0.500093,need gap=0.000 potencies=0.739 trust=1.000 boundary penalty=0.991,2.92,1.381232,0.688,1.032,2.954286,3.52,4.0,3.700866,0.0,1.645794,0.938318,3.12
120,Island Commons,IslandCoCommune239,food,0.49992,need gap=0.000 potencies=0.800 trust=1.000 boundary penalty=0.991,3.28,1.525232,0.767554,1.14,3.201323,3.76,3.497443,2.959284,0.0,1.300229,0.800092,3.240055
120,Delta Commons,DeltaComCommune235,health,0.499226,need gap=0.000 potencies=0.707 trust=1.000 boundary penalty=0.991,3.04,1.445232,0.72,1.08,2.828031,3.64,4.0,3.23605,0.0,1.500136,0.880054,3.288033
120,Mountain Water Towers,MountainCommune239,governance,0.498586,need gap=0.000 potencies=0.789 trust=1.000 boundary penalty=0.991,2.68,1.189232,0.592,0.888,3.157779,3.44,4.0,3.700866,0.0,1.645794,0.938318,3.696112
120,Coastal Wind Belt,CoastalWCommune746,health,0.498387,need gap=0.000 potencies=0.666 trust=1.000 boundary penalty=0.991,3.04,1.445232,0.72,1.08,2.664081,3.64,4.0,3.512092,0.0,1.423254,0.849302,3.269581
120,Mountain Water Towers,MountainCommune239,resilience,0.498137,need gap=0.000 potencies=0.694 trust=1.000 boundary penalty=0.991,2.52,1.317232,0.656,0.984,2.776642,3.52,4.0,3.700866,0.0,1.645794,0.938318,3.706775
120,Island Commons,IslandCoCommune619,health,0.497945,need gap=0.000 potencies=0.670 trust=1.000 boundary penalty=0.991,3.04,1.445232,0.72,1.08,2.681399,3.64,3.968678,3.203273,0.0,1.581001,0.912401,3.30744
120,Coastal Wind Belt,CoastalWCommune692,governance,0.497911,need gap=0.000 potencies=0.810 trust=1.000 boundary penalty=0.991,2.68,1.189232,0.592,0.888,3.240846,3.44,4.0,3.523335,0.0,1.657574,0.94303,3.712604
120,Mountain Water Towers,MountainCommune376,health,0.497685,need gap=0.000 potencies=0.603 trust=1.000 boundary penalty=0.991,3.04,1.445232,0.735848,1.08,2.410303,3.64,3.932573,3.720552,0.0,1.464797,0.865919,3.279551
120,Steppe Grain Commons,SteppeGrCommune208,health,0.497357,need gap=0.000 potencies=0.696 trust=1.000 boundary penalty=0.991,3.04,1.445232,0.72,1.08,2.78458,3.64,4.0,2.888585,0.0,1.650028,0.940011,3.324007
