id,name,currency,population,gdp,inflation,unemployment,stability,public_debt,wk_score,truth_gap,archetype
country_80773ac0e1,Aurelia Union,AUU,3898153,305716964369.3552,0.10695658944942427,0.11852303482281185,0.5593506198936476,302361404781.04565,538.1026190758828,0.00023237003930831742,service
country_c28e78eba0,Borealis Compact,BOC,84266675,18804266379548.18,-0.003793437032896009,0.12056728065105152,0.8661623215302993,31812102780851.797,2198.352358361892,0.001200576830887304,financial
country_e2d89ff704,Cyrenia League,CYL,20626574,14333885659550.64,0.04609903793316987,0.025574805785776554,0.5758382117085803,12373409309429.484,1735.7682391464707,4.6935078385396424e-05,industrial
country_f2ffaabd50,Demeria Commonwealth,DEC,15694626,2525889541513.9253,0.039653546321986054,0.18436281633616441,0.7887392550992915,2456425637290.4326,739.7233659448395,0.0,island
country_6e6d3d80d5,Elyria Kingdom,ELK,16275421,4299683490228.5933,0.04623621891262095,0.1614078792974449,0.7939965695769751,7055915896436.767,880.4133074224281,0.003855987082112622,industrial
country_e4fc1bf722,Falken League,FAL,5185559,942233598365.4614,0.03767559762594966,0.04460530065904674,0.477670670431872,948467307069.4913,603.6213584087052,0.00026488410685959686,research
