{
  "month": 24,
  "world_gdp": 41211675633576.16,
  "truth_price": 1125892.813603389,
  "avg_inflation": 0.045471258868375795,
  "avg_unemployment": 0.10917351959204932,
  "avg_stability": 0.676959608040111,
  "global_wk_score": 9183.79588699103,
  "global_positive_wk": 9680.445857045135,
  "global_negative_wk": 496.64997005410163,
  "global_truth_gap": 0.04880075598105204,
  "transactions": 275,
  "events": 198
}