{
  "preset": "tiny",
  "seed": 7,
  "months": 24,
  "agents": 88,
  "countries": 6,
  "planet_gdp": 179001015905.88834,
  "truth_score": 8600.106127404837,
  "truth_positive": 24615.87462140403,
  "truth_debt": 16015.768493999192,
  "events": 5,
  "economic_morphisms": 454,
  "truth_morphisms": 2493,
  "legal_morphisms": 2495,
  "security_morphisms": 2203,
  "networks": {
    "trade": {
      "nodes": 66,
      "edges": 556,
      "density": 0.2592074592074592,
      "delivered": 424,
      "queue_depth": 2
    },
    "credit": {
      "nodes": 33,
      "edges": 34,
      "density": 0.06439393939393939,
      "delivered": 12,
      "queue_depth": 0
    },
    "governance": {
      "nodes": 28,
      "edges": 31,
      "density": 0.082010582010582,
      "delivered": 23,
      "queue_depth": 1
    },
    "defense": {
      "nodes": 20,
      "edges": 36,
      "density": 0.18947368421052632,
      "delivered": 18,
      "queue_depth": 1
    },
    "knowledge": {
      "nodes": 76,
      "edges": 236,
      "density": 0.08280701754385965,
      "delivered": 0,
      "queue_depth": 0
    },
    "truth": {
      "nodes": 76,
      "edges": 461,
      "density": 0.1617543859649123,
      "delivered": 287,
      "queue_depth": 1
    }
  },
  "last_sheaf_gap": 0.0,
  "natural_transformations": {
    "η: F⇒L": 24.502145174641427,
    "η: F⇒S": 24.846744041420784
  },
  "universal_properties": {
    "Terminalobjekt": 1.0,
    "Produktobjekt Fiat×WK": 3.250837556712239,
    "Pullback Vertrag×Lieferung": 1.0,
    "Pushout Konflikt→Resolution": 1.0,
    "Equalizer sozial=epistemisch": 2.1660005228894845
  }
}