id,name,currency,population,gdp,gdp_wk,fiat_per_wk,inflation,unemployment,stability,infrastructure,health_index,education_index,tech_level,environment,trade_openness,public_debt,sanction_level,truth_score,truth_positive,truth_debt,top_truth_layers
agent_43210efc5a,Aurelstan,AUR,29985578.13,1092599.629,2556.1927,427.432418,0.028065,0.295673,0.560564,0.438269,0.619113,0.818424,0.504072,0.669845,0.702291,353096.2244,0.0,348.0066,348.1455,0.1389,"{health=+46.82, epistemic=+41.50, infrastructure=+38.09, ecological=+36.49, legal=+35.88, potential=+32.63, social=+32.52, security=+10.20, ...}"
agent_54067997a5,Borealpolis,BOR,10851758.0,137268.7633,2067.2083,66.402965,0.114269,0.237139,0.519711,0.332619,0.811118,0.622905,0.667669,0.448208,0.808965,130446.1554,0.0,342.3045,342.4271,0.1225,"{health=+58.36, potential=+42.32, legal=+32.68, epistemic=+31.29, social=+29.52, infrastructure=+29.19, ecological=+24.34, security=+22.85, ...}"
agent_a2a7e65e35,Cyrenmere,CYR,48497117.67,1520201.8519,10801.1068,140.745006,0.026064,0.303182,0.694528,0.528493,0.837492,0.751153,0.732568,0.391093,0.320155,741469.6865,0.0,474.3995,475.0342,0.6347,"{health=+67.92, infrastructure=+56.23, potential=+50.50, legal=+49.94, social=+45.41, epistemic=+41.16, security=+22.52, ecological=+21.01, ...}"
agent_409fedf2b0,Damarpolis,DAM,8062051.59,469372.6633,8467.7572,55.430576,0.06605,0.109654,0.603339,0.473009,0.652791,0.855693,0.255405,0.765261,0.826017,211341.343,0.0,382.3921,382.8888,0.4967,"{health=+52.12, infrastructure=+48.36, epistemic=+44.03, ecological=+41.38, legal=+41.09, social=+37.54, potential=+18.44, security=+12.08, ...}"
agent_3d01e1964a,Eldorpolis,ELD,23670924.71,362769.1204,2234.8391,162.324494,0.029195,0.282263,0.756398,0.676342,0.653492,0.405017,0.311266,0.638939,0.855118,160063.2173,0.0,383.8115,383.9341,0.1226,"{infrastructure=+56.12, health=+48.11, legal=+47.89, social=+43.01, ecological=+34.89, security=+33.75, epistemic=+20.54, potential=+20.02, ...}"
