month,global_gdp_wk,total_truth_score,positive_truth_score,truth_debt_score,avg_inflation,avg_stability,avg_unemployment,avg_environment,avg_company_reputation,fiat_trade_wk,truth_trade_score,loans_wk,conflicts,frauds_detected,shocks,un_legitimacy,un_audit_strength
1,26546.629038826046,10061.27010356331,10062.147721711688,0.8776181483769934,0.042214291480681516,0.628978657659592,0.1793545564807027,0.5840349294725604,0.7438261151289398,1741.188163156561,102.57262437234236,0.7037699431520007,0.0,0.0,0.0,0.6180333163779187,0.6123839284250622
2,26330.924305557048,10308.405952546214,10310.28590534145,1.879952795236281,0.05299964406931023,0.6281196373484064,0.2142508183975164,0.5833667954119997,0.7457381103722567,1665.738246904918,103.17583014797712,1.6604452447029379,0.0,0.0,0.0,0.6183478057067485,0.6124588545897275
3,26127.104187219596,10555.531965730823,10558.528186576303,2.9962208454806203,0.0527286499403595,0.626908043067563,0.2455819498888169,0.5826690479628034,0.7476079677978772,1699.6473425172173,109.7980654046278,2.323619304959034,0.0,0.0,0.0,0.6186618655254227,0.6125334474171595
