month,planet_gdp,truth_score,truth_positive,truth_debt,naturality_gap,sheaf_gap,economic_morphisms,truth_morphisms,network_queue_depth,events
1,174453397557.59882,5417.980360714844,5420.067340676348,2.0869799615040576,23.88390673054781,0.0,20,31,5,0
2,174726406331.70532,6241.73908761198,6290.36631944701,48.62723183503016,24.20321232665711,0.0,36,81,11,0
3,174731614512.24487,7121.729272037973,7256.765346423622,135.03607438564853,23.944590429967157,0.0,61,154,6,0
