{
  "counts": {
    "actors": 167,
    "events": 22824,
    "firms": 31,
    "media_outlets": 7,
    "persons_active": 120,
    "transactions": 19526
  },
  "days": 30,
  "events_by_domain": {
    "consumption": 2690,
    "culture": 194,
    "education": 449,
    "energy": 3630,
    "finance": 4,
    "food": 3600,
    "governance": 40,
    "health": 1646,
    "infrastructure": 506,
    "labor": 2760,
    "media": 2701,
    "space": 928,
    "transport": 38,
    "water": 3638
  },
  "gross_delta_by_domain": {
    "consumption": 3203.9619491364683,
    "culture": 1102.1129489987597,
    "education": 924.6836576787573,
    "energy": 20876.574385964785,
    "finance": -19.084097584581833,
    "food": -20808.078235254063,
    "governance": 416.0631114607982,
    "health": 17385.835796735355,
    "infrastructure": 297.0042973239679,
    "labor": 26073.063417359073,
    "media": 24280.037302560093,
    "space": 15718.238049766069,
    "transport": 537.6278788536824,
    "water": 30980.06239057424
  },
  "last_metrics": {
    "appeals_granted_total": 113,
    "avg_health": 0.5822025550410731,
    "avg_reputation": 0.6229009057328756,
    "avg_stress": 0.5602339702000719,
    "avg_trust": 0.9105422589859862,
    "basic_price_index": 556.7762519900161,
    "broad_money": 8888451.139784794,
    "created_today": 3536.1384919690727,
    "day": 30,
    "destroyed_today": 1446.9106580115617,
    "energy_stock_ratio": 0.0,
    "events_disputed_total": 221,
    "events_today": 774,
    "food_stock_ratio": 0.0,
    "gini_positive_money": 0.15271580422798237,
    "lambda_food": 9.553601094873024,
    "lambda_media": 8.91700467171861,
    "lambda_space": 14.166401549734067,
    "liability_today": 0.0,
    "media_manipulation_index": 0.11972065871092473,
    "media_truth_index": 0.7865603230411321,
    "net_money": 8888451.139784794,
    "orbit_debris_risk": 0.2215499768467522,
    "oxygen_stock_ratio": 1.465311078624507,
    "price_index": 330.26390598900423,
    "spares_stock_ratio": 0.12438890748778922,
    "station_safety": 0.6127124307512609,
    "total_liability": 0,
    "tx_volume_today": 2870.9487970927084,
    "unemployment": 0.18333333333333332,
    "water_stock_ratio": 0.0
  },
  "persons_requested": 120,
  "runtime_seconds": 0.8254332542419434,
  "scenario": "orbit_emergency",
  "seed": 42,
  "top_balances": [
    {
      "kind": "market",
      "location": "Earth",
      "money": 1816230.2385689835,
      "name": "Aggregierter Markt Earth"
    },
    {
      "kind": "market",
      "location": "Moon",
      "money": 1812630.511454849,
      "name": "Aggregierter Markt Moon"
    },
    {
      "kind": "market",
      "location": "Station",
      "money": 1806296.344838669,
      "name": "Aggregierter Markt Station"
    },
    {
      "kind": "market",
      "location": "Orbit",
      "money": 1803879.7059947823,
      "name": "Aggregierter Markt Orbit"
    },
    {
      "kind": "public",
      "location": "Earth",
      "money": 468597.15615908225,
      "name": "ZEMO Public Council / Öffentlicher Fonds"
    },
    {
      "kind": "firm",
      "location": "Earth",
      "money": 281483.023842199,
      "name": "Delta Clearing Bank"
    },
    {
      "kind": "firm",
      "location": "Earth",
      "money": 250337.42227583943,
      "name": "Mutual Risk & Life-Support Insurance"
    },
    {
      "kind": "infrastructure",
      "location": "Orbit",
      "money": 76636.97976473227,
      "name": "LEO Satellite Net"
    },
    {
      "kind": "infrastructure",
      "location": "Earth",
      "money": 75000,
      "name": "Earth Grid Backbone"
    },
    {
      "kind": "infrastructure",
      "location": "Moon",
      "money": 75000,
      "name": "Lunar Habitat Ring"
    },
    {
      "kind": "infrastructure",
      "location": "Station",
      "money": 75000,
      "name": "Orbital Research Station"
    },
    {
      "kind": "firm",
      "location": "Moon",
      "money": 14635.854803985738,
      "name": "Moon Raumfahrt Cooperative"
    },
    {
      "kind": "firm",
      "location": "Station",
      "money": 11793.587219415323,
      "name": "Station Energie Cooperative"
    },
    {
      "kind": "firm",
      "location": "Orbit",
      "money": 11107.528632108917,
      "name": "Orbit Gesundheit Cooperative"
    },
    {
      "kind": "firm",
      "location": "Earth",
      "money": 10995.74364383259,
      "name": "Earth Energie Cooperative"
    }
  ],
  "version": "1.1.0",
  "zemo": {
    "appeals_granted": 113,
    "created_total": 151580.0838525555,
    "destroyed_total": 30208.306876529296,
    "events_disputed": 221,
    "lambdas": {
      "consumption": 5.47268625089397,
      "culture": 4.883320039259234,
      "education": 7.324980058888852,
      "energy": 9.114727749361707,
      "environment": 7.577565578160882,
      "finance": 6.567223501072766,
      "food": 9.547400362310665,
      "governance": 6.904004193435472,
      "health": 8.251126962886293,
      "infrastructure": 7.74595592434224,
      "labor": 7.156589712707499,
      "media": 8.840493174521027,
      "space": 14.185296590816813,
      "transport": 6.73561384725412,
      "water": 10.18760945480424
    },
    "liability_created_total": 0.0,
    "tax_rate": 0.14,
    "transaction_tax": 0.006
  }
}