month,planet_gdp,truth_score,truth_positive,truth_debt,naturality_gap,sheaf_gap,economic_morphisms,truth_morphisms,network_queue_depth,events
1,174760932334.79117,5322.360416160123,5336.686655755178,14.326239595054634,25.250361414161603,0.0,14,23,7,0
2,174583119344.06763,6176.14126749989,6236.476100988237,60.3348334883463,23.102888071960002,0.0,33,71,4,1
3,174866339825.5905,6878.200468774441,7008.638353906675,130.4378851322329,23.293117505994594,0.0,49,132,7,1
4,175439123021.39148,7598.6161562010975,7831.524966786007,232.90881058491013,23.970087757371324,0.0,67,211,9,1
5,175732739752.4668,8159.555771831438,8579.552258296722,419.99648646528544,24.098419930436744,0.0,85,310,7,2
6,176593572069.9112,8749.923257786628,9573.898121199094,823.9748634124657,24.153969817558583,0.0,106,421,9,2
