month,planet_gdp,truth_score,truth_positive,truth_debt,naturality_gap,sheaf_gap,economic_morphisms,truth_morphisms,network_queue_depth,events,verifications,falsifications,predicate_elements,transaction_verifications
1,174653872222.70187,8405.876401160946,8405.876401160946,-0.0,21.7620625224738,0.0,16,26,7,1,118,2,120,100
2,174613710507.87726,14301.615580313079,14319.996960048948,18.381379735868972,21.886450348853092,0.0,38,77,6,1,269,5,274,234
