{
  "counts": {
    "actors": 167,
    "events": 23147,
    "firms": 31,
    "media_outlets": 7,
    "persons_active": 120,
    "transactions": 20356
  },
  "days": 30,
  "events_by_domain": {
    "consumption": 2682,
    "culture": 195,
    "education": 498,
    "energy": 3633,
    "finance": 4,
    "food": 3600,
    "governance": 40,
    "health": 1619,
    "infrastructure": 462,
    "labor": 3132,
    "media": 2510,
    "space": 1069,
    "transport": 32,
    "water": 3671
  },
  "gross_delta_by_domain": {
    "consumption": 1805.7412459192285,
    "culture": 1061.614139880186,
    "education": 969.3954862509829,
    "energy": 20543.08328490114,
    "finance": -19.940956395454876,
    "food": -16091.165029559683,
    "governance": 422.11539779115645,
    "health": 16888.409608040693,
    "infrastructure": 76.6432845709276,
    "labor": 28797.978060149635,
    "media": 17328.990390682287,
    "space": 13983.532708348926,
    "transport": 454.85153866523916,
    "water": 39419.89261544199
  },
  "last_metrics": {
    "appeals_granted_total": 134,
    "avg_health": 0.675833966021337,
    "avg_reputation": 0.6489698922846923,
    "avg_stress": 0.6115800427723631,
    "avg_trust": 0.7182357376970547,
    "basic_price_index": 523.4632545301839,
    "broad_money": 8893375.529262206,
    "created_today": 3509.6541494909065,
    "day": 30,
    "destroyed_today": 1644.753006491974,
    "energy_stock_ratio": 0.0,
    "events_disputed_total": 243,
    "events_today": 807,
    "food_stock_ratio": 0.0,
    "gini_positive_money": 0.14566943153578915,
    "lambda_food": 9.623605086662906,
    "lambda_media": 8.982344004566027,
    "lambda_space": 10.800199338823433,
    "liability_today": 0.0,
    "media_manipulation_index": 0.20660092586417902,
    "media_truth_index": 0.4719527425784914,
    "net_money": 8893375.529262206,
    "orbit_debris_risk": 0.02409427144681138,
    "oxygen_stock_ratio": 1.3705382110352928,
    "price_index": 314.45177740878444,
    "spares_stock_ratio": 0.2295377750493935,
    "station_safety": 0.7658226845393898,
    "total_liability": 0,
    "tx_volume_today": 2823.1671358460926,
    "unemployment": 0.06666666666666667,
    "water_stock_ratio": 0.0
  },
  "persons_requested": 120,
  "runtime_seconds": 0.9948627948760986,
  "scenario": "media_crisis",
  "seed": 42,
  "top_balances": [
    {
      "kind": "market",
      "location": "Earth",
      "money": 1813543.308650595,
      "name": "Aggregierter Markt Earth"
    },
    {
      "kind": "market",
      "location": "Moon",
      "money": 1811717.782205124,
      "name": "Aggregierter Markt Moon"
    },
    {
      "kind": "market",
      "location": "Station",
      "money": 1807572.5065075113,
      "name": "Aggregierter Markt Station"
    },
    {
      "kind": "market",
      "location": "Orbit",
      "money": 1806583.5573278153,
      "name": "Aggregierter Markt Orbit"
    },
    {
      "kind": "public",
      "location": "Earth",
      "money": 470109.0378997466,
      "name": "ZEMO Public Council / Öffentlicher Fonds"
    },
    {
      "kind": "firm",
      "location": "Earth",
      "money": 288133.06259097735,
      "name": "Delta Clearing Bank"
    },
    {
      "kind": "firm",
      "location": "Earth",
      "money": 250936.89959550562,
      "name": "Mutual Risk & Life-Support Insurance"
    },
    {
      "kind": "infrastructure",
      "location": "Moon",
      "money": 76096.31226732352,
      "name": "Lunar Habitat Ring"
    },
    {
      "kind": "infrastructure",
      "location": "Earth",
      "money": 75000,
      "name": "Earth Grid Backbone"
    },
    {
      "kind": "infrastructure",
      "location": "Orbit",
      "money": 75000,
      "name": "LEO Satellite Net"
    },
    {
      "kind": "infrastructure",
      "location": "Station",
      "money": 75000,
      "name": "Orbital Research Station"
    },
    {
      "kind": "firm",
      "location": "Earth",
      "money": 11526.641838060525,
      "name": "Earth Energie Cooperative"
    },
    {
      "kind": "firm",
      "location": "Earth",
      "money": 11059.442754777572,
      "name": "Earth Wasser Cooperative"
    },
    {
      "kind": "media",
      "location": "Earth",
      "money": 10211.656242079329,
      "name": "DeepContext Review"
    },
    {
      "kind": "firm",
      "location": "Station",
      "money": 10048.708816626573,
      "name": "Station Gesundheit Cooperative"
    }
  ],
  "version": "1.3.0",
  "zemo": {
    "appeals_granted": 134,
    "created_total": 153753.46471894064,
    "destroyed_total": 27521.34495250898,
    "events_disputed": 243,
    "lambdas": {
      "consumption": 5.517959776287984,
      "culture": 4.923717954226204,
      "education": 7.385576931339304,
      "energy": 9.190130547786854,
      "environment": 7.640251997937206,
      "finance": 6.62155173154558,
      "food": 9.626382502512708,
      "governance": 6.961118487009457,
      "health": 8.319385508864961,
      "infrastructure": 7.810035375669148,
      "labor": 7.215793553607362,
      "media": 8.913627330926747,
      "space": 10.717575719328584,
      "transport": 6.791335109277519,
      "water": 9.999465092798964
    },
    "liability_created_total": 0.0,
    "tax_rate": 0.14,
    "transaction_tax": 0.006
  }
}