{
  "counts": {
    "actors": 353,
    "events": 269868,
    "firms": 37,
    "media_outlets": 7,
    "persons_active": 185,
    "transactions": 132124
  },
  "days": 180,
  "events_by_domain": {
    "consumption": 17008,
    "culture": 2333,
    "education": 3441,
    "energy": 46344,
    "finance": 1056,
    "food": 46205,
    "governance": 240,
    "health": 28923,
    "infrastructure": 810,
    "labor": 29207,
    "media": 35911,
    "space": 11995,
    "transport": 105,
    "water": 46290
  },
  "gross_delta_by_domain": {
    "consumption": -2857.0926812599746,
    "culture": 7235.2019549840115,
    "education": 4778.8446785981205,
    "energy": 96028.97824960304,
    "finance": -2505.4126707539385,
    "food": -362792.0145736009,
    "governance": 1282.8061208471431,
    "health": 78766.83049206153,
    "infrastructure": 133.7683101436014,
    "labor": 114431.57598907544,
    "media": 134410.95476171546,
    "space": 125908.0718863713,
    "transport": 1157.365448275723,
    "water": 193817.09849141454
  },
  "last_metrics": {
    "appeals_granted_total": 1713,
    "avg_health": 0.023389790305567322,
    "avg_reputation": 0.6444350530782424,
    "avg_stress": 0.9994296140338924,
    "avg_trust": 1.0,
    "basic_price_index": 628.6522500496428,
    "broad_money": 9277053.7621769,
    "created_today": 1114.1077564016773,
    "day": 180,
    "destroyed_today": 1199.9465011292718,
    "energy_stock_ratio": 0.0,
    "events_disputed_total": 3010,
    "events_today": 1104,
    "food_stock_ratio": 0.0,
    "gini_positive_money": 0.3056583302190854,
    "lambda_food": 5.027341992867083,
    "lambda_media": 1.4200724563004512,
    "lambda_space": 8.558844665717483,
    "liability_today": 25.581602883027365,
    "media_manipulation_index": 0.17694618245047747,
    "media_truth_index": 0.8060381723146075,
    "net_money": 9274105.80488217,
    "orbit_debris_risk": 0.0,
    "oxygen_stock_ratio": 0.2555185736040551,
    "price_index": 547.0220347842641,
    "spares_stock_ratio": 0.0,
    "station_safety": 0.579460923974392,
    "total_liability": 2947.957294728757,
    "tx_volume_today": 4059.814855014765,
    "unemployment": 0.10810810810810811,
    "water_stock_ratio": 0.0
  },
  "persons_requested": 300,
  "runtime_seconds": 9.359318494796753,
  "scenario": "baseline",
  "seed": 42,
  "top_balances": [
    {
      "kind": "market",
      "location": "Earth",
      "money": 1866265.9729181617,
      "name": "Aggregierter Markt Earth"
    },
    {
      "kind": "market",
      "location": "Moon",
      "money": 1851151.016254419,
      "name": "Aggregierter Markt Moon"
    },
    {
      "kind": "market",
      "location": "Orbit",
      "money": 1819627.6500580427,
      "name": "Aggregierter Markt Orbit"
    },
    {
      "kind": "market",
      "location": "Station",
      "money": 1818671.2278878621,
      "name": "Aggregierter Markt Station"
    },
    {
      "kind": "public",
      "location": "Earth",
      "money": 551094.6649522199,
      "name": "ZEMO Public Council / Öffentlicher Fonds"
    },
    {
      "kind": "firm",
      "location": "Earth",
      "money": 261444.16205980882,
      "name": "Mutual Risk & Life-Support Insurance"
    },
    {
      "kind": "firm",
      "location": "Earth",
      "money": 216024.3966641022,
      "name": "Delta Clearing Bank"
    },
    {
      "kind": "infrastructure",
      "location": "Earth",
      "money": 76527.40760440884,
      "name": "Earth Grid Backbone"
    },
    {
      "kind": "infrastructure",
      "location": "Moon",
      "money": 75000,
      "name": "Lunar Habitat Ring"
    },
    {
      "kind": "infrastructure",
      "location": "Orbit",
      "money": 75000,
      "name": "LEO Satellite Net"
    },
    {
      "kind": "infrastructure",
      "location": "Station",
      "money": 75000,
      "name": "Orbital Research Station"
    },
    {
      "kind": "firm",
      "location": "Moon",
      "money": 11554.364770592703,
      "name": "Moon Energie Cooperative"
    },
    {
      "kind": "firm",
      "location": "Orbit",
      "money": 11420.857279966272,
      "name": "Orbit Medien Cooperative"
    },
    {
      "kind": "firm",
      "location": "Earth",
      "money": 10856.090329652274,
      "name": "Earth Energie Cooperative"
    },
    {
      "kind": "firm",
      "location": "Station",
      "money": 9156.84301293815,
      "name": "Station Raumfahrt Cooperative"
    }
  ],
  "version": "1.1.0",
  "zemo": {
    "appeals_granted": 1713,
    "created_total": 816466.1773439473,
    "destroyed_total": 408940.71127507655,
    "events_disputed": 3010,
    "lambdas": {
      "consumption": 0.8685433632725226,
      "culture": 0.7750079241508662,
      "education": 1.1625118862262993,
      "energy": 4.704282659254586,
      "environment": 1.2025985029927238,
      "finance": 1.0422520359270275,
      "food": 5.006750000064299,
      "governance": 1.095700858282258,
      "health": 1.3094961477031866,
      "infrastructure": 1.2293229141703401,
      "labor": 1.1357874750486827,
      "media": 1.4030315868248457,
      "space": 8.540699915026162,
      "transport": 1.0689764471046432,
      "water": 6.199236125117275
    },
    "liability_created_total": 2947.9572947287397,
    "tax_rate": 0.14,
    "transaction_tax": 0.006
  }
}