month,planet_gdp,truth_score,truth_positive,truth_debt,naturality_gap,sheaf_gap,economic_morphisms,truth_morphisms,network_queue_depth,events
1,174760778101.41473,5402.611364847961,5402.611364847961,-0.0,25.518583531065474,0.0,14,23,7,0
2,175236937073.0618,6263.39091083035,6288.3461060442305,24.955195213880728,23.390450879910034,0.0,33,71,4,0
3,175884203549.27264,6846.3585694432595,6944.713914776103,98.35534533284287,23.205465897474333,0.0,45,129,6,0
