{
  "counts": {
    "actors": 167,
    "events": 23147,
    "firms": 31,
    "media_outlets": 7,
    "persons_active": 120,
    "transactions": 20363
  },
  "days": 30,
  "events_by_domain": {
    "consumption": 2686,
    "culture": 193,
    "education": 489,
    "energy": 3633,
    "finance": 4,
    "food": 3600,
    "governance": 40,
    "health": 1624,
    "infrastructure": 462,
    "labor": 3131,
    "media": 2512,
    "space": 1070,
    "transport": 32,
    "water": 3671
  },
  "gross_delta_by_domain": {
    "consumption": 1818.3099009814136,
    "culture": 1049.032560006625,
    "education": 952.2321649768105,
    "energy": 20542.51398790084,
    "finance": -19.94110666230962,
    "food": -16100.181168388503,
    "governance": 424.57127855572776,
    "health": 16878.705906745392,
    "infrastructure": 76.64226300792573,
    "labor": 28778.39187861618,
    "media": 17988.462269047835,
    "space": 14057.362124732526,
    "transport": 506.1558126179168,
    "water": 39418.40757580248
  },
  "last_metrics": {
    "appeals_granted_total": 133,
    "avg_health": 0.6747735503650318,
    "avg_reputation": 0.6494816079399112,
    "avg_stress": 0.6079087764249658,
    "avg_trust": 0.7254258393590499,
    "basic_price_index": 523.5043921575212,
    "broad_money": 8894074.105523199,
    "created_today": 3973.571144008864,
    "day": 30,
    "destroyed_today": 1489.987313754659,
    "energy_stock_ratio": 0.0,
    "events_disputed_total": 239,
    "events_today": 817,
    "food_stock_ratio": 0.0,
    "gini_positive_money": 0.1455310009396824,
    "lambda_food": 9.623818447115603,
    "lambda_media": 8.98254314791884,
    "lambda_space": 10.800438784997656,
    "liability_today": 0.0,
    "media_manipulation_index": 0.07243938688110994,
    "media_truth_index": 0.8867526197386035,
    "net_money": 8894074.105523199,
    "orbit_debris_risk": 0.02364001750524341,
    "oxygen_stock_ratio": 1.370653417840586,
    "price_index": 314.71749274161834,
    "spares_stock_ratio": 0.22832046004327486,
    "station_safety": 0.7714924987352169,
    "total_liability": 0,
    "tx_volume_today": 3068.267819192962,
    "unemployment": 0.06666666666666667,
    "water_stock_ratio": 0.0
  },
  "persons_requested": 120,
  "runtime_seconds": 1.0305027961730957,
  "scenario": "media_crisis",
  "seed": 42,
  "top_balances": [
    {
      "kind": "market",
      "location": "Earth",
      "money": 1813579.4711445058,
      "name": "Aggregierter Markt Earth"
    },
    {
      "kind": "market",
      "location": "Moon",
      "money": 1811817.3270237974,
      "name": "Aggregierter Markt Moon"
    },
    {
      "kind": "market",
      "location": "Station",
      "money": 1807584.070620326,
      "name": "Aggregierter Markt Station"
    },
    {
      "kind": "market",
      "location": "Orbit",
      "money": 1806589.0168573458,
      "name": "Aggregierter Markt Orbit"
    },
    {
      "kind": "public",
      "location": "Earth",
      "money": 469974.72587234713,
      "name": "ZEMO Public Council / Öffentlicher Fonds"
    },
    {
      "kind": "firm",
      "location": "Earth",
      "money": 288133.06259097735,
      "name": "Delta Clearing Bank"
    },
    {
      "kind": "firm",
      "location": "Earth",
      "money": 250936.8964524973,
      "name": "Mutual Risk & Life-Support Insurance"
    },
    {
      "kind": "infrastructure",
      "location": "Moon",
      "money": 76096.31226732352,
      "name": "Lunar Habitat Ring"
    },
    {
      "kind": "infrastructure",
      "location": "Earth",
      "money": 75000,
      "name": "Earth Grid Backbone"
    },
    {
      "kind": "infrastructure",
      "location": "Orbit",
      "money": 75000,
      "name": "LEO Satellite Net"
    },
    {
      "kind": "infrastructure",
      "location": "Station",
      "money": 75000,
      "name": "Orbital Research Station"
    },
    {
      "kind": "firm",
      "location": "Earth",
      "money": 11538.628031812234,
      "name": "Earth Energie Cooperative"
    },
    {
      "kind": "firm",
      "location": "Earth",
      "money": 11052.87220029061,
      "name": "Earth Wasser Cooperative"
    },
    {
      "kind": "media",
      "location": "Earth",
      "money": 10217.632370076815,
      "name": "DeepContext Review"
    },
    {
      "kind": "firm",
      "location": "Station",
      "money": 10048.7087151275,
      "name": "Station Gesundheit Cooperative"
    }
  ],
  "version": "1.2.0",
  "zemo": {
    "appeals_granted": 133,
    "created_total": 154309.93348725926,
    "destroyed_total": 27379.237459833417,
    "events_disputed": 239,
    "lambdas": {
      "consumption": 5.518027558546416,
      "culture": 4.923778436856804,
      "education": 7.385667655285208,
      "energy": 9.190243438751832,
      "environment": 7.640345850295039,
      "finance": 6.621633070255701,
      "food": 9.626500752368267,
      "governance": 6.961203996935481,
      "health": 8.3194877036546,
      "infrastructure": 7.81013131363493,
      "labor": 7.215882191945315,
      "media": 8.91373682534421,
      "space": 10.717707373330542,
      "transport": 6.79141853359559,
      "water": 9.999587925576762
    },
    "liability_created_total": 0.0,
    "tax_rate": 0.14,
    "transaction_tax": 0.006
  }
}