{
  "baseline": {
    "angle_currency_name": "ARETE",
    "avg_angle_fiat_volume": 0.7164990266873152,
    "avg_angle_trade_volume": 0.7747223783849826,
    "avg_inflation": 0.06078790779762277,
    "avg_truth_fiat_volume": 0.5623160625388484,
    "avg_truth_trade_volume": 0.4142522853622914,
    "avg_unemployment": 0.015503875968992248,
    "banks_failed_total": 0,
    "compound_shocks": "",
    "events_recent": [
      "t=0000: 3 correctness-model trades improved the LOGOS market.",
      "t=0002: 3 correctness-model trades improved the LOGOS market.",
      "t=0002: Firm 26 (Manufacturing/South) bankrupt: cash/leverage stress.",
      "t=0005: 2 angular-correctness model trades moved firms toward the shared 45\u00b0 good.",
      "t=0007: 3 correctness-model trades improved the LOGOS market.",
      "t=0008: 4 correctness-model trades improved the LOGOS market.",
      "t=0008: Firm 13 (Manufacturing/North) bankrupt: cash/leverage stress.",
      "t=0009: Firm 2 (Food/West) bankrupt: cash/leverage stress.",
      "t=0009: Firm 11 (Manufacturing/Capital) bankrupt: cash/leverage stress.",
      "t=0011: Firm 29 (GovernmentSupply/South) bankrupt: cash/leverage stress."
    ],
    "final_angle_bank_mean": 4.787727807880383,
    "final_angle_firm_mean": 4.4805070610704565,
    "final_angle_government_balance": 9.95286242567792,
    "final_angle_household_mean": 4.833462803467142,
    "final_angle_market_alignment": 0.8414269441650087,
    "final_angle_mean_actor_goodness": 0.8298849669137734,
    "final_angle_model_competition": 0.14288344059628774,
    "final_angle_moral_arbitrage_volume": 0.7478295386651992,
    "final_angle_polarization_index": 0.158573055834983,
    "final_angle_popularity_index": 0.4071601348859251,
    "final_angle_price": 1.0988559279627395,
    "final_angle_total_events": 61559.0,
    "final_bank_capital_ratio": 0.1022196999515143,
    "final_emissions": 8.089426277547332,
    "final_energy_price": 0.9792654483200264,
    "final_financial_stress": 0.2572161692735968,
    "final_gdp": 149.75783744838483,
    "final_gov_debt_to_annual_gdp": 0.0,
    "final_housing_affordability": 0.7887459858022864,
    "final_income_gini": 0.3782598831428352,
    "final_inflation": 0.10128218815977759,
    "final_npl_ratio": 0.02135854606238899,
    "final_platform_concentration": 1.0,
    "final_renewable_share": 0.2195715843890025,
    "final_truth_adjusted_welfare": 1.1982911638184408,
    "final_truth_angle_adjusted_welfare": 1.577630075354514,
    "final_truth_audit_pressure": 0.0,
    "final_truth_bank_mean": 8.083188,
    "final_truth_correctness_index": 1.0,
    "final_truth_cross_resource_throttle": 1.0,
    "final_truth_firm_mean": -2.3867042499999997,
    "final_truth_government_balance": 64.564082,
    "final_truth_household_mean": -19.65619198888889,
    "final_truth_model_competition": 0.8003720665802343,
    "final_truth_planetary_stress": 0.0,
    "final_truth_predicates_created_step": 2262.0,
    "final_truth_predicates_total": 26605.0,
    "final_truth_price": 50.0,
    "final_truth_verifications_total": 180.0,
    "final_unemployment": 0.03488372093023256,
    "final_wealth_gini": 0.7805659005719496,
    "final_welfare_index": 0.6682539571604174,
    "firms_final_alive": 36,
    "firms_initial": 30,
    "gdp_change": -0.5882495352152436,
    "population": 90,
    "scenario": "baseline",
    "seed": 88,
    "steps": 12,
    "truth_currency_name": "LOGOS"
  },
  "climate_transition": {
    "angle_currency_name": "ARETE",
    "avg_angle_fiat_volume": 0.9871592145112159,
    "avg_angle_trade_volume": 0.8529821519024908,
    "avg_inflation": 0.17220852257264033,
    "avg_truth_fiat_volume": 0.28193857965016494,
    "avg_truth_trade_volume": 0.25632930799019343,
    "avg_unemployment": 0.07073643410852713,
    "banks_failed_total": 0,
    "compound_shocks": "",
    "events_recent": [
      "t=0003: Firm 10 (Exportables/South) bankrupt: cash/leverage stress.",
      "t=0003: Firm 22 (Retail/Capital) bankrupt: cash/leverage stress.",
      "t=0003: Firm 24 (Construction/East) bankrupt: cash/leverage stress.",
      "t=0004: Truth-resource regime throttled all quotas to 0.050; violated: carbon_budget, water, materials, land.",
      "t=0004: Firm 25 (Retail/North) bankrupt: cash/leverage stress.",
      "t=0005: Truth-resource regime throttled all quotas to 0.050; violated: carbon_budget, water, materials, land.",
      "t=0005: Firm 21 (DigitalPlatform/Capital) bankrupt: cash/leverage stress.",
      "t=0006: Truth-resource regime throttled all quotas to 0.050; violated: carbon_budget, water, materials, land.",
      "t=0006: 3 correctness-model trades improved the LOGOS market.",
      "t=0007: Truth-resource regime throttled all quotas to 0.050; violated: carbon_budget, water, materials, land.",
      "t=0008: Truth-resource regime throttled all quotas to 0.050; violated: carbon_budget, water, materials, land.",
      "t=0009: Truth-resource regime throttled all quotas to 0.050; violated: carbon_budget, water, materials, land.",
      "t=0009: 3 correctness-model trades improved the LOGOS market.",
      "t=0009: Firm 5 (Energy/South) bankrupt: cash/leverage stress.",
      "t=0009: Firm 9 (Energy/South) bankrupt: cash/leverage stress.",
      "t=0009: Firm 16 (Transport/South) bankrupt: cash/leverage stress.",
      "t=0010: Truth-resource regime throttled all quotas to 0.050; violated: carbon_budget, water, materials, land.",
      "t=0010: Firm 28 (HousingServices/West) bankrupt: cash/leverage stress.",
      "t=0011: Truth-resource regime throttled all quotas to 0.050; violated: carbon_budget, water, materials, land.",
      "t=0011: 2 angular-correctness model trades moved firms toward the shared 45\u00b0 good."
    ],
    "final_angle_bank_mean": 5.5882329543701985,
    "final_angle_firm_mean": 4.404097807984126,
    "final_angle_government_balance": 10.667294727213465,
    "final_angle_household_mean": 4.8203841973232615,
    "final_angle_market_alignment": 0.8378246510796545,
    "final_angle_mean_actor_goodness": 0.8193193890991973,
    "final_angle_model_competition": 0.1371986323698312,
    "final_angle_moral_arbitrage_volume": 0.909388907961813,
    "final_angle_polarization_index": 0.1621753489203414,
    "final_angle_popularity_index": 0.4143816425054437,
    "final_angle_price": 1.7066590052594062,
    "final_angle_total_events": 60060.0,
    "final_bank_capital_ratio": 0.05094661296682094,
    "final_emissions": 1.8822911869738335,
    "final_energy_price": 1.0500191481107062,
    "final_financial_stress": 0.6317875071302489,
    "final_gdp": 191.99639514611147,
    "final_gov_debt_to_annual_gdp": 0.0,
    "final_housing_affordability": 0.7303252472746604,
    "final_income_gini": 0.33036816466374175,
    "final_inflation": -0.1613789212551669,
    "final_npl_ratio": 0.06608418278228569,
    "final_platform_concentration": 0.3334552650835965,
    "final_renewable_share": 0.2221409041930263,
    "final_truth_adjusted_welfare": 0.40368433994246694,
    "final_truth_angle_adjusted_welfare": 0.7792770389551402,
    "final_truth_audit_pressure": 1.0,
    "final_truth_bank_mean": 10.130243,
    "final_truth_correctness_index": 0.208876,
    "final_truth_cross_resource_throttle": 0.05,
    "final_truth_firm_mean": -2.905510709677419,
    "final_truth_government_balance": 42.20986,
    "final_truth_household_mean": -19.60706411111111,
    "final_truth_model_competition": 0.8020669282004343,
    "final_truth_planetary_stress": 1.4086239999999999,
    "final_truth_predicates_created_step": 2102.0,
    "final_truth_predicates_total": 25944.0,
    "final_truth_price": 50.0,
    "final_truth_verifications_total": 180.0,
    "final_unemployment": 0.06976744186046512,
    "final_wealth_gini": 0.7547379833160757,
    "final_welfare_index": 0.7225018471224234,
    "firms_final_alive": 31,
    "firms_initial": 30,
    "gdp_change": -0.4405858843763356,
    "population": 90,
    "scenario": "climate_transition",
    "seed": 2106,