{
  "angle_currency_name": "ARETE",
  "avg_angle_fiat_volume": 0.9170710486062832,
  "avg_angle_trade_volume": 0.9713581097145284,
  "avg_inflation": 0.06944371995267656,
  "avg_truth_fiat_volume": 0.7730182520148625,
  "avg_truth_trade_volume": 0.6189193792970218,
  "avg_unemployment": 0.03982300884955752,
  "banks_failed_total": 0,
  "compound_shocks": "",
  "events_recent": [
    "t=0000: 3 angular-correctness model trades moved firms toward the shared 45\u00b0 good.",
    "t=0000: Firm 1 (Exportables/Rural) bankrupt: cash/leverage stress.",
    "t=0001: Firm 30 (ProfessionalServices/West) bankrupt: cash/leverage stress.",
    "t=0003: 4 correctness-model trades improved the LOGOS market.",
    "t=0004: Firm 9 (Exportables/West) bankrupt: cash/leverage stress.",
    "t=0005: Firm 12 (DigitalPlatform/West) bankrupt: cash/leverage stress.",
    "t=0005: Firm 27 (Exportables/West) bankrupt: cash/leverage stress.",
    "t=0006: Firm 22 (Finance/West) bankrupt: cash/leverage stress.",
    "t=0007: Firm 18 (Transport/Capital) bankrupt: cash/leverage stress.",
    "t=0007: Firm 29 (ProfessionalServices/West) bankrupt: cash/leverage stress."
  ],
  "final_angle_bank_mean": 4.438643521446605,
  "final_angle_firm_mean": 4.210176371672085,
  "final_angle_government_balance": 8.113344433096398,
  "final_angle_household_mean": 4.4892761021834,
  "final_angle_market_alignment": 0.8222960157030152,
  "final_angle_mean_actor_goodness": 0.8346745277620474,
  "final_angle_model_competition": 0.10958387234350159,
  "final_angle_moral_arbitrage_volume": 1.6361919715701616,
  "final_angle_polarization_index": 0.1777039842969764,
  "final_angle_popularity_index": 0.4486413843909409,
  "final_angle_price": 1.0883396777118108,
  "final_angle_total_events": 52878.0,
  "final_bank_capital_ratio": 0.09368017935579422,
  "final_emissions": 18.217898871877736,
  "final_energy_price": 0.9523659625658834,
  "final_financial_stress": 0.3196151831869211,
  "final_gdp": 260.0018115072794,
  "final_gov_debt_to_annual_gdp": 0.0,
  "final_housing_affordability": 0.6758382041544748,
  "final_income_gini": 0.34353418896657995,
  "final_inflation": 0.07763251570255512,
  "final_npl_ratio": 0.02724312708808173,
  "final_platform_concentration": 0.8729649828742934,
  "final_renewable_share": 0.21929747676446848,
  "final_truth_adjusted_welfare": 1.3196001842729759,
  "final_truth_angle_adjusted_welfare": 1.6881789728590941,
  "final_truth_audit_pressure": 0.0,
  "final_truth_bank_mean": 6.315226,
  "final_truth_correctness_index": 1.0,
  "final_truth_cross_resource_throttle": 1.0,
  "final_truth_firm_mean": -0.31760929729729726,
  "final_truth_government_balance": 53.822736,
  "final_truth_household_mean": -12.391622308333332,
  "final_truth_model_competition": 0.7773975940674568,
  "final_truth_planetary_stress": 0.0,
  "final_truth_predicates_created_step": 2766.0,
  "final_truth_predicates_total": 22802.0,
  "final_truth_price": 11.543199100218729,
  "final_truth_verifications_total": 128.0,
  "final_unemployment": 0.061946902654867256,
  "final_wealth_gini": 0.7069275079528983,
  "final_welfare_index": 0.7918604248662302,
  "firms_final_alive": 37,
  "firms_initial": 36,
  "gdp_change": -0.4426057183513586,
  "population": 120,
  "scenario": "baseline",
  "seed": 42,
  "steps": 8,
  "truth_currency_name": "LOGOS"
}