id,name,currency,population,gdp,inflation,unemployment,stability,public_debt,wk_score,truth_gap,archetype
country_f49e6c5ef5,Aurelia Republic,AUR,2137128,150242165258.48218,0.03801202273562311,0.09672180327928474,0.47439377766133345,196013809174.73123,533.2070840842377,0.0010486640059998186,industrial
country_9750496e69,Borealis League,BOL,3100740,496426308397.6031,0.01761830668649443,0.18774070449321617,0.6541617375751845,411429058084.25275,567.3384887149771,0.0,agrarian
country_a396849e57,Cyrenia State,CYS,29319913,1292443205399.975,0.05913180325675237,0.16612143823091174,0.7460956335703954,1663238638956.4744,609.849231634569,0.0010471004942706804,industrial
country_34b292bc9b,Demeria Commonwealth,DEC,7544722,2280151065949.5947,0.020655630880242838,0.06055395497109753,0.6073703540460291,2816692980644.242,640.8097639645265,0.0,agrarian
country_a77f3fec01,Elyria State,ELS,12983884,4169129064204.453,0.07400613099651907,0.11148521033220007,0.6613702217445245,5500147186718.12,688.5241671800854,0.0008261477001825052,industrial
country_68a7a6bede,Falken State,FAS,12254485,1859591092732.0903,0.03233686600622901,0.11505184931309012,0.5990032552879917,2464301887017.018,623.2826837657161,0.0009891414431611304,industrial
