{
  "month": 6,
  "world_gdp": 10247982901942.2,
  "truth_price": 1038075.5734569558,
  "avg_inflation": 0.04029346009364347,
  "avg_unemployment": 0.12294582676996674,
  "avg_stability": 0.6237324966475765,
  "global_wk_score": 6017.106845596755,
  "global_positive_wk": 6027.748027711304,
  "global_negative_wk": 10.641182114548458,
  "global_truth_gap": 0.001762255089027888,
  "transactions": 65,
  "events": 37
}