{
  "counts": {
    "actors": 353,
    "events": 270397,
    "firms": 37,
    "media_outlets": 7,
    "persons_active": 182,
    "transactions": 132091
  },
  "days": 180,
  "events_by_domain": {
    "consumption": 17175,
    "culture": 2310,
    "education": 3432,
    "energy": 46313,
    "finance": 1269,
    "food": 46171,
    "governance": 240,
    "health": 29053,
    "infrastructure": 1096,
    "labor": 29181,
    "media": 35886,
    "space": 11906,
    "transport": 107,
    "water": 46258
  },
  "gross_delta_by_domain": {
    "consumption": -3237.771878960561,
    "culture": 7280.818405068597,
    "education": 4822.476893792896,
    "energy": 96270.65976746593,
    "finance": -3038.517169576194,
    "food": -362817.29190994793,
    "governance": 1287.4355198421963,
    "health": 79258.14711669454,
    "infrastructure": 77.86077323823415,
    "labor": 114698.91863855942,
    "media": 134696.4119485927,
    "space": 121554.25872430521,
    "transport": 1064.2110383416587,
    "water": 193396.41059392568
  },
  "last_metrics": {
    "appeals_granted_total": 1759,
    "avg_health": 0.0234969826573888,
    "avg_reputation": 0.6443638114805839,
    "avg_stress": 0.9992981673455293,
    "avg_trust": 0.9999772283560576,
    "basic_price_index": 628.6444470146492,
    "broad_money": 9273431.877690876,
    "created_today": 1161.3559683094086,
    "day": 180,
    "destroyed_today": 1130.071788743858,
    "energy_stock_ratio": 0.0,
    "events_disputed_total": 3156,
    "events_today": 1114,
    "food_stock_ratio": 0.0,
    "gini_positive_money": 0.31613166323689135,
    "lambda_food": 5.027278822153897,
    "lambda_media": 1.4200546124796039,
    "lambda_space": 10.035792374609674,
    "liability_today": 20.58224557495876,
    "media_manipulation_index": 0.1347944392899033,
    "media_truth_index": 0.8690072013821957,
    "net_money": 9270057.128714368,
    "orbit_debris_risk": 0.005861616405086,
    "oxygen_stock_ratio": 0.2555185736040551,
    "price_index": 547.3044025289956,
    "spares_stock_ratio": 0.0,
    "station_safety": 0.6068039103215221,
    "total_liability": 3374.748976507407,
    "tx_volume_today": 3124.144852644441,
    "unemployment": 0.09340659340659341,
    "water_stock_ratio": 0.0
  },
  "persons_requested": 300,
  "runtime_seconds": 11.60825228691101,
  "scenario": "baseline",
  "seed": 42,
  "top_balances": [
    {
      "kind": "market",
      "location": "Earth",
      "money": 1866312.2348421812,
      "name": "Aggregierter Markt Earth"
    },
    {
      "kind": "market",
      "location": "Moon",
      "money": 1850418.625587391,
      "name": "Aggregierter Markt Moon"
    },
    {
      "kind": "market",
      "location": "Orbit",
      "money": 1819578.9586614126,
      "name": "Aggregierter Markt Orbit"
    },
    {
      "kind": "market",
      "location": "Station",
      "money": 1818586.4458675324,
      "name": "Aggregierter Markt Station"
    },
    {
      "kind": "public",
      "location": "Earth",
      "money": 551021.6693917284,
      "name": "ZEMO Public Council / Öffentlicher Fonds"
    },
    {
      "kind": "firm",
      "location": "Earth",
      "money": 259764.81319097948,
      "name": "Mutual Risk & Life-Support Insurance"
    },
    {
      "kind": "firm",
      "location": "Earth",
      "money": 205766.76761432237,
      "name": "Delta Clearing Bank"
    },
    {
      "kind": "infrastructure",
      "location": "Moon",
      "money": 78213.04251852405,
      "name": "Lunar Habitat Ring"
    },
    {
      "kind": "infrastructure",
      "location": "Earth",
      "money": 75000,
      "name": "Earth Grid Backbone"
    },
    {
      "kind": "infrastructure",
      "location": "Orbit",
      "money": 75000,
      "name": "LEO Satellite Net"
    },
    {
      "kind": "infrastructure",
      "location": "Station",
      "money": 75000,
      "name": "Orbital Research Station"
    },
    {
      "kind": "firm",
      "location": "Earth",
      "money": 10808.932501355815,
      "name": "Earth Energie Cooperative"
    },
    {
      "kind": "firm",
      "location": "Moon",
      "money": 10802.167504523382,
      "name": "Moon Energie Cooperative"
    },
    {
      "kind": "firm",
      "location": "Station",
      "money": 10717.129797386759,
      "name": "Station Raumfahrt Cooperative"
    },
    {
      "kind": "firm",
      "location": "Orbit",
      "money": 10279.991603279303,
      "name": "Orbit Medien Cooperative"
    }
  ],
  "version": "1.3.0",
  "zemo": {
    "appeals_granted": 1759,
    "created_total": 813394.4832278116,
    "destroyed_total": 409490.90164499666,
    "events_disputed": 3156,
    "lambdas": {
      "consumption": 0.8685324496518098,
      "culture": 0.7749981858431536,
      "education": 1.1624972787647303,
      "energy": 4.70422354792079,
      "environment": 1.202583391825582,
      "finance": 1.0422389395821723,
      "food": 5.006687088098354,
      "governance": 1.0956870903299767,
      "health": 1.3094796933211916,
      "infrastructure": 1.2293074671994866,
      "labor": 1.1357732033908288,
      "media": 1.4030139571298486,
      "space": 10.014516494775501,
      "transport": 1.068963014956074,
      "water": 6.199158229050556
    },
    "liability_created_total": 3374.7489765074065,
    "tax_rate": 0.14,
    "transaction_tax": 0.006
  }
}