intent,count,avg_money,avg_reputation,avg_stake,avg_valid_contribution,avg_harmful_contribution,redline_violations
harmful,15,41.304871198742845,6.615253340730211,59.27231606060355,0.0,1030.0102188975166,0
neutral,26,484.0323423261744,67.1991656235866,53.980662484103725,0.0,31.120450215900593,0
noble,19,456.54030444810496,71.8015585012224,38.17758728439327,0.0,0.0,0
