intent,count,avg_money,avg_reputation,avg_stake,avg_valid_contribution,avg_harmful_contribution,redline_violations
harmful,15,4.02071127965647,1.753505320899196,0.0,5.69301063040716,0.0,1399
neutral,26,73.62846367025627,39.66758578163509,3.685989185921793,89.61536809575051,0.0,139
noble,19,66.86857194772011,63.24122468717586,5.729068866440843,134.99457021857748,0.0,0
