month,planet_gdp,truth_score,truth_positive,truth_debt,naturality_gap,sheaf_gap,economic_morphisms,truth_morphisms,network_queue_depth,events
1,109543749123.08948,5053.421265481172,5088.289990111121,34.86872462994959,19.907323402822755,0.0,11,19,7,0
2,109733156785.54832,5611.160404221617,5755.0268958531115,143.86649163149528,21.662020309296352,0.0,25,58,9,0
3,109815877861.18709,6075.416032011436,6499.015385974278,423.59935396284243,22.49369726821509,0.0,43,113,8,0
4,110359144658.82353,6386.0028202953135,7269.350161628874,883.3473413335608,22.886697727495655,0.0,58,187,6,0
5,109992092166.96182,6566.188494534203,7975.114644096151,1408.9261495619483,22.981036541260217,0.0,73,274,1,1
6,110322379418.24492,6920.79681015594,8802.848079044781,1882.0512688888416,23.155196800252874,0.0,90,374,10,1
