{
  "preset": "tiny",
  "seed": 11,
  "months": 6,
  "agents": 88,
  "countries": 6,
  "planet_gdp": 110322379418.24492,
  "truth_score": 6920.79681015594,
  "truth_positive": 8802.848079044781,
  "truth_debt": 1882.0512688888416,
  "events": 1,
  "economic_morphisms": 90,
  "truth_morphisms": 374,
  "legal_morphisms": 374,
  "security_morphisms": 306,
  "networks": {
    "trade": {
      "nodes": 66,
      "edges": 289,
      "density": 0.13473193473193473,
      "delivered": 81,
      "queue_depth": 6
    },
    "credit": {
      "nodes": 27,
      "edges": 25,
      "density": 0.07122507122507123,
      "delivered": 3,
      "queue_depth": 0
    },
    "governance": {
      "nodes": 28,
      "edges": 30,
      "density": 0.07936507936507936,
      "delivered": 6,
      "queue_depth": 0
    },
    "defense": {
      "nodes": 20,
      "edges": 25,
      "density": 0.13157894736842105,
      "delivered": 6,
      "queue_depth": 0
    },
    "knowledge": {
      "nodes": 76,
      "edges": 232,
      "density": 0.08140350877192983,
      "delivered": 0,
      "queue_depth": 0
    },
    "truth": {
      "nodes": 76,
      "edges": 294,
      "density": 0.1031578947368421,
      "delivered": 68,
      "queue_depth": 4
    }
  },
  "last_sheaf_gap": 0.0,
  "natural_transformations": {
    "η: F⇒L": 23.153212774823402,
    "η: F⇒S": 23.157180825682346
  },
  "universal_properties": {
    "Terminalobjekt": 1.0,
    "Produktobjekt Fiat×WK": 3.2418552996799175,
    "Pullback Vertrag×Lieferung": 1.0,
    "Pushout Konflikt→Resolution": 1.0,
    "Equalizer sozial=epistemisch": 2.5959590404898414
  }
}